match_id,season,team1,team2,venue,toss_winner,toss_decision,team1_win_rate,team2_win_rate,team1_recent_form,team2_recent_form,h2h_team1_win_rate,toss_winner_is_team1,toss_decision_bat,venue_bat_first_win_rate,venue_matches_played,team1_elo,team2_elo,elo_diff,team1_recent_run_rate,team1_recent_pp_run_rate,team1_recent_death_run_rate,team1_recent_economy,team1_recent_death_economy,team1_recent_wickets_lost,team1_recent_wickets_taken,team2_recent_run_rate,team2_recent_pp_run_rate,team2_recent_death_run_rate,team2_recent_economy,team2_recent_death_economy,team2_recent_wickets_lost,team2_recent_wickets_taken,team1_won
335982,2007/08,Royal Challengers Bengaluru,Kolkata Knight Riders,M Chinnaswamy Stadium,Royal Challengers Bengaluru,field,0.5,0.5,0.5,0.5,0.5,1,0,0.5,0,1500.0,1500.0,0.0,8.005457375030781,7.480938833570411,9.398745828698555,7.986917677993196,9.400339558573853,6.0,6.0,8.005457375030781,7.480938833570411,9.398745828698555,7.986917677993196,9.400339558573853,6.0,6.0,0
335983,2007/08,Punjab Kings,Chennai Super Kings,"Punjab Cricket Association Stadium, Mohali",Chennai Super Kings,bat,0.5,0.5,0.5,0.5,0.5,0,1,0.5,0,1500.0,1500.0,0.0,8.005457375030781,7.480938833570411,9.398745828698555,7.986917677993196,9.400339558573853,6.0,6.0,8.005457375030781,7.480938833570411,9.398745828698555,7.986917677993196,9.400339558573853,6.0,6.0,0
335984,2007/08,Delhi Capitals,Rajasthan Royals,Feroz Shah Kotla,Rajasthan Royals,bat,0.5,0.5,0.5,0.5,0.5,0,1,0.5,0,1500.0,1500.0,0.0,8.005457375030781,7.480938833570411,9.398745828698555,7.986917677993196,9.400339558573853,6.0,6.0,8.005457375030781,7.480938833570411,9.398745828698555,7.986917677993196,9.400339558573853,6.0,6.0,1
335985,2007/08,Mumbai Indians,Royal Challengers Bengaluru,Wankhede Stadium,Mumbai Indians,bat,0.5,0.0,0.5,0.0,0.5,1,1,0.5,0,1500.0,1484.0,16.0,8.005457375030781,7.480938833570411,9.398745828698555,7.986917677993196,9.400339558573853,6.0,6.0,8.005457375030781,7.480938833570411,9.398745828698555,7.986917677993196,9.400339558573853,6.0,6.0,0
335986,2007/08,Kolkata Knight Riders,Deccan Chargers,Eden Gardens,Deccan Chargers,bat,1.0,0.5,1.0,0.5,0.5,0,1,0.5,0,1516.0,1500.0,16.0,8.005457375030781,7.480938833570411,9.398745828698555,7.986917677993196,9.400339558573853,6.0,6.0,8.005457375030781,7.480938833570411,9.398745828698555,7.986917677993196,9.400339558573853,6.0,6.0,1
335987,2007/08,Rajasthan Royals,Punjab Kings,Sawai Mansingh Stadium,Punjab Kings,bat,0.0,0.0,0.0,0.0,0.5,0,1,0.5,0,1484.0,1484.0,0.0,8.005457375030781,7.480938833570411,9.398745828698555,7.986917677993196,9.400339558573853,6.0,6.0,8.005457375030781,7.480938833570411,9.398745828698555,7.986917677993196,9.400339558573853,6.0,6.0,1
335988,2007/08,Deccan Chargers,Delhi Capitals,"Rajiv Gandhi International Stadium, Uppal",Deccan Chargers,bat,0.0,1.0,0.0,1.0,0.5,1,1,0.5,0,1484.736306793522,1516.0,-31.26369320647791,8.005457375030781,7.480938833570411,9.398745828698555,7.986917677993196,9.400339558573853,6.0,6.0,8.005457375030781,7.480938833570411,9.398745828698555,7.986917677993196,9.400339558573853,6.0,6.0,0
335989,2007/08,Chennai Super Kings,Mumbai Indians,"MA Chidambaram Stadium, Chepauk",Mumbai Indians,field,1.0,0.0,1.0,0.0,0.5,0,0,0.5,0,1516.0,1483.263693206478,32.73630679352209,8.005457375030781,7.480938833570411,9.398745828698555,7.986917677993196,9.400339558573853,6.0,6.0,8.005457375030781,7.480938833570411,9.398745828698555,7.986917677993196,9.400339558573853,6.0,6.0,1
335990,2007/08,Deccan Chargers,Rajasthan Royals,"Rajiv Gandhi International Stadium, Uppal",Rajasthan Royals,field,0.0,0.5,0.0,0.5,0.5,0,0,0.0,1,1470.1721796717984,1500.0,-29.827820328201597,8.005457375030781,7.480938833570411,9.398745828698555,7.986917677993196,9.400339558573853,6.0,6.0,8.005457375030781,7.480938833570411,9.398745828698555,7.986917677993196,9.400339558573853,6.0,6.0,0
335991,2007/08,Punjab Kings,Mumbai Indians,"Punjab Cricket Association Stadium, Mohali",Mumbai Indians,field,0.0,0.0,0.0,0.0,0.5,0,0,1.0,1,1468.0,1468.766810297684,-0.7668102976840601,8.005457375030781,7.480938833570411,9.398745828698555,7.986917677993196,9.400339558573853,6.0,6.0,8.005457375030781,7.480938833570411,9.398745828698555,7.986917677993196,9.400339558573853,6.0,6.0,1
335992,2007/08,Royal Challengers Bengaluru,Rajasthan Royals,M Chinnaswamy Stadium,Rajasthan Royals,field,0.5,0.6666666666666666,0.5,0.6666666666666666,0.5,0,0,1.0,1,1500.736306793522,1514.6297429318936,-13.893436138371499,8.005457375030781,7.480938833570411,9.398745828698555,7.986917677993196,9.400339558573853,6.0,6.0,8.005457375030781,7.480938833570411,9.398745828698555,7.986917677993196,9.400339558573853,6.0,6.0,0
335993,2007/08,Chennai Super Kings,Kolkata Knight Riders,"MA Chidambaram Stadium, Chepauk",Kolkata Knight Riders,bat,1.0,1.0,1.0,1.0,0.5,0,1,1.0,1,1530.4968829087939,1531.263693206478,-0.7668102976840601,8.005457375030781,7.480938833570411,9.398745828698555,7.986917677993196,9.400339558573853,6.0,6.0,8.005457375030781,7.480938833570411,9.398745828698555,7.986917677993196,9.400339558573853,6.0,6.0,1
335994,2007/08,Mumbai Indians,Deccan Chargers,Dr DY Patil Sports Academy,Deccan Chargers,field,0.0,0.0,0.0,0.0,0.5,0,0,0.5,0,1452.7314974358096,1455.5424367399048,-2.8109393040952,8.005457375030781,7.480938833570411,9.398745828698555,7.986917677993196,9.400339558573853,6.0,6.0,8.005457375030781,7.480938833570411,9.398745828698555,7.986917677993196,9.400339558573853,6.0,6.0,0
335995,2007/08,Punjab Kings,Delhi Capitals,"Punjab Cricket Association Stadium, Mohali",Delhi Capitals,bat,0.3333333333333333,1.0,0.3333333333333333,1.0,0.5,0,1,1.0,2,1484.0353128618744,1530.5641271217237,-46.52881425984924,8.005457375030781,7.480938833570411,9.398745828698555,7.986917677993196,9.400339558573853,6.0,6.0,8.005457375030781,7.480938833570411,9.398745828698555,7.986917677993196,9.400339558573853,6.0,6.0,1
335996,2007/08,Royal Challengers Bengaluru,Chennai Super Kings,M Chinnaswamy Stadium,Chennai Super Kings,bat,0.3333333333333333,1.0,0.3333333333333333,1.0,0.5,0,1,0.5,2,1485.375782350751,1546.5321957706683,-61.15641341991727,8.005457375030781,7.480938833570411,9.398745828698555,7.986917677993196,9.400339558573853,6.0,6.0,8.005457375030781,7.480938833570411,9.398745828698555,7.986917677993196,9.400339558573853,6.0,6.0,0
335997,2007/08,Kolkata Knight Riders,Mumbai Indians,Eden Gardens,Kolkata Knight Riders,bat,0.6666666666666666,0.0,0.6666666666666666,0.0,0.5,1,1,0.0,1,1515.2283803446035,1436.8609431502357,78.36743719436777,8.005457375030781,7.480938833570411,9.398745828698555,7.986917677993196,9.400339558573853,6.0,6.0,8.005457375030781,7.480938833570411,9.398745828698555,7.986917677993196,9.400339558573853,6.0,6.0,0
335998,2007/08,Delhi Capitals,Royal Challengers Bengaluru,Feroz Shah Kotla,Royal Challengers Bengaluru,field,0.6666666666666666,0.25,0.6666666666666666,0.25,0.5,0,0,0.0,1,1512.4341145891694,1472.163408100876,40.2707064882934,8.005457375030781,7.480938833570411,9.398745828698555,7.986917677993196,9.400339558573853,6.0,6.0,8.005457375030781,7.480938833570411,9.398745828698555,7.986917677993196,9.400339558573853,6.0,6.0,1
335999,2007/08,Deccan Chargers,Punjab Kings,"Rajiv Gandhi International Stadium, Uppal",Punjab Kings,field,0.25,0.5,0.25,0.5,0.5,0,0,0.0,2,1471.4129910254787,1502.1653253944287,-30.75233436894996,8.005457375030781,7.480938833570411,9.398745828698555,7.986917677993196,9.400339558573853,6.0,6.0,8.005457375030781,7.480938833570411,9.398745828698555,7.986917677993196,9.400339558573853,6.0,6.0,0
336000,2007/08,Rajasthan Royals,Kolkata Knight Riders,Sawai Mansingh Stadium,Rajasthan Royals,bat,0.75,0.5,0.75,0.5,0.5,1,1,0.0,1,1529.9902673746647,1495.6794104781666,34.31085689649808,8.005457375030781,7.480938833570411,9.398745828698555,7.986917677993196,9.400339558573853,6.0,6.0,8.005457375030781,7.480938833570411,9.398745828698555,7.986917677993196,9.400339558573853,6.0,6.0,1
336001,2007/08,Chennai Super Kings,Delhi Capitals,"MA Chidambaram Stadium, Chepauk",Chennai Super Kings,bat,1.0,0.75,1.0,0.75,0.5,1,1,0.5,2,1559.7445700205433,1526.58784070638,33.156729314163385,8.005457375030781,7.480938833570411,9.398745828698555,7.986917677993196,9.400339558573853,6.0,6.0,8.005457375030781,7.480938833570411,9.398745828698555,7.986917677993196,9.400339558573853,6.0,6.0,0
336003,2007/08,Punjab Kings,Kolkata Knight Riders,"Punjab Cricket Association Stadium, Mohali",Punjab Kings,bat,0.6,0.4,0.6,0.4,0.5,1,1,0.6666666666666666,3,1516.7528148751478,1481.2543672510556,35.49844762409225,8.005457375030781,7.480938833570411,9.398745828698555,7.986917677993196,9.400339558573853,6.0,6.0,8.005457375030781,7.480938833570411,9.398745828698555,7.986917677993196,9.400339558573853,6.0,6.0,1
336034,2007/08,Royal Challengers Bengaluru,Deccan Chargers,M Chinnaswamy Stadium,Deccan Chargers,field,0.2,0.2,0.2,0.2,0.5,0,0,0.6666666666666666,3,1458.0096819836656,1456.8255015447596,1.184180438905969,8.005457375030781,7.480938833570411,9.398745828698555,7.986917677993196,9.400339558573853,6.0,6.0,8.005457375030781,7.480938833570411,9.398745828698555,7.986917677993196,9.400339558573853,6.0,6.0,1
336004,2007/08,Mumbai Indians,Delhi Capitals,Dr DY Patil Sports Academy,Delhi Capitals,field,0.2,0.8,0.2,0.8,0.5,0,0,0.0,1,1456.4099130166726,1544.1101459049664,-87.70023288829384,8.005457375030781,7.480938833570411,9.398745828698555,7.986917677993196,9.400339558573853,6.0,6.0,8.005457375030781,7.480938833570411,9.398745828698555,7.986917677993196,9.400339558573853,6.0,6.0,1
336005,2007/08,Rajasthan Royals,Chennai Super Kings,Sawai Mansingh Stadium,Chennai Super Kings,bat,0.8,0.8,0.8,0.8,0.5,0,1,0.5,2,1544.4153106017757,1542.2222648219567,2.193045779818931,8.005457375030781,7.480938833570411,9.398745828698555,7.986917677993196,9.400339558573853,6.0,6.0,8.005457375030781,7.480938833570411,9.398745828698555,7.986917677993196,9.400339558573853,6.0,6.0,1
336006,2007/08,Royal Challengers Bengaluru,Punjab Kings,M Chinnaswamy Stadium,Punjab Kings,field,0.3333333333333333,0.6666666666666666,0.4,0.8,0.5,0,0,0.75,4,1473.9551486703124,1531.1237158753893,-57.1685672050769,8.005457375030781,7.480938833570411,9.398745828698555,7.986917677993196,9.400339558573853,6.0,6.0,8.005457375030781,7.480938833570411,9.398745828698555,7.986917677993196,9.400339558573853,6.0,6.0,0
336007,2007/08,Chennai Super Kings,Deccan Chargers,"MA Chidambaram Stadium, Chepauk",Deccan Chargers,field,0.6666666666666666,0.16666666666666666,0.6,0.2,0.5,0,0,0.3333333333333333,3,1526.323256971117,1440.8800348581128,85.44322211300414,8.005457375030781,7.480938833570411,9.398745828698555,7.986917677993196,9.400339558573853,6.0,6.0,8.005457375030781,7.480938833570411,9.398745828698555,7.986917677993196,9.400339558573853,6.0,6.0,0
336008,2007/08,Mumbai Indians,Rajasthan Royals,Dr DY Patil Sports Academy,Mumbai Indians,field,0.3333333333333333,0.8333333333333334,0.4,1.0,0.5,1,0,0.5,2,1476.3650108107984,1560.3143184526155,-83.94930764181709,8.005457375030781,7.480938833570411,9.398745828698555,7.986917677993196,9.400339558573853,6.0,6.0,8.005457375030781,7.480938833570411,9.398745828698555,7.986917677993196,9.400339558573853,6.0,6.0,1
336009,2007/08,Delhi Capitals,Chennai Super Kings,Feroz Shah Kotla,Chennai Super Kings,field,0.6666666666666666,0.5714285714285714,0.6,0.4,1.0,0,0,0.5,2,1524.1550481108407,1506.465902776916,17.68914533392467,8.005457375030781,7.480938833570411,9.398745828698555,7.986917677993196,9.400339558573853,6.0,6.0,8.005457375030781,7.480938833570411,9.398745828698555,7.986917677993196,9.400339558573853,6.0,6.0,0
336010,2007/08,Kolkata Knight Riders,Royal Challengers Bengaluru,Eden Gardens,Kolkata Knight Riders,bat,0.3333333333333333,0.2857142857142857,0.2,0.2,1.0,1,1,0.0,2,1466.883466250814,1460.5643529415734,6.31911330924072,8.005457375030781,7.480938833570411,9.398745828698555,7.986917677993196,9.400339558573853,6.0,6.0,8.005457375030781,7.480938833570411,9.398745828698555,7.986917677993196,9.400339558573853,6.0,6.0,1
336011,2007/08,Rajasthan Royals,Deccan Chargers,Sawai Mansingh Stadium,Rajasthan Royals,field,0.7142857142857143,0.2857142857142857,0.8,0.4,1.0,1,0,0.3333333333333333,3,1540.5218297803124,1460.7373890523138,79.78444072799857,8.005457375030781,7.480938833570411,9.398745828698555,7.986917677993196,9.400339558573853,6.0,6.0,8.005457375030781,7.480938833570411,9.398745828698555,7.986917677993196,9.400339558573853,6.0,6.0,1
336013,2007/08,Chennai Super Kings,Punjab Kings,"MA Chidambaram Stadium, Chepauk",Punjab Kings,field,0.625,0.7142857142857143,0.4,1.0,1.0,0,0,0.25,4,1523.2798148766883,1544.5145116041283,-21.234696727439996,8.005457375030781,7.480938833570411,9.398745828698555,7.986917677993196,9.400339558573853,6.0,6.0,8.005457375030781,7.480938833570411,9.398745828698555,7.986917677993196,9.400339558573853,6.0,6.0,1
336015,2007/08,Rajasthan Royals,Delhi Capitals,Sawai Mansingh Stadium,Rajasthan Royals,field,0.75,0.5714285714285714,0.8,0.4,0.0,1,0,0.25,4,1552.9108714745335,1507.3411360110683,45.56973546346512,8.005457375030781,7.480938833570411,9.398745828698555,7.986917677993196,9.400339558573853,6.0,6.0,8.005457375030781,7.480938833570411,9.398745828698555,7.986917677993196,9.400339558573853,6.0,6.0,1
336014,2007/08,Deccan Chargers,Kolkata Knight Riders,"Rajiv Gandhi International Stadium, Uppal",Kolkata Knight Riders,bat,0.25,0.42857142857142855,0.4,0.2,0.0,0,1,0.0,3,1448.3483473580927,1482.592492412552,-34.244145054459295,8.005457375030781,7.480938833570411,9.398745828698555,7.986917677993196,9.400339558573853,6.0,6.0,8.005457375030781,7.480938833570411,9.398745828698555,7.986917677993196,9.400339558573853,6.0,6.0,0
336016,2007/08,Punjab Kings,Royal Challengers Bengaluru,"Punjab Cricket Association Stadium, Mohali",Royal Challengers Bengaluru,bat,0.625,0.25,0.8,0.2,1.0,0,1,0.75,4,1527.5378334910465,1444.8553267798354,82.68250671121109,8.005457375030781,7.480938833570411,9.398745828698555,7.986917677993196,9.400339558573853,6.0,6.0,8.005457375030781,7.480938833570411,9.398745828698555,7.986917677993196,9.400339558573853,6.0,6.0,1
336017,2007/08,Kolkata Knight Riders,Delhi Capitals,Eden Gardens,Kolkata Knight Riders,bat,0.5,0.5,0.4,0.4,0.5,1,1,0.3333333333333333,3,1497.0205781232462,1493.42774824627,3.5928298769761113,8.005457375030781,7.480938833570411,9.398745828698555,7.986917677993196,9.400339558573853,6.0,6.0,8.005457375030781,7.480938833570411,9.398745828698555,7.986917677993196,9.400339558573853,6.0,6.0,1
336018,2007/08,Mumbai Indians,Chennai Super Kings,Wankhede Stadium,Mumbai Indians,field,0.42857142857142855,0.6666666666666666,0.6,0.4,0.0,1,0,0.0,1,1496.1574994831014,1540.25649298977,-44.09899350666865,8.005457375030781,7.480938833570411,9.398745828698555,7.986917677993196,9.400339558573853,6.0,6.0,8.005457375030781,7.480938833570411,9.398745828698555,7.986917677993196,9.400339558573853,6.0,6.0,1
336020,2007/08,Delhi Capitals,Deccan Chargers,Feroz Shah Kotla,Deccan Chargers,field,0.4444444444444444,0.2222222222222222,0.2,0.2,1.0,0,0,0.3333333333333333,3,1477.5931982791078,1433.9202616473985,43.67293663170926,8.005457375030781,7.480938833570411,9.398745828698555,7.986917677993196,9.400339558573853,6.0,6.0,8.005457375030781,7.480938833570411,9.398745828698555,7.986917677993196,9.400339558573853,6.0,6.0,1
336021,2007/08,Mumbai Indians,Kolkata Knight Riders,Wankhede Stadium,Mumbai Indians,field,0.5,0.5555555555555556,0.8,0.6,1.0,1,0,0.0,2,1514.1774970999948,1512.8551280904085,1.3223690095862821,8.005457375030781,7.480938833570411,9.398745828698555,7.986917677993196,9.400339558573853,6.0,6.0,8.005457375030781,7.480938833570411,9.398745828698555,7.986917677993196,9.400339558573853,6.0,6.0,1
336022,2007/08,Delhi Capitals,Punjab Kings,Feroz Shah Kotla,Delhi Capitals,bat,0.5,0.6666666666666666,0.2,0.8,0.0,1,1,0.5,4,1491.5925115524715,1539.8004528895824,-48.207941337110924,8.005457375030781,7.480938833570411,9.398745828698555,7.986917677993196,9.400339558573853,6.0,6.0,8.005457375030781,7.480938833570411,9.398745828698555,7.986917677993196,9.400339558573853,6.0,6.0,0
336023,2007/08,Rajasthan Royals,Royal Challengers Bengaluru,Sawai Mansingh Stadium,Royal Challengers Bengaluru,field,0.7777777777777778,0.2222222222222222,0.8,0.2,1.0,0,0,0.2,5,1566.8242592393317,1432.5927073812995,134.23155185803216,8.005457375030781,7.480938833570411,9.398745828698555,7.986917677993196,9.400339558573853,6.0,6.0,8.005457375030781,7.480938833570411,9.398745828698555,7.986917677993196,9.400339558573853,6.0,6.0,1
336024,2007/08,Deccan Chargers,Mumbai Indians,"Rajiv Gandhi International Stadium, Uppal",Deccan Chargers,field,0.2,0.5555555555555556,0.2,1.0,1.0,1,0,0.25,4,1419.9209483740349,1530.1166000506735,-110.19565167663859,8.005457375030781,7.480938833570411,9.398745828698555,7.986917677993196,9.400339558573853,6.0,6.0,8.005457375030781,7.480938833570411,9.398745828698555,7.986917677993196,9.400339558573853,6.0,6.0,0
336025,2007/08,Kolkata Knight Riders,Chennai Super Kings,Eden Gardens,Kolkata Knight Riders,bat,0.5,0.6,0.6,0.4,0.0,1,1,0.5,4,1496.9160251397298,1522.2364953728768,-25.320470233147034,8.005457375030781,7.480938833570411,9.398745828698555,7.986917677993196,9.400339558573853,6.0,6.0,8.005457375030781,7.480938833570411,9.398745828698555,7.986917677993196,9.400339558573853,6.0,6.0,0
336026,2007/08,Royal Challengers Bengaluru,Delhi Capitals,M Chinnaswamy Stadium,Delhi Capitals,field,0.2,0.45454545454545453,0.2,0.2,0.0,0,0,0.6,5,1422.484049339574,1477.7984308964983,-55.31438155692422,8.005457375030781,7.480938833570411,9.398745828698555,7.986917677993196,9.400339558573853,6.0,6.0,8.005457375030781,7.480938833570411,9.398745828698555,7.986917677993196,9.400339558573853,6.0,6.0,0
336027,2007/08,Kolkata Knight Riders,Rajasthan Royals,Eden Gardens,Rajasthan Royals,field,0.45454545454545453,0.8,0.6,0.8,0.0,0,0,0.4,5,1482.0800158751372,1576.9329172810571,-94.85290140591997,8.005457375030781,7.480938833570411,9.398745828698555,7.986917677993196,9.400339558573853,6.0,6.0,8.005457375030781,7.480938833570411,9.398745828698555,7.986917677993196,9.400339558573853,6.0,6.0,0
336028,2007/08,Mumbai Indians,Punjab Kings,Wankhede Stadium,Mumbai Indians,field,0.6,0.7,1.0,0.8,0.0,1,0,0.0,3,1541.205488082149,1553.5945335455556,-12.389045463406546,8.005457375030781,7.480938833570411,9.398745828698555,7.986917677993196,9.400339558573853,6.0,6.0,8.005457375030781,7.480938833570411,9.398745828698555,7.986917677993196,9.400339558573853,6.0,6.0,0
336029,2007/08,Chennai Super Kings,Royal Challengers Bengaluru,"MA Chidambaram Stadium, Chepauk",Royal Challengers Bengaluru,bat,0.6363636363636364,0.18181818181818182,0.6,0.0,1.0,0,1,0.4,5,1537.0725046374694,1409.01006437687,128.06244026059926,8.005457375030781,7.480938833570411,9.398745828698555,7.986917677993196,9.400339558573853,6.0,6.0,8.005457375030781,7.480938833570411,9.398745828698555,7.986917677993196,9.400339558573853,6.0,6.0,0
336031,2007/08,Punjab Kings,Deccan Chargers,"Punjab Cricket Association Stadium, Mohali",Punjab Kings,field,0.7272727272727273,0.18181818181818182,0.8,0.2,1.0,1,0,0.6,5,1569.0242386130342,1408.8320603425593,160.19217827047487,8.005457375030781,7.480938833570411,9.398745828698555,7.986917677993196,9.400339558573853,6.0,6.0,8.005457375030781,7.480938833570411,9.398745828698555,7.986917677993196,9.400339558573853,6.0,6.0,1
336033,2007/08,Chennai Super Kings,Rajasthan Royals,"MA Chidambaram Stadium, Chepauk",Rajasthan Royals,bat,0.5833333333333334,0.8181818181818182,0.6,0.8,0.0,0,1,0.5,6,1515.4283333989308,1588.6701634756776,-73.24183007674674,8.005457375030781,7.480938833570411,9.398745828698555,7.986917677993196,9.400339558573853,6.0,6.0,8.005457375030781,7.480938833570411,9.398745828698555,7.986917677993196,9.400339558573853,6.0,6.0,0
336032,2007/08,Delhi Capitals,Mumbai Indians,Feroz Shah Kotla,Delhi Capitals,field,0.5,0.5454545454545454,0.4,0.8,0.0,1,0,0.4,5,1491.2724158592023,1525.7757830146704,-34.50336715546814,8.005457375030781,7.480938833570411,9.398745828698555,7.986917677993196,9.400339558573853,6.0,6.0,8.005457375030781,7.480938833570411,9.398745828698555,7.986917677993196,9.400339558573853,6.0,6.0,1
336002,2007/08,Deccan Chargers,Royal Challengers Bengaluru,"Rajiv Gandhi International Stadium, Uppal",Deccan Chargers,bat,0.16666666666666666,0.25,0.0,0.2,0.0,1,1,0.4,5,1399.7273565554315,1430.6542356154087,-30.926879059977182,8.005457375030781,7.480938833570411,9.398745828698555,7.986917677993196,9.400339558573853,6.0,6.0,8.005457375030781,7.480938833570411,9.398745828698555,7.986917677993196,9.400339558573853,6.0,6.0,0
336035,2007/08,Kolkata Knight Riders,Punjab Kings,Eden Gardens,Punjab Kings,bat,0.4166666666666667,0.75,0.4,0.8,0.0,0,1,0.3333333333333333,6,1470.3427696805168,1578.128942400162,-107.78617271964526,8.005457375030781,7.480938833570411,9.398745828698555,7.986917677993196,9.400339558573853,6.0,6.0,8.005457375030781,7.480938833570411,9.398745828698555,7.986917677993196,9.400339558573853,6.0,6.0,1
336036,2007/08,Rajasthan Royals,Mumbai Indians,Sawai Mansingh Stadium,Rajasthan Royals,field,0.8333333333333334,0.5,1.0,0.6,0.0,1,0,0.3333333333333333,6,1601.3463436649058,1508.1920471971862,93.15429646771963,8.005457375030781,7.480938833570411,9.398745828698555,7.986917677993196,9.400339558573853,6.0,6.0,8.005457375030781,7.480938833570411,9.398745828698555,7.986917677993196,9.400339558573853,6.0,6.0,1
336037,2007/08,Deccan Chargers,Chennai Super Kings,"Rajiv Gandhi International Stadium, Uppal",Deccan Chargers,bat,0.15384615384615385,0.5384615384615384,0.0,0.4,1.0,1,1,0.3333333333333333,6,1385.1478421540646,1502.7521532097026,-117.60431105563794,8.005457375030781,7.480938833570411,9.398745828698555,7.986917677993196,9.400339558573853,6.0,6.0,8.005457375030781,7.480938833570411,9.398745828698555,7.986917677993196,9.400339558573853,6.0,6.0,0
336012,2007/08,Royal Challengers Bengaluru,Mumbai Indians,M Chinnaswamy Stadium,Mumbai Indians,field,0.3076923076923077,0.46153846153846156,0.4,0.4,1.0,0,0,0.5,6,1445.2337500167755,1496.3820355273804,-51.148285510604865,8.005457375030781,7.480938833570411,9.398745828698555,7.986917677993196,9.400339558573853,6.0,6.0,8.005457375030781,7.480938833570411,9.398745828698555,7.986917677993196,9.400339558573853,6.0,6.0,0
336019,2007/08,Punjab Kings,Rajasthan Royals,"Punjab Cricket Association Stadium, Mohali",Rajasthan Royals,field,0.6923076923076923,0.8461538461538461,0.8,1.0,0.0,0,0,0.5,6,1557.3185496765168,1613.1563553347116,-55.83780565819484,8.005457375030781,7.480938833570411,9.398745828698555,7.986917677993196,9.400339558573853,6.0,6.0,8.005457375030781,7.480938833570411,9.398745828698555,7.986917677993196,9.400339558573853,6.0,6.0,1
336038,2007/08,Delhi Capitals,Rajasthan Royals,Wankhede Stadium,Delhi Capitals,field,0.5384615384615384,0.7857142857142857,0.6,0.8,0.5,1,0,0.25,4,1508.8561516766865,1594.6068421353737,-85.75069045868713,8.005457375030781,7.480938833570411,9.398745828698555,7.986917677993196,9.400339558573853,6.0,6.0,8.005457375030781,7.480938833570411,9.398745828698555,7.986917677993196,9.400339558573853,6.0,6.0,0
336039,2007/08,Chennai Super Kings,Punjab Kings,Wankhede Stadium,Punjab Kings,bat,0.5714285714285714,0.7142857142857143,0.4,0.8,1.0,0,1,0.4,5,1513.5340600368495,1575.8680628758548,-62.33400283900528,8.005457375030781,7.480938833570411,9.398745828698555,7.986917677993196,9.400339558573853,6.0,6.0,8.005457375030781,7.480938833570411,9.398745828698555,7.986917677993196,9.400339558573853,6.0,6.0,1
336040,2007/08,Chennai Super Kings,Rajasthan Royals,Dr DY Patil Sports Academy,Rajasthan Royals,field,0.6,0.8,0.6,0.8,0.0,0,0,0.3333333333333333,3,1532.3742384024938,1606.7361543210202,-74.36191591852639,8.005457375030781,7.480938833570411,9.398745828698555,7.986917677993196,9.400339558573853,6.0,6.0,8.005457375030781,7.480938833570411,9.398745828698555,7.986917677993196,9.400339558573853,6.0,6.0,0
392181,2009,Chennai Super Kings,Mumbai Indians,Newlands,Chennai Super Kings,field,0.5625,0.5,0.4,0.4,0.5,1,0,0.5,0,1519.7473808342852,1510.043440152451,9.703940681834183,8.005457375030781,7.480938833570411,9.398745828698555,7.986917677993196,9.400339558573853,6.0,6.0,8.005457375030781,7.480938833570411,9.398745828698555,7.986917677993196,9.400339558573853,6.0,6.0,0
392182,2009,Royal Challengers Bengaluru,Rajasthan Royals,Newlands,Royal Challengers Bengaluru,bat,0.2857142857142857,0.8125,0.4,0.8,0.0,1,1,1.0,1,1431.5723453917049,1619.3630118892288,-187.79066649752394,8.005457375030781,7.480938833570411,9.398745828698555,7.986917677993196,9.400339558573853,6.0,6.0,8.005457375030781,7.480938833570411,9.398745828698555,7.986917677993196,9.400339558573853,6.0,6.0,1
392183,2009,Delhi Capitals,Punjab Kings,Newlands,Delhi Capitals,field,0.5,0.6666666666666666,0.6,0.6,0.0,1,0,1.0,2,1496.72683949104,1557.0278845102105,-60.30104501917049,8.005457375030781,7.480938833570411,9.398745828698555,7.986917677993196,9.400339558573853,6.0,6.0,8.005457375030781,7.480938833570411,9.398745828698555,7.986917677993196,9.400339558573853,6.0,6.0,1
392184,2009,Deccan Chargers,Kolkata Knight Riders,Newlands,Kolkata Knight Riders,bat,0.14285714285714285,0.46153846153846156,0.0,0.4,0.0,0,1,0.6666666666666666,3,1374.3659353269177,1491.153162404162,-116.78722707724432,8.005457375030781,7.480938833570411,9.398745828698555,7.986917677993196,9.400339558573853,6.0,6.0,8.005457375030781,7.480938833570411,9.398745828698555,7.986917677993196,9.400339558573853,6.0,6.0,1
392185,2009,Royal Challengers Bengaluru,Chennai Super Kings,St George's Park,Chennai Super Kings,bat,0.3333333333333333,0.5294117647058824,0.6,0.4,0.5,0,1,0.5,0,1455.466267433416,1503.3006140186646,-47.83434658524857,8.005457375030781,7.480938833570411,9.398745828698555,7.986917677993196,9.400339558573853,6.0,6.0,8.005457375030781,7.480938833570411,9.398745828698555,7.986917677993196,9.400339558573853,6.0,6.0,0
392186,2009,Punjab Kings,Kolkata Knight Riders,Kingsmead,Kolkata Knight Riders,field,0.625,0.42857142857142855,0.4,0.2,0.5,0,0,0.5,0,1538.2784705283975,1469.968720912233,68.30974961616448,8.005457375030781,7.480938833570411,9.398745828698555,7.986917677993196,9.400339558573853,6.0,6.0,8.005457375030781,7.480938833570411,9.398745828698555,7.986917677993196,9.400339558573853,6.0,6.0,0
392188,2009,Royal Challengers Bengaluru,Deccan Chargers,Newlands,Deccan Chargers,bat,0.3125,0.2,0.6,0.2,1.0,0,1,0.5,4,1441.6553066359372,1395.5503768188466,46.10492981709058,8.005457375030781,7.480938833570411,9.398745828698555,7.986917677993196,9.400339558573853,6.0,6.0,8.005457375030781,7.480938833570411,9.398745828698555,7.986917677993196,9.400339558573853,6.0,6.0,0
392190,2009,Kolkata Knight Riders,Rajasthan Royals,Newlands,Kolkata Knight Riders,field,0.4666666666666667,0.7647058823529411,0.4,0.6,0.0,1,0,0.6,5,1489.0745838241617,1595.4690898475176,-106.39450602335592,8.005457375030781,7.480938833570411,9.398745828698555,7.986917677993196,9.400339558573853,6.0,6.0,8.005457375030781,7.480938833570411,9.398745828698555,7.986917677993196,9.400339558573853,6.0,6.0,0
392189,2009,Chennai Super Kings,Delhi Capitals,Kingsmead,Delhi Capitals,bat,0.5555555555555556,0.5333333333333333,0.6,0.6,0.5,0,1,0.0,1,1517.1115748161435,1515.476253472853,1.6353213432905704,8.005457375030781,7.480938833570411,9.398745828698555,7.986917677993196,9.400339558573853,6.0,6.0,8.005457375030781,7.480938833570411,9.398745828698555,7.986917677993196,9.400339558573853,6.0,6.0,0
392191,2009,Royal Challengers Bengaluru,Punjab Kings,Kingsmead,Royal Challengers Bengaluru,bat,0.29411764705882354,0.5882352941176471,0.4,0.2,0.0,1,1,0.5,2,1423.5444718553401,1519.172607616469,-95.62813576112876,8.005457375030781,7.480938833570411,9.398745828698555,7.986917677993196,9.400339558573853,6.0,6.0,8.005457375030781,7.480938833570411,9.398745828698555,7.986917677993196,9.400339558573853,6.0,6.0,0
392192,2009,Deccan Chargers,Mumbai Indians,Kingsmead,Deccan Chargers,bat,0.25,0.5333333333333333,0.4,0.4,0.5,1,1,0.3333333333333333,3,1413.6612115994437,1526.4902069680716,-112.82899536862783,8.005457375030781,7.480938833570411,9.398745828698555,7.986917677993196,9.400339558573853,6.0,6.0,8.005457375030781,7.480938833570411,9.398745828698555,7.986917677993196,9.400339558573853,6.0,6.0,1
392194,2009,Royal Challengers Bengaluru,Delhi Capitals,St George's Park,Royal Challengers Bengaluru,bat,0.2777777777777778,0.5625,0.2,0.8,0.0,1,1,1.0,1,1411.840372688598,1531.5515622476628,-119.71118955906468,8.005457375030781,7.480938833570411,9.398745828698555,7.986917677993196,9.400339558573853,6.0,6.0,8.005457375030781,7.480938833570411,9.398745828698555,7.986917677993196,9.400339558573853,6.0,6.0,0
392195,2009,Punjab Kings,Rajasthan Royals,Newlands,Punjab Kings,bat,0.6111111111111112,0.7777777777777778,0.4,0.6,0.5,1,1,0.6666666666666666,6,1530.876706783211,1606.7170627391922,-75.8403559559813,8.005457375030781,7.480938833570411,9.398745828698555,7.986917677993196,9.400339558573853,6.0,6.0,8.005457375030781,7.480938833570411,9.398745828698555,7.986917677993196,9.400339558573853,6.0,6.0,1
392196,2009,Chennai Super Kings,Deccan Chargers,Kingsmead,Deccan Chargers,field,0.5263157894736842,0.29411764705882354,0.4,0.6,0.5,0,0,0.5,4,1501.0362660413336,1434.6819110386443,66.35435500268932,8.005457375030781,7.480938833570411,9.398745828698555,7.986917677993196,9.400339558573853,6.0,6.0,8.005457375030781,7.480938833570411,9.398745828698555,7.986917677993196,9.400339558573853,6.0,6.0,0
392197,2009,Kolkata Knight Riders,Mumbai Indians,St George's Park,Mumbai Indians,bat,0.4375,0.5,0.4,0.4,0.0,0,1,0.5,2,1477.826610932487,1505.469507528871,-27.642896596383935,8.005457375030781,7.480938833570411,9.398745828698555,7.986917677993196,9.400339558573853,6.0,6.0,8.005457375030781,7.480938833570411,9.398745828698555,7.986917677993196,9.400339558573853,6.0,6.0,0
392198,2009,Delhi Capitals,Rajasthan Royals,SuperSport Park,Delhi Capitals,bat,0.5882352941176471,0.7368421052631579,0.8,0.6,0.3333333333333333,1,1,0.5,0,1542.2469356733109,1587.2789204005317,-45.03198472722079,8.005457375030781,7.480938833570411,9.398745828698555,7.986917677993196,9.400339558573853,6.0,6.0,8.005457375030781,7.480938833570411,9.398745828698555,7.986917677993196,9.400339558573853,6.0,6.0,0
392200,2009,Punjab Kings,Mumbai Indians,Kingsmead,Punjab Kings,bat,0.631578947368421,0.5294117647058824,0.4,0.6,1.0,1,1,0.4,5,1550.3148491218715,1520.1991844387678,30.11566468310366,8.005457375030781,7.480938833570411,9.398745828698555,7.986917677993196,9.400339558573853,6.0,6.0,8.005457375030781,7.480938833570411,9.398745828698555,7.986917677993196,9.400339558573853,6.0,6.0,1
392199,2009,Royal Challengers Bengaluru,Kolkata Knight Riders,Kingsmead,Kolkata Knight Riders,bat,0.2631578947368421,0.4117647058823529,0.2,0.4,0.0,0,1,0.5,6,1401.14499926295,1463.0969340225902,-61.95193475964015,8.005457375030781,7.480938833570411,9.398745828698555,7.986917677993196,9.400339558573853,6.0,6.0,8.005457375030781,7.480938833570411,9.398745828698555,7.986917677993196,9.400339558573853,6.0,6.0,1
392201,2009,Deccan Chargers,Delhi Capitals,SuperSport Park,Delhi Capitals,field,0.3333333333333333,0.5555555555555556,0.8,0.6,0.0,0,0,0.0,1,1453.7010240050429,1528.3091998591406,-74.60817585409768,8.005457375030781,7.480938833570411,9.398745828698555,7.986917677993196,9.400339558573853,6.0,6.0,8.005457375030781,7.480938833570411,9.398745828698555,7.986917677993196,9.400339558573853,6.0,6.0,0
392202,2009,Chennai Super Kings,Rajasthan Royals,SuperSport Park,Rajasthan Royals,field,0.5,0.75,0.2,0.6,0.0,0,0,0.0,2,1482.017153074935,1601.216656214702,-119.19950313976688,8.005457375030781,7.480938833570411,9.398745828698555,7.986917677993196,9.400339558573853,6.0,6.0,8.005457375030781,7.480938833570411,9.398745828698555,7.986917677993196,9.400339558573853,6.0,6.0,1
392203,2009,Kolkata Knight Riders,Mumbai Indians,Buffalo Park,Mumbai Indians,bat,0.3888888888888889,0.5,0.2,0.6,0.0,0,1,0.5,0,1444.2737994439099,1505.582599070052,-61.30879962614222,8.005457375030781,7.480938833570411,9.398745828698555,7.986917677993196,9.400339558573853,6.0,6.0,8.005457375030781,7.480938833570411,9.398745828698555,7.986917677993196,9.400339558573853,6.0,6.0,0
392204,2009,Royal Challengers Bengaluru,Punjab Kings,Kingsmead,Royal Challengers Bengaluru,bat,0.3,0.65,0.2,0.6,0.0,1,1,0.42857142857142855,7,1419.9681338416303,1564.9314344905872,-144.96330064895687,8.005457375030781,7.480938833570411,9.398745828698555,7.986917677993196,9.400339558573853,6.0,6.0,8.005457375030781,7.480938833570411,9.398745828698555,7.986917677993196,9.400339558573853,6.0,6.0,1
392205,2009,Deccan Chargers,Rajasthan Royals,St George's Park,Deccan Chargers,bat,0.3157894736842105,0.7142857142857143,0.8,0.4,0.0,1,1,0.6666666666666666,3,1441.0850014606353,1579.9330137854702,-138.84801232483483,8.005457375030781,7.480938833570411,9.398745828698555,7.986917677993196,9.400339558573853,6.0,6.0,8.005457375030781,7.480938833570411,9.398745828698555,7.986917677993196,9.400339558573853,6.0,6.0,0
392206,2009,Chennai Super Kings,Delhi Capitals,New Wanderers Stadium,Delhi Capitals,field,0.5238095238095238,0.5789473684210527,0.4,0.8,0.3333333333333333,0,0,0.5,0,1503.300795504167,1540.925222403548,-37.624426899381206,8.005457375030781,7.480938833570411,9.398745828698555,7.986917677993196,9.400339558573853,6.0,6.0,8.005457375030781,7.480938833570411,9.398745828698555,7.986917677993196,9.400339558573853,6.0,6.0,1
392208,2009,Royal Challengers Bengaluru,Mumbai Indians,New Wanderers Stadium,Mumbai Indians,bat,0.3333333333333333,0.5263157894736842,0.4,0.6,0.5,0,1,1.0,1,1442.2817495087195,1518.7881692161372,-76.50641970741776,8.005457375030781,7.480938833570411,9.398745828698555,7.986917677993196,9.400339558573853,6.0,6.0,8.005457375030781,7.480938833570411,9.398745828698555,7.986917677993196,9.400339558573853,6.0,6.0,1
392207,2009,Punjab Kings,Kolkata Knight Riders,St George's Park,Kolkata Knight Riders,bat,0.6190476190476191,0.3684210526315789,0.6,0.2,0.3333333333333333,0,1,0.5,4,1542.617818823498,1431.0682292978247,111.54958952567335,8.005457375030781,7.480938833570411,9.398745828698555,7.986917677993196,9.400339558573853,6.0,6.0,8.005457375030781,7.480938833570411,9.398745828698555,7.986917677993196,9.400339558573853,6.0,6.0,1
392209,2009,Chennai Super Kings,Deccan Chargers,Buffalo Park,Chennai Super Kings,bat,0.5454545454545454,0.3,0.6,0.6,0.3333333333333333,1,1,1.0,1,1521.026722946507,1431.1592105708696,89.86751237563749,8.005457375030781,7.480938833570411,9.398745828698555,7.986917677993196,9.400339558573853,6.0,6.0,8.005457375030781,7.480938833570411,9.398745828698555,7.986917677993196,9.400339558573853,6.0,6.0,1
392210,2009,Punjab Kings,Rajasthan Royals,Kingsmead,Punjab Kings,field,0.6363636363636364,0.7272727272727273,0.8,0.6,0.6666666666666666,1,0,0.5,8,1553.650297879917,1589.858804675236,-36.208506795318954,8.005457375030781,7.480938833570411,9.398745828698555,7.986917677993196,9.400339558573853,6.0,6.0,8.005457375030781,7.480938833570411,9.398745828698555,7.986917677993196,9.400339558573853,6.0,6.0,0
392211,2009,Delhi Capitals,Kolkata Knight Riders,Kingsmead,Kolkata Knight Riders,bat,0.55,0.35,0.6,0.0,0.0,0,1,0.5555555555555556,9,1523.199294961208,1420.0357502414058,103.16354471980208,8.005457375030781,7.480938833570411,9.398745828698555,7.986917677993196,9.400339558573853,6.0,6.0,8.005457375030781,7.480938833570411,9.398745828698555,7.986917677993196,9.400339558573853,6.0,6.0,1
392212,2009,Deccan Chargers,Mumbai Indians,SuperSport Park,Deccan Chargers,bat,0.2857142857142857,0.5,0.4,0.4,0.6666666666666666,1,1,0.3333333333333333,3,1419.2078711192153,1499.3207819370325,-80.11291081781724,8.005457375030781,7.480938833570411,9.398745828698555,7.986917677993196,9.400339558573853,6.0,6.0,8.005457375030781,7.480938833570411,9.398745828698555,7.986917677993196,9.400339558573853,6.0,6.0,1
392213,2009,Royal Challengers Bengaluru,Rajasthan Royals,SuperSport Park,Rajasthan Royals,field,0.36363636363636365,0.7391304347826086,0.6,0.6,0.3333333333333333,0,0,0.5,4,1461.7491367878242,1604.1973520161848,-142.4482152283606,8.005457375030781,7.480938833570411,9.398745828698555,7.986917677993196,9.400339558573853,6.0,6.0,8.005457375030781,7.480938833570411,9.398745828698555,7.986917677993196,9.400339558573853,6.0,6.0,0
392214,2009,Chennai Super Kings,Punjab Kings,SuperSport Park,Chennai Super Kings,bat,0.5652173913043478,0.6086956521739131,0.6,0.6,1.0,1,1,0.4,5,1532.9780623981615,1539.311750538968,-6.333688140806544,8.005457375030781,7.480938833570411,9.398745828698555,7.986917677993196,9.400339558573853,6.0,6.0,8.005457375030781,7.480938833570411,9.398745828698555,7.986917677993196,9.400339558573853,6.0,6.0,1
392215,2009,Delhi Capitals,Mumbai Indians,Buffalo Park,Mumbai Indians,bat,0.5714285714285714,0.47619047619047616,0.6,0.4,0.5,0,1,1.0,2,1534.583306050667,1479.6954705449486,54.887835505718385,8.005457375030781,7.480938833570411,9.398745828698555,7.986917677993196,9.400339558573853,6.0,6.0,8.005457375030781,7.480938833570411,9.398745828698555,7.986917677993196,9.400339558573853,6.0,6.0,1
392216,2009,Deccan Chargers,Punjab Kings,De Beers Diamond Oval,Punjab Kings,field,0.3181818181818182,0.5833333333333334,0.4,0.4,0.0,0,0,0.5,0,1438.8331825112991,1523.0201057274019,-84.18692321610274,8.005457375030781,7.480938833570411,9.398745828698555,7.986917677993196,9.400339558573853,6.0,6.0,8.005457375030781,7.480938833570411,9.398745828698555,7.986917677993196,9.400339558573853,6.0,6.0,0
392217,2009,Chennai Super Kings,Rajasthan Royals,De Beers Diamond Oval,Rajasthan Royals,bat,0.5833333333333334,0.75,0.8,0.8,0.25,0,1,0.0,1,1549.2697072097276,1613.9818037895648,-64.71209657983718,8.005457375030781,7.480938833570411,9.398745828698555,7.986917677993196,9.400339558573853,6.0,6.0,8.005457375030781,7.480938833570411,9.398745828698555,7.986917677993196,9.400339558573853,6.0,6.0,1
392218,2009,Royal Challengers Bengaluru,Mumbai Indians,St George's Park,Mumbai Indians,bat,0.34782608695652173,0.45454545454545453,0.6,0.2,0.6666666666666666,0,1,0.4,5,1451.9646850144443,1466.2023283095168,-14.23764329507253,8.005457375030781,7.480938833570411,9.398745828698555,7.986917677993196,9.400339558573853,6.0,6.0,8.005457375030781,7.480938833570411,9.398745828698555,7.986917677993196,9.400339558573853,6.0,6.0,0
392219,2009,Delhi Capitals,Kolkata Knight Riders,New Wanderers Stadium,Delhi Capitals,field,0.5909090909090909,0.3333333333333333,0.6,0.0,0.5,1,0,0.5,2,1548.0764482860989,1408.6517391519467,139.42470913415218,8.005457375030781,7.480938833570411,9.398745828698555,7.986917677993196,9.400339558573853,6.0,6.0,8.005457375030781,7.480938833570411,9.398745828698555,7.986917677993196,9.400339558573853,6.0,6.0,1
392220,2009,Deccan Chargers,Rajasthan Royals,De Beers Diamond Oval,Deccan Chargers,bat,0.30434782608695654,0.72,0.2,0.6,0.0,1,1,0.0,2,1426.6359973162123,1595.035691374071,-168.3996940578586,8.005457375030781,7.480938833570411,9.398745828698555,7.986917677993196,9.400339558573853,6.0,6.0,8.005457375030781,7.480938833570411,9.398745828698555,7.986917677993196,9.400339558573853,6.0,6.0,1
392221,2009,Royal Challengers Bengaluru,Kolkata Knight Riders,SuperSport Park,Royal Challengers Bengaluru,field,0.3333333333333333,0.3181818181818182,0.6,0.0,0.3333333333333333,1,0,0.5,6,1436.619985944663,1398.7486641418266,37.87132180283652,8.005457375030781,7.480938833570411,9.398745828698555,7.986917677993196,9.400339558573853,6.0,6.0,8.005457375030781,7.480938833570411,9.398745828698555,7.986917677993196,9.400339558573853,6.0,6.0,1
392222,2009,Punjab Kings,Mumbai Indians,SuperSport Park,Punjab Kings,bat,0.6,0.4782608695652174,0.4,0.4,1.0,1,1,0.42857142857142855,7,1535.2172909224887,1481.547027379298,53.670263543190686,8.005457375030781,7.480938833570411,9.398745828698555,7.986917677993196,9.400339558573853,6.0,6.0,8.005457375030781,7.480938833570411,9.398745828698555,7.986917677993196,9.400339558573853,6.0,6.0,0
392223,2009,Deccan Chargers,Delhi Capitals,Kingsmead,Deccan Chargers,field,0.3333333333333333,0.6086956521739131,0.4,0.8,0.0,1,0,0.5,10,1449.835908033049,1557.979523296219,-108.14361526316998,8.005457375030781,7.480938833570411,9.398745828698555,7.986917677993196,9.400339558573853,6.0,6.0,8.005457375030781,7.480938833570411,9.398745828698555,7.986917677993196,9.400339558573853,6.0,6.0,0
392225,2009,Mumbai Indians,Rajasthan Royals,Kingsmead,Rajasthan Royals,bat,0.5,0.6923076923076923,0.4,0.6,0.5,0,1,0.5454545454545454,11,1499.9991605068608,1571.8357806572342,-71.83662015037339,8.005457375030781,7.480938833570411,9.398745828698555,7.986917677993196,9.400339558573853,6.0,6.0,8.005457375030781,7.480938833570411,9.398745828698555,7.986917677993196,9.400339558573853,6.0,6.0,0
392224,2009,Royal Challengers Bengaluru,Chennai Super Kings,Kingsmead,Chennai Super Kings,bat,0.36,0.6,0.6,1.0,0.3333333333333333,0,1,0.5833333333333334,12,1450.8828217360183,1568.2158196252215,-117.33299788920317,8.005457375030781,7.480938833570411,9.398745828698555,7.986917677993196,9.400339558573853,6.0,6.0,8.005457375030781,7.480938833570411,9.398745828698555,7.986917677993196,9.400339558573853,6.0,6.0,1
392226,2009,Delhi Capitals,Punjab Kings,OUTsurance Oval,Punjab Kings,field,0.625,0.5769230769230769,0.8,0.4,0.3333333333333333,0,0,0.5,0,1569.1541622677892,1516.765157794926,52.389004472863235,8.005457375030781,7.480938833570411,9.398745828698555,7.986917677993196,9.400339558573853,6.0,6.0,8.005457375030781,7.480938833570411,9.398745828698555,7.986917677993196,9.400339558573853,6.0,6.0,0
392227,2009,Chennai Super Kings,Mumbai Indians,St George's Park,Mumbai Indians,bat,0.5769230769230769,0.48,0.8,0.4,0.3333333333333333,0,1,0.5,6,1547.008894803147,1487.2610089629088,59.74788584023827,8.005457375030781,7.480938833570411,9.398745828698555,7.986917677993196,9.400339558573853,6.0,6.0,8.005457375030781,7.480938833570411,9.398745828698555,7.986917677993196,9.400339558573853,6.0,6.0,1
392228,2009,Deccan Chargers,Kolkata Knight Riders,New Wanderers Stadium,Deccan Chargers,field,0.32,0.30434782608695654,0.4,0.0,0.3333333333333333,1,0,0.3333333333333333,3,1438.6612690614788,1384.4858283504714,54.17544071100747,8.005457375030781,7.480938833570411,9.398745828698555,7.986917677993196,9.400339558573853,6.0,6.0,8.005457375030781,7.480938833570411,9.398745828698555,7.986917677993196,9.400339558573853,6.0,6.0,1
392229,2009,Deccan Chargers,Punjab Kings,New Wanderers Stadium,Deccan Chargers,field,0.34615384615384615,0.5925925925925926,0.6,0.4,0.0,1,0,0.25,4,1452.1864231766765,1535.1596403365468,-82.97321715987027,8.005457375030781,7.480938833570411,9.398745828698555,7.986917677993196,9.400339558573853,6.0,6.0,8.005457375030781,7.480938833570411,9.398745828698555,7.986917677993196,9.400339558573853,6.0,6.0,0
392230,2009,Delhi Capitals,Rajasthan Royals,OUTsurance Oval,Delhi Capitals,bat,0.6,0.7037037037037037,0.8,0.6,0.25,1,1,0.0,1,1550.7596797261683,1584.5739322011862,-33.81425247501784,8.005457375030781,7.480938833570411,9.398745828698555,7.986917677993196,9.400339558573853,6.0,6.0,8.005457375030781,7.480938833570411,9.398745828698555,7.986917677993196,9.400339558573853,6.0,6.0,1
392231,2009,Chennai Super Kings,Kolkata Knight Riders,SuperSport Park,Chennai Super Kings,bat,0.5925925925925926,0.2916666666666667,0.8,0.0,1.0,1,1,0.375,8,1560.2842092825956,1370.9606742352737,189.3235350473219,8.005457375030781,7.480938833570411,9.398745828698555,7.986917677993196,9.400339558573853,6.0,6.0,8.005457375030781,7.480938833570411,9.398745828698555,7.986917677993196,9.400339558573853,6.0,6.0,0
392232,2009,Royal Challengers Bengaluru,Delhi Capitals,New Wanderers Stadium,Delhi Capitals,bat,0.38461538461538464,0.6153846153846154,0.6,0.8,0.0,0,1,0.4,5,1472.0897465580927,1568.3119854405309,-96.2222388824382,8.005457375030781,7.480938833570411,9.398745828698555,7.986917677993196,9.400339558573853,6.0,6.0,8.005457375030781,7.480938833570411,9.398745828698555,7.986917677993196,9.400339558573853,6.0,6.0,1
392233,2009,Kolkata Knight Riders,Rajasthan Royals,Kingsmead,Kolkata Knight Riders,field,0.32,0.6785714285714286,0.2,0.4,0.0,1,0,0.5384615384615384,13,1394.9078882411968,1567.0216264868236,-172.1137382456268,8.005457375030781,7.480938833570411,9.398745828698555,7.986917677993196,9.400339558573853,6.0,6.0,8.005457375030781,7.480938833570411,9.398745828698555,7.986917677993196,9.400339558573853,6.0,6.0,1
392234,2009,Chennai Super Kings,Punjab Kings,Kingsmead,Chennai Super Kings,bat,0.5714285714285714,0.6071428571428571,0.6,0.6,1.0,1,1,0.5,14,1536.3369952766725,1547.4096049681857,-11.072609691513208,8.005457375030781,7.480938833570411,9.398745828698555,7.986917677993196,9.400339558573853,6.0,6.0,8.005457375030781,7.480938833570411,9.398745828698555,7.986917677993196,9.400339558573853,6.0,6.0,1
392235,2009,Delhi Capitals,Mumbai Indians,SuperSport Park,Delhi Capitals,field,0.5925925925925926,0.46153846153846156,0.6,0.4,0.6666666666666666,1,0,0.3333333333333333,9,1547.9907091364146,1473.9856944834603,74.00501465295429,8.005457375030781,7.480938833570411,9.398745828698555,7.986917677993196,9.400339558573853,6.0,6.0,8.005457375030781,7.480938833570411,9.398745828698555,7.986917677993196,9.400339558573853,6.0,6.0,1
392236,2009,Royal Challengers Bengaluru,Deccan Chargers,SuperSport Park,Royal Challengers Bengaluru,bat,0.4074074074074074,0.3333333333333333,0.6,0.4,0.6666666666666666,1,1,0.3,10,1492.411022862209,1439.9364585450376,52.47456431717137,8.005457375030781,7.480938833570411,9.398745828698555,7.986917677993196,9.400339558573853,6.0,6.0,8.005457375030781,7.480938833570411,9.398745828698555,7.986917677993196,9.400339558573853,6.0,6.0,1
392237,2009,Delhi Capitals,Deccan Chargers,SuperSport Park,Deccan Chargers,field,0.6071428571428571,0.32142857142857145,0.6,0.4,1.0,0,0,0.36363636363636365,11,1560.6332755067958,1426.3347928742492,134.29848263254667,8.005457375030781,7.480938833570411,9.398745828698555,7.986917677993196,9.400339558573853,6.0,6.0,8.005457375030781,7.480938833570411,9.398745828698555,7.986917677993196,9.400339558573853,6.0,6.0,0
392238,2009,Royal Challengers Bengaluru,Chennai Super Kings,New Wanderers Stadium,Royal Challengers Bengaluru,field,0.42857142857142855,0.5862068965517241,0.8,0.6,0.5,1,0,0.3333333333333333,6,1506.0126885329973,1552.8467352333128,-46.83404670031541,8.005457375030781,7.480938833570411,9.398745828698555,7.986917677993196,9.400339558573853,6.0,6.0,8.005457375030781,7.480938833570411,9.398745828698555,7.986917677993196,9.400339558573853,6.0,6.0,1
392239,2009,Royal Challengers Bengaluru,Deccan Chargers,New Wanderers Stadium,Royal Challengers Bengaluru,field,0.4482758620689655,0.3448275862068966,1.0,0.4,0.75,1,0,0.2857142857142857,7,1524.156506805211,1448.2287990314574,75.92770777375358,8.005457375030781,7.480938833570411,9.398745828698555,7.986917677993196,9.400339558573853,6.0,6.0,8.005457375030781,7.480938833570411,9.398745828698555,7.986917677993196,9.400339558573853,6.0,6.0,0
419106,2009/10,Deccan Chargers,Kolkata Knight Riders,Dr DY Patil Sports Academy,Deccan Chargers,field,0.36666666666666664,0.34615384615384615,0.6,0.4,0.5,1,0,0.25,4,1467.6707781140988,1418.2435445072656,49.42723360683317,8.005457375030781,7.480938833570411,9.398745828698555,7.986917677993196,9.400339558573853,6.0,6.0,8.005457375030781,7.480938833570411,9.398745828698555,7.986917677993196,9.400339558573853,6.0,6.0,0
419108,2009/10,Punjab Kings,Delhi Capitals,"Punjab Cricket Association Stadium, Mohali",Delhi Capitals,field,0.5862068965517241,0.5862068965517241,0.6,0.4,0.75,0,0,0.5714285714285714,7,1530.8998650115454,1538.7392693495876,-7.839404338042186,8.005457375030781,7.480938833570411,9.398745828698555,7.986917677993196,9.400339558573853,6.0,6.0,8.005457375030781,7.480938833570411,9.398745828698555,7.986917677993196,9.400339558573853,6.0,6.0,0
419107,2009/10,Mumbai Indians,Rajasthan Royals,Brabourne Stadium,Mumbai Indians,bat,0.4444444444444444,0.6551724137931034,0.4,0.2,0.3333333333333333,1,1,0.5,0,1461.343128113079,1543.6859702207548,-82.34284210767578,8.005457375030781,7.480938833570411,9.398745828698555,7.986917677993196,9.400339558573853,6.0,6.0,8.005457375030781,7.480938833570411,9.398745828698555,7.986917677993196,9.400339558573853,6.0,6.0,1
419109,2009/10,Kolkata Knight Riders,Royal Challengers Bengaluru,Eden Gardens,Kolkata Knight Riders,field,0.37037037037037035,0.43333333333333335,0.6,0.8,0.5,1,0,0.2857142857142857,7,1436.504520155373,1504.7145277225695,-68.2100075671965,8.005457375030781,7.480938833570411,9.398745828698555,7.986917677993196,9.400339558573853,6.0,6.0,8.005457375030781,7.480938833570411,9.398745828698555,7.986917677993196,9.400339558573853,6.0,6.0,1
419110,2009/10,Chennai Super Kings,Deccan Chargers,"MA Chidambaram Stadium, Chepauk",Deccan Chargers,bat,0.5666666666666667,0.3548387096774194,0.4,0.4,0.5,0,1,0.5714285714285714,7,1534.7029169610992,1449.4098024659913,85.29311449510783,8.005457375030781,7.480938833570411,9.398745828698555,7.986917677993196,9.400339558573853,6.0,6.0,8.005457375030781,7.480938833570411,9.398745828698555,7.986917677993196,9.400339558573853,6.0,6.0,0
419111,2009/10,Rajasthan Royals,Delhi Capitals,"Sardar Patel Stadium, Motera",Delhi Capitals,field,0.6333333333333333,0.6,0.2,0.6,0.6,0,0,0.5,0,1523.963381650841,1554.3783126925548,-30.41493104171377,8.005457375030781,7.480938833570411,9.398745828698555,7.986917677993196,9.400339558573853,6.0,6.0,8.005457375030781,7.480938833570411,9.398745828698555,7.986917677993196,9.400339558573853,6.0,6.0,0
419112,2009/10,Royal Challengers Bengaluru,Punjab Kings,M Chinnaswamy Stadium,Punjab Kings,bat,0.41935483870967744,0.5666666666666667,0.6,0.4,0.25,0,1,0.42857142857142855,7,1485.6130852672895,1515.2608216685783,-29.64773640128874,8.005457375030781,7.480938833570411,9.398745828698555,7.986917677993196,9.400339558573853,6.0,6.0,8.005457375030781,7.480938833570411,9.398745828698555,7.986917677993196,9.400339558573853,6.0,6.0,1
419113,2009/10,Kolkata Knight Riders,Chennai Super Kings,Eden Gardens,Chennai Super Kings,bat,0.39285714285714285,0.5483870967741935,0.8,0.4,0.3333333333333333,0,1,0.25,8,1455.605962610653,1514.8520743767665,-59.24611176611347,8.005457375030781,7.480938833570411,9.398745828698555,7.986917677993196,9.400339558573853,6.0,6.0,8.005457375030781,7.480938833570411,9.398745828698555,7.986917677993196,9.400339558573853,6.0,6.0,0
419114,2009/10,Delhi Capitals,Mumbai Indians,Feroz Shah Kotla,Delhi Capitals,field,0.6129032258064516,0.4642857142857143,0.6,0.4,0.75,1,0,0.3333333333333333,6,1568.9812203892898,1481.0657166829928,87.91550370629693,8.005457375030781,7.480938833570411,9.398745828698555,7.986917677993196,9.400339558573853,6.0,6.0,8.005457375030781,7.480938833570411,9.398745828698555,7.986917677993196,9.400339558573853,6.0,6.0,0
419115,2009/10,Royal Challengers Bengaluru,Rajasthan Royals,M Chinnaswamy Stadium,Royal Challengers Bengaluru,field,0.4375,0.6129032258064516,0.6,0.2,0.25,1,0,0.375,8,1502.9751096247453,1509.360473954106,-6.385364329360755,8.005457375030781,7.480938833570411,9.398745828698555,7.986917677993196,9.400339558573853,6.0,6.0,8.005457375030781,7.480938833570411,9.398745828698555,7.986917677993196,9.400339558573853,6.0,6.0,1
419116,2009/10,Delhi Capitals,Chennai Super Kings,Feroz Shah Kotla,Delhi Capitals,bat,0.59375,0.5625,0.6,0.4,0.5,1,1,0.42857142857142855,7,1549.016816200814,1528.149831799371,20.866984401443005,8.005457375030781,7.480938833570411,9.398745828698555,7.986917677993196,9.400339558573853,6.0,6.0,8.005457375030781,7.480938833570411,9.398745828698555,7.986917677993196,9.400339558573853,6.0,6.0,0
419117,2009/10,Deccan Chargers,Punjab Kings,Barabati Stadium,Punjab Kings,field,0.375,0.5483870967741935,0.6,0.4,0.0,0,0,0.5,0,1469.260645050324,1497.8987973111225,-28.638152260798506,8.005457375030781,7.480938833570411,9.398745828698555,7.986917677993196,9.400339558573853,6.0,6.0,8.005457375030781,7.480938833570411,9.398745828698555,7.986917677993196,9.400339558573853,6.0,6.0,1
419118,2009/10,Rajasthan Royals,Kolkata Knight Riders,"Sardar Patel Stadium, Motera",Rajasthan Royals,bat,0.59375,0.3793103448275862,0.0,0.8,0.75,1,1,0.0,1,1493.066450163266,1442.3082051880485,50.758244975217394,8.005457375030781,7.480938833570411,9.398745828698555,7.986917677993196,9.400339558573853,6.0,6.0,8.005457375030781,7.480938833570411,9.398745828698555,7.986917677993196,9.400339558573853,6.0,6.0,1
419119,2009/10,Mumbai Indians,Royal Challengers Bengaluru,Brabourne Stadium,Mumbai Indians,bat,0.4827586206896552,0.45454545454545453,0.4,0.6,0.5,1,1,1.0,1,1501.0301208714686,1519.2691334155854,-18.239012544116804,8.005457375030781,7.480938833570411,9.398745828698555,7.986917677993196,9.400339558573853,6.0,6.0,8.005457375030781,7.480938833570411,9.398745828698555,7.986917677993196,9.400339558573853,6.0,6.0,0
419120,2009/10,Deccan Chargers,Delhi Capitals,Barabati Stadium,Deccan Chargers,bat,0.3939393939393939,0.5757575757575758,0.8,0.4,0.2,1,1,1.0,1,1486.5765019629764,1532.0570098516603,-45.48050788868386,8.005457375030781,7.480938833570411,9.398745828698555,7.986917677993196,9.400339558573853,6.0,6.0,8.005457375030781,7.480938833570411,9.398745828698555,7.986917677993196,9.400339558573853,6.0,6.0,1
419121,2009/10,Chennai Super Kings,Punjab Kings,"MA Chidambaram Stadium, Chepauk",Chennai Super Kings,field,0.5757575757575758,0.53125,0.6,0.2,1.0,1,0,0.625,8,1545.1096381485247,1480.58294039847,64.52669775005461,8.005457375030781,7.480938833570411,9.398745828698555,7.986917677993196,9.400339558573853,6.0,6.0,8.005457375030781,7.480938833570411,9.398745828698555,7.986917677993196,9.400339558573853,6.0,6.0,0
419122,2009/10,Mumbai Indians,Kolkata Knight Riders,Brabourne Stadium,Kolkata Knight Riders,bat,0.4666666666666667,0.36666666666666664,0.4,0.6,1.0,0,1,0.5,2,1485.8692877110252,1428.629219384992,57.240068326033224,8.005457375030781,7.480938833570411,9.398745828698555,7.986917677993196,9.400339558573853,6.0,6.0,8.005457375030781,7.480938833570411,9.398745828698555,7.986917677993196,9.400339558573853,6.0,6.0,1
419123,2009/10,Royal Challengers Bengaluru,Chennai Super Kings,M Chinnaswamy Stadium,Chennai Super Kings,field,0.47058823529411764,0.5588235294117647,0.6,0.4,0.6,0,0,0.3333333333333333,9,1534.4299665760288,1526.1717749992451,8.258191576783702,8.005457375030781,7.480938833570411,9.398745828698555,7.986917677993196,9.400339558573853,6.0,6.0,8.005457375030781,7.480938833570411,9.398745828698555,7.986917677993196,9.400339558573853,6.0,6.0,1
419124,2009/10,Punjab Kings,Rajasthan Royals,"Punjab Cricket Association Stadium, Mohali",Punjab Kings,field,0.5454545454545454,0.6060606060606061,0.2,0.2,0.5,1,0,0.5,8,1499.5208035477497,1506.7454359663225,-7.22463241857281,8.005457375030781,7.480938833570411,9.398745828698555,7.986917677993196,9.400339558573853,6.0,6.0,8.005457375030781,7.480938833570411,9.398745828698555,7.986917677993196,9.400339558573853,6.0,6.0,0
419128,2009/10,Royal Challengers Bengaluru,Delhi Capitals,M Chinnaswamy Stadium,Royal Challengers Bengaluru,field,0.4857142857142857,0.5588235294117647,0.8,0.4,0.25,1,0,0.4,10,1550.0497344028543,1513.9744369476302,36.07529745522402,8.005457375030781,7.480938833570411,9.398745828698555,7.986917677993196,9.400339558573853,6.0,6.0,8.005457375030781,7.480938833570411,9.398745828698555,7.986917677993196,9.400339558573853,6.0,6.0,0
419125,2009/10,Chennai Super Kings,Mumbai Indians,"Brabourne Stadium, Mumbai",Mumbai Indians,field,0.5428571428571428,0.4838709677419355,0.4,0.6,0.5,0,0,0.5,0,1510.5520071724197,1499.2568783649106,11.295128807509172,8.005457375030781,7.480938833570411,9.398745828698555,7.986917677993196,9.400339558573853,6.0,6.0,8.005457375030781,7.480938833570411,9.398745828698555,7.986917677993196,9.400339558573853,6.0,6.0,0
419126,2009/10,Rajasthan Royals,Deccan Chargers,"Sardar Patel Stadium, Motera",Deccan Chargers,bat,0.6176470588235294,0.4117647058823529,0.4,0.8,0.75,0,1,0.5,2,1522.4127772936506,1504.6590748670064,17.753702426644168,8.005457375030781,7.480938833570411,9.398745828698555,7.986917677993196,9.400339558573853,6.0,6.0,8.005457375030781,7.480938833570411,9.398745828698555,7.986917677993196,9.400339558573853,6.0,6.0,1
419127,2009/10,Punjab Kings,Kolkata Knight Riders,"Punjab Cricket Association Stadium, Mohali",Kolkata Knight Riders,bat,0.5294117647058824,0.3548387096774194,0.2,0.4,0.5,0,1,0.5555555555555556,9,1483.8534622204215,1415.2416287311066,68.6118334893149,8.005457375030781,7.480938833570411,9.398745828698555,7.986917677993196,9.400339558573853,6.0,6.0,8.005457375030781,7.480938833570411,9.398745828698555,7.986917677993196,9.400339558573853,6.0,6.0,0
419129,2009/10,Rajasthan Royals,Chennai Super Kings,"Sardar Patel Stadium, Motera",Rajasthan Royals,bat,0.6285714285714286,0.5277777777777778,0.6,0.4,0.6,1,1,0.3333333333333333,3,1537.595899951112,1494.032030442953,43.56386950815886,8.005457375030781,7.480938833570411,9.398745828698555,7.986917677993196,9.400339558573853,6.0,6.0,8.005457375030781,7.480938833570411,9.398745828698555,7.986917677993196,9.400339558573853,6.0,6.0,1
419130,2009/10,Deccan Chargers,Mumbai Indians,Dr DY Patil Sports Academy,Deccan Chargers,field,0.4,0.5,0.6,0.8,0.75,1,0,0.4,5,1489.475952209545,1515.7768550943772,-26.300902884832112,8.005457375030781,7.480938833570411,9.398745828698555,7.986917677993196,9.400339558573853,6.0,6.0,8.005457375030781,7.480938833570411,9.398745828698555,7.986917677993196,9.400339558573853,6.0,6.0,0
419131,2009/10,Delhi Capitals,Kolkata Knight Riders,Feroz Shah Kotla,Delhi Capitals,bat,0.5714285714285714,0.375,0.4,0.4,0.6666666666666666,1,1,0.375,8,1531.6298209964943,1434.3608766560549,97.26894434043948,8.005457375030781,7.480938833570411,9.398745828698555,7.986917677993196,9.400339558573853,6.0,6.0,8.005457375030781,7.480938833570411,9.398745828698555,7.986917677993196,9.400339558573853,6.0,6.0,1
419132,2009/10,Mumbai Indians,Punjab Kings,Brabourne Stadium,Mumbai Indians,field,0.5151515151515151,0.5142857142857142,0.8,0.2,0.25,1,0,0.3333333333333333,3,1530.5679620626192,1464.7342142954733,65.83374776714595,8.005457375030781,7.480938833570411,9.398745828698555,7.986917677993196,9.400339558573853,6.0,6.0,8.005457375030781,7.480938833570411,9.398745828698555,7.986917677993196,9.400339558573853,6.0,6.0,1
419133,2009/10,Chennai Super Kings,Royal Challengers Bengaluru,"MA Chidambaram Stadium, Chepauk",Royal Challengers Bengaluru,bat,0.5135135135135135,0.4722222222222222,0.2,0.8,0.3333333333333333,0,1,0.6666666666666666,9,1480.0277727830182,1532.3943503539901,-52.36657757097191,8.005457375030781,7.480938833570411,9.398745828698555,7.986917677993196,9.400339558573853,6.0,6.0,8.005457375030781,7.480938833570411,9.398745828698555,7.986917677993196,9.400339558573853,6.0,6.0,1
419134,2009/10,Delhi Capitals,Rajasthan Royals,Feroz Shah Kotla,Delhi Capitals,bat,0.5833333333333334,0.6388888888888888,0.4,0.8,0.5,1,1,0.4444444444444444,9,1543.26389463351,1551.6001576110468,-8.336262977536762,8.005457375030781,7.480938833570411,9.398745828698555,7.986917677993196,9.400339558573853,6.0,6.0,8.005457375030781,7.480938833570411,9.398745828698555,7.986917677993196,9.400339558573853,6.0,6.0,1
419135,2009/10,Kolkata Knight Riders,Deccan Chargers,Eden Gardens,Kolkata Knight Riders,bat,0.36363636363636365,0.3888888888888889,0.2,0.6,0.6,1,1,0.3333333333333333,9,1422.7268030190392,1474.684845241303,-51.958042222263884,8.005457375030781,7.480938833570411,9.398745828698555,7.986917677993196,9.400339558573853,6.0,6.0,8.005457375030781,7.480938833570411,9.398745828698555,7.986917677993196,9.400339558573853,6.0,6.0,1
419136,2009/10,Punjab Kings,Royal Challengers Bengaluru,"Punjab Cricket Association Stadium, Mohali",Punjab Kings,bat,0.5,0.4594594594594595,0.2,0.6,0.6,1,1,0.6,10,1451.7301995305088,1514.000877487911,-62.27067795740231,8.005457375030781,7.480938833570411,9.398745828698555,7.986917677993196,9.400339558573853,6.0,6.0,8.005457375030781,7.480938833570411,9.398745828698555,7.986917677993196,9.400339558573853,6.0,6.0,0
419137,2009/10,Chennai Super Kings,Rajasthan Royals,"MA Chidambaram Stadium, Chepauk",Chennai Super Kings,bat,0.5263157894736842,0.6216216216216216,0.2,0.8,0.3333333333333333,1,1,0.6,10,1498.4212456490973,1535.2163321667144,-36.795086517617165,8.005457375030781,7.480938833570411,9.398745828698555,7.986917677993196,9.400339558573853,6.0,6.0,8.005457375030781,7.480938833570411,9.398745828698555,7.986917677993196,9.400339558573853,6.0,6.0,1
419138,2009/10,Mumbai Indians,Deccan Chargers,Brabourne Stadium,Mumbai Indians,bat,0.5294117647058824,0.3783783783783784,0.8,0.4,0.4,1,1,0.25,4,1543.5719768275837,1456.3097683406938,87.2622084868899,8.005457375030781,7.480938833570411,9.398745828698555,7.986917677993196,9.400339558573853,6.0,6.0,8.005457375030781,7.480938833570411,9.398745828698555,7.986917677993196,9.400339558573853,6.0,6.0,1
419139,2009/10,Kolkata Knight Riders,Punjab Kings,Eden Gardens,Kolkata Knight Riders,bat,0.38235294117647056,0.4864864864864865,0.4,0.2,0.6,1,1,0.4,10,1441.1018799196484,1438.5675534768882,2.5343264427601753,8.005457375030781,7.480938833570411,9.398745828698555,7.986917677993196,9.400339558573853,6.0,6.0,8.005457375030781,7.480938833570411,9.398745828698555,7.986917677993196,9.400339558573853,6.0,6.0,0
419140,2009/10,Delhi Capitals,Royal Challengers Bengaluru,Feroz Shah Kotla,Delhi Capitals,bat,0.5945945945945946,0.47368421052631576,0.6,0.6,0.8,1,1,0.5,10,1559.6477200778425,1527.1635235415317,32.48419653631072,8.005457375030781,7.480938833570411,9.398745828698555,7.986917677993196,9.400339558573853,6.0,6.0,8.005457375030781,7.480938833570411,9.398745828698555,7.986917677993196,9.400339558573853,6.0,6.0,1
419141,2009/10,Deccan Chargers,Rajasthan Royals,"Vidarbha Cricket Association Stadium, Jamtha",Rajasthan Royals,bat,0.3684210526315789,0.6052631578947368,0.2,0.6,0.2,0,1,0.5,0,1444.2459210611003,1517.5281625011557,-73.28224144005549,8.005457375030781,7.480938833570411,9.398745828698555,7.986917677993196,9.400339558573853,6.0,6.0,8.005457375030781,7.480938833570411,9.398745828698555,7.986917677993196,9.400339558573853,6.0,6.0,0
419142,2009/10,Chennai Super Kings,Mumbai Indians,"MA Chidambaram Stadium, Chepauk",Chennai Super Kings,bat,0.5384615384615384,0.5428571428571428,0.4,1.0,0.4,1,1,0.6363636363636364,11,1516.109415314656,1555.6358241071773,-39.52640879252135,8.005457375030781,7.480938833570411,9.398745828698555,7.986917677993196,9.400339558573853,6.0,6.0,8.005457375030781,7.480938833570411,9.398745828698555,7.986917677993196,9.400339558573853,6.0,6.0,1
419143,2009/10,Rajasthan Royals,Punjab Kings,Sawai Mansingh Stadium,Punjab Kings,bat,0.6153846153846154,0.5,0.6,0.2,0.6,0,1,0.2857142857142857,7,1530.2025620340514,1454.6842614527225,75.51830058132896,8.005457375030781,7.480938833570411,9.398745828698555,7.986917677993196,9.400339558573853,6.0,6.0,8.005457375030781,7.480938833570411,9.398745828698555,7.986917677993196,9.400339558573853,6.0,6.0,1
419144,2009/10,Kolkata Knight Riders,Delhi Capitals,Eden Gardens,Kolkata Knight Riders,bat,0.37142857142857144,0.6052631578947368,0.4,0.8,0.25,1,1,0.36363636363636365,11,1424.985171943814,1574.1561114090487,-149.1709394652346,8.005457375030781,7.480938833570411,9.398745828698555,7.986917677993196,9.400339558573853,6.0,6.0,8.005457375030781,7.480938833570411,9.398745828698555,7.986917677993196,9.400339558573853,6.0,6.0,1
419145,2009/10,Royal Challengers Bengaluru,Deccan Chargers,M Chinnaswamy Stadium,Deccan Chargers,field,0.46153846153846156,0.358974358974359,0.4,0.0,0.6,0,0,0.45454545454545453,11,1512.6551322103255,1431.5715215282046,81.08361068212093,8.005457375030781,7.480938833570411,9.398745828698555,7.986917677993196,9.400339558573853,6.0,6.0,8.005457375030781,7.480938833570411,9.398745828698555,7.986917677993196,9.400339558573853,6.0,6.0,0
419146,2009/10,Punjab Kings,Mumbai Indians,"Punjab Cricket Association Stadium, Mohali",Mumbai Indians,bat,0.48717948717948717,0.5277777777777778,0.2,0.8,0.6,0,1,0.5454545454545454,11,1442.108254610902,1537.823378311564,-95.71512370066216,8.005457375030781,7.480938833570411,9.398745828698555,7.986917677993196,9.400339558573853,6.0,6.0,8.005457375030781,7.480938833570411,9.398745828698555,7.986917677993196,9.400339558573853,6.0,6.0,1
419147,2009/10,Deccan Chargers,Chennai Super Kings,"Vidarbha Cricket Association Stadium, Jamtha",Chennai Super Kings,bat,0.375,0.55,0.2,0.6,0.6,0,1,1.0,1,1451.2392133691856,1533.9218611102692,-82.68264774108366,8.005457375030781,7.480938833570411,9.398745828698555,7.986917677993196,9.400339558573853,6.0,6.0,8.005457375030781,7.480938833570411,9.398745828698555,7.986917677993196,9.400339558573853,6.0,6.0,1
419148,2009/10,Royal Challengers Bengaluru,Kolkata Knight Riders,M Chinnaswamy Stadium,Royal Challengers Bengaluru,field,0.45,0.3888888888888889,0.2,0.6,0.4,1,0,0.4166666666666667,12,1492.9874403693445,1447.4615987846487,45.525841584695854,8.005457375030781,7.480938833570411,9.398745828698555,7.986917677993196,9.400339558573853,6.0,6.0,8.005457375030781,7.480938833570411,9.398745828698555,7.986917677993196,9.400339558573853,6.0,6.0,1
419149,2009/10,Delhi Capitals,Punjab Kings,Feroz Shah Kotla,Delhi Capitals,bat,0.5897435897435898,0.5,0.8,0.4,0.4,1,1,0.5454545454545454,11,1551.679684568214,1462.4078723527898,89.27181221542423,8.005457375030781,7.480938833570411,9.398745828698555,7.986917677993196,9.400339558573853,6.0,6.0,8.005457375030781,7.480938833570411,9.398745828698555,7.986917677993196,9.400339558573853,6.0,6.0,0
419150,2009/10,Rajasthan Royals,Mumbai Indians,Sawai Mansingh Stadium,Rajasthan Royals,field,0.625,0.5135135135135135,0.6,0.6,0.5,1,0,0.25,8,1542.778568875872,1517.5237605696761,25.254808306195855,8.005457375030781,7.480938833570411,9.398745828698555,7.986917677993196,9.400339558573853,6.0,6.0,8.005457375030781,7.480938833570411,9.398745828698555,7.986917677993196,9.400339558573853,6.0,6.0,0
419151,2009/10,Deccan Chargers,Royal Challengers Bengaluru,"Vidarbha Cricket Association Stadium, Jamtha",Royal Challengers Bengaluru,field,0.3902439024390244,0.4634146341463415,0.4,0.4,0.5,0,0,0.5,2,1470.976600110949,1506.902815175694,-35.926215064745065,8.005457375030781,7.480938833570411,9.398745828698555,7.986917677993196,9.400339558573853,6.0,6.0,8.005457375030781,7.480938833570411,9.398745828698555,7.986917677993196,9.400339558573853,6.0,6.0,1
419152,2009/10,Mumbai Indians,Delhi Capitals,Brabourne Stadium,Mumbai Indians,bat,0.5263157894736842,0.575,0.6,0.6,0.4,1,1,0.4,5,1534.6847434239064,1531.6567116131587,3.028031810747734,8.005457375030781,7.480938833570411,9.398745828698555,7.986917677993196,9.400339558573853,6.0,6.0,8.005457375030781,7.480938833570411,9.398745828698555,7.986917677993196,9.400339558573853,6.0,6.0,1
419153,2009/10,Chennai Super Kings,Kolkata Knight Riders,"MA Chidambaram Stadium, Chepauk",Kolkata Knight Riders,bat,0.5365853658536586,0.3783783783783784,0.6,0.4,0.75,0,1,0.6666666666666666,12,1514.1844743685058,1433.5462239782992,80.63825039020662,8.005457375030781,7.480938833570411,9.398745828698555,7.986917677993196,9.400339558573853,6.0,6.0,8.005457375030781,7.480938833570411,9.398745828698555,7.986917677993196,9.400339558573853,6.0,6.0,1
419154,2009/10,Rajasthan Royals,Royal Challengers Bengaluru,Sawai Mansingh Stadium,Rajasthan Royals,bat,0.6097560975609756,0.4523809523809524,0.4,0.4,0.6,1,1,0.3333333333333333,9,1525.6175860216417,1489.2542234355255,36.36336258611618,8.005457375030781,7.480938833570411,9.398745828698555,7.986917677993196,9.400339558573853,6.0,6.0,8.005457375030781,7.480938833570411,9.398745828698555,7.986917677993196,9.400339558573853,6.0,6.0,0
419155,2009/10,Chennai Super Kings,Delhi Capitals,"MA Chidambaram Stadium, Chepauk",Chennai Super Kings,bat,0.5476190476190477,0.5609756097560976,0.8,0.4,0.6,1,1,0.6153846153846154,13,1526.5362201153653,1515.7961541007667,10.740066014598597,8.005457375030781,7.480938833570411,9.398745828698555,7.986917677993196,9.400339558573853,6.0,6.0,8.005457375030781,7.480938833570411,9.398745828698555,7.986917677993196,9.400339558573853,6.0,6.0,0
419156,2009/10,Punjab Kings,Deccan Chargers,Himachal Pradesh Cricket Association Stadium,Deccan Chargers,field,0.5121951219512195,0.40476190476190477,0.6,0.6,0.8,0,0,0.5,0,1482.4308453078452,1488.6251918511175,-6.1943465432723315,8.005457375030781,7.480938833570411,9.398745828698555,7.986917677993196,9.400339558573853,6.0,6.0,8.005457375030781,7.480938833570411,9.398745828698555,7.986917677993196,9.400339558573853,6.0,6.0,0
419157,2009/10,Royal Challengers Bengaluru,Mumbai Indians,M Chinnaswamy Stadium,Royal Challengers Bengaluru,field,0.46511627906976744,0.5384615384615384,0.4,0.6,0.6,1,0,0.38461538461538464,13,1506.9227302433821,1550.5453009362984,-43.62257069291627,8.005457375030781,7.480938833570411,9.398745828698555,7.986917677993196,9.400339558573853,6.0,6.0,8.005457375030781,7.480938833570411,9.398745828698555,7.986917677993196,9.400339558573853,6.0,6.0,0
419158,2009/10,Kolkata Knight Riders,Rajasthan Royals,Eden Gardens,Rajasthan Royals,bat,0.3684210526315789,0.5952380952380952,0.4,0.4,0.2,0,1,0.4166666666666667,12,1421.1944782314397,1507.9490792137851,-86.75460098234544,8.005457375030781,7.480938833570411,9.398745828698555,7.986917677993196,9.400339558573853,6.0,6.0,8.005457375030781,7.480938833570411,9.398745828698555,7.986917677993196,9.400339558573853,6.0,6.0,1
419160,2009/10,Delhi Capitals,Deccan Chargers,Feroz Shah Kotla,Deccan Chargers,bat,0.5714285714285714,0.4186046511627907,0.4,0.8,0.6666666666666666,0,1,0.5,12,1532.2905949369006,1504.3399618717704,27.950633065130205,8.005457375030781,7.480938833570411,9.398745828698555,7.986917677993196,9.400339558573853,6.0,6.0,8.005457375030781,7.480938833570411,9.398745828698555,7.986917677993196,9.400339558573853,6.0,6.0,0
419159,2009/10,Punjab Kings,Chennai Super Kings,Himachal Pradesh Cricket Association Stadium,Chennai Super Kings,field,0.5,0.5348837209302325,0.6,0.6,0.16666666666666666,0,0,0.0,1,1466.7160752871923,1510.0417792792314,-43.32570399203905,8.005457375030781,7.480938833570411,9.398745828698555,7.986917677993196,9.400339558573853,6.0,6.0,8.005457375030781,7.480938833570411,9.398745828698555,7.986917677993196,9.400339558573853,6.0,6.0,0
419161,2009/10,Kolkata Knight Riders,Mumbai Indians,Eden Gardens,Mumbai Indians,bat,0.38461538461538464,0.55,0.4,0.6,0.0,0,1,0.38461538461538464,13,1441.108661625,1564.5468974221326,-123.43823579713262,8.005457375030781,7.480938833570411,9.398745828698555,7.986917677993196,9.400339558573853,6.0,6.0,8.005457375030781,7.480938833570411,9.398745828698555,7.986917677993196,9.400339558573853,6.0,6.0,1
419162,2009/10,Royal Challengers Bengaluru,Mumbai Indians,Dr DY Patil Sports Academy,Mumbai Indians,bat,0.45454545454545453,0.5365853658536586,0.4,0.6,0.5,0,1,0.5,6,1492.921133757548,1543.0900472640585,-50.168913506510535,8.005457375030781,7.480938833570411,9.398745828698555,7.986917677993196,9.400339558573853,6.0,6.0,8.005457375030781,7.480938833570411,9.398745828698555,7.986917677993196,9.400339558573853,6.0,6.0,0
419163,2009/10,Chennai Super Kings,Deccan Chargers,Dr DY Patil Sports Academy,Chennai Super Kings,bat,0.5454545454545454,0.4318181818181818,0.6,1.0,0.3333333333333333,1,1,0.5714285714285714,7,1524.056835143122,1521.6243664228105,2.43246872031159,8.005457375030781,7.480938833570411,9.398745828698555,7.986917677993196,9.400339558573853,6.0,6.0,8.005457375030781,7.480938833570411,9.398745828698555,7.986917677993196,9.400339558573853,6.0,6.0,1
419164,2009/10,Royal Challengers Bengaluru,Deccan Chargers,Dr DY Patil Sports Academy,Deccan Chargers,bat,0.4444444444444444,0.4222222222222222,0.4,0.8,0.42857142857142855,0,1,0.625,8,1479.2155728353312,1505.7363839168572,-26.520811081526062,8.005457375030781,7.480938833570411,9.398745828698555,7.986917677993196,9.400339558573853,6.0,6.0,8.005457375030781,7.480938833570411,9.398745828698555,7.986917677993196,9.400339558573853,6.0,6.0,1
419165,2009/10,Chennai Super Kings,Mumbai Indians,Dr DY Patil Sports Academy,Chennai Super Kings,bat,0.5555555555555556,0.5476190476190477,0.6,0.8,0.5,1,1,0.5555555555555556,9,1539.9448176490753,1556.7956081862753,-16.850790537200055,8.005457375030781,7.480938833570411,9.398745828698555,7.986917677993196,9.400339558573853,6.0,6.0,8.005457375030781,7.480938833570411,9.398745828698555,7.986917677993196,9.400339558573853,6.0,6.0,1
501198,2011,Chennai Super Kings,Kolkata Knight Riders,"MA Chidambaram Stadium, Chepauk",Chennai Super Kings,bat,0.5652173913043478,0.4,0.8,0.6,0.8,1,1,0.5714285714285714,14,1556.720217336469,1462.565511783074,94.15470555339493,8.005457375030781,7.480938833570411,9.398745828698555,7.986917677993196,9.400339558573853,6.0,6.0,8.005457375030781,7.480938833570411,9.398745828698555,7.986917677993196,9.400339558573853,6.0,6.0,1
501199,2011,Deccan Chargers,Rajasthan Royals,"Rajiv Gandhi International Stadium, Uppal",Rajasthan Royals,field,0.41304347826086957,0.5813953488372093,0.6,0.4,0.16666666666666666,0,0,0.2857142857142857,7,1488.517422033905,1488.0348958202248,0.48252621368010296,8.005457375030781,7.480938833570411,9.398745828698555,7.986917677993196,9.400339558573853,6.0,6.0,8.005457375030781,7.480938833570411,9.398745828698555,7.986917677993196,9.400339558573853,6.0,6.0,0
501200,2011,Kochi Tuskers Kerala,Royal Challengers Bengaluru,Nehru Stadium,Kochi Tuskers Kerala,bat,0.5,0.45652173913043476,0.5,0.4,0.5,1,1,0.5,0,1500.0,1496.4345347182834,3.5654652817165697,8.005457375030781,7.480938833570411,9.398745828698555,7.986917677993196,9.400339558573853,6.0,6.0,8.005457375030781,7.480938833570411,9.398745828698555,7.986917677993196,9.400339558573853,6.0,6.0,0
501201,2011,Delhi Capitals,Mumbai Indians,Feroz Shah Kotla,Delhi Capitals,bat,0.5581395348837209,0.5348837209302325,0.2,0.6,0.5,1,1,0.5384615384615384,13,1515.0061903858605,1540.0202084988816,-25.014018113021166,8.005457375030781,7.480938833570411,9.398745828698555,7.986917677993196,9.400339558573853,6.0,6.0,8.005457375030781,7.480938833570411,9.398745828698555,7.986917677993196,9.400339558573853,6.0,6.0,0
501202,2011,Pune Warriors,Punjab Kings,Dr DY Patil Sports Academy,Punjab Kings,bat,0.5,0.4883720930232558,0.5,0.4,0.5,0,1,0.6,10,1500.0,1452.7010194233017,47.29898057669834,8.005457375030781,7.480938833570411,9.398745828698555,7.986917677993196,9.400339558573853,6.0,6.0,8.005457375030781,7.480938833570411,9.398745828698555,7.986917677993196,9.400339558573853,6.0,6.0,1
501203,2011,Kolkata Knight Riders,Deccan Chargers,Eden Gardens,Kolkata Knight Riders,bat,0.3902439024390244,0.40425531914893614,0.4,0.4,0.6666666666666666,1,1,0.35714285714285715,14,1450.7983787716485,1472.4952008948599,-21.696822123211405,8.005457375030781,7.480938833570411,9.398745828698555,7.986917677993196,9.400339558573853,6.0,6.0,8.005457375030781,7.480938833570411,9.398745828698555,7.986917677993196,9.400339558573853,6.0,6.0,1
501204,2011,Rajasthan Royals,Delhi Capitals,Sawai Mansingh Stadium,Delhi Capitals,bat,0.5909090909090909,0.5454545454545454,0.4,0.2,0.42857142857142855,0,1,0.3,10,1504.05711695927,1500.1561422732439,3.900974686026075,8.005457375030781,7.480938833570411,9.398745828698555,7.986917677993196,9.400339558573853,6.0,6.0,8.005457375030781,7.480938833570411,9.398745828698555,7.986917677993196,9.400339558573853,6.0,6.0,1
501205,2011,Royal Challengers Bengaluru,Mumbai Indians,M Chinnaswamy Stadium,Mumbai Indians,field,0.46808510638297873,0.5454545454545454,0.6,0.6,0.42857142857142855,0,0,0.42857142857142855,14,1512.598724698665,1554.8702566114982,-42.271531912833325,8.005457375030781,7.480938833570411,9.398745828698555,7.986917677993196,9.400339558573853,6.0,6.0,8.005457375030781,7.480938833570411,9.398745828698555,7.986917677993196,9.400339558573853,6.0,6.0,0
501206,2011,Punjab Kings,Chennai Super Kings,"Punjab Cricket Association Stadium, Mohali",Punjab Kings,field,0.4772727272727273,0.574468085106383,0.4,0.8,0.14285714285714285,1,0,0.5,12,1438.8658605191163,1568.4873503478946,-129.6214898287783,8.005457375030781,7.480938833570411,9.398745828698555,7.986917677993196,9.400339558573853,6.0,6.0,8.005457375030781,7.480938833570411,9.398745828698555,7.986917677993196,9.400339558573853,6.0,6.0,1
501207,2011,Pune Warriors,Kochi Tuskers Kerala,Dr DY Patil Sports Academy,Kochi Tuskers Kerala,bat,1.0,0.0,1.0,0.0,0.5,0,1,0.5454545454545454,11,1513.8351589041854,1483.8358100196185,29.99934888456687,8.005457375030781,7.480938833570411,9.398745828698555,7.986917677993196,9.400339558573853,6.0,6.0,8.005457375030781,7.480938833570411,9.398745828698555,7.986917677993196,9.400339558573853,6.0,6.0,1
501208,2011,Deccan Chargers,Royal Challengers Bengaluru,"Rajiv Gandhi International Stadium, Uppal",Royal Challengers Bengaluru,field,0.3958333333333333,0.4583333333333333,0.2,0.4,0.5,0,0,0.25,8,1455.4973221538069,1498.5358517245206,-43.03852957071376,8.005457375030781,7.480938833570411,9.398745828698555,7.986917677993196,9.400339558573853,6.0,6.0,8.005457375030781,7.480938833570411,9.398745828698555,7.986917677993196,9.400339558573853,6.0,6.0,1
501209,2011,Rajasthan Royals,Kolkata Knight Riders,Sawai Mansingh Stadium,Kolkata Knight Riders,field,0.6,0.40476190476190477,0.4,0.6,0.6666666666666666,0,0,0.2727272727272727,11,1519.8774779847863,1467.7962575127015,52.08122047208485,8.005457375030781,7.480938833570411,9.398745828698555,7.986917677993196,9.400339558573853,6.0,6.0,8.005457375030781,7.480938833570411,9.398745828698555,7.986917677993196,9.400339558573853,6.0,6.0,0
501210,2011,Mumbai Indians,Kochi Tuskers Kerala,Wankhede Stadium,Kochi Tuskers Kerala,field,0.5555555555555556,0.0,0.6,0.0,0.5,0,0,0.3333333333333333,6,1568.9331295856425,1469.213908001806,99.71922158383654,8.005457375030781,7.480938833570411,9.398745828698555,7.986917677993196,9.400339558573853,6.0,6.0,8.005457375030781,7.480938833570411,9.398745828698555,7.986917677993196,9.400339558573853,6.0,6.0,0
501211,2011,Chennai Super Kings,Royal Challengers Bengaluru,"MA Chidambaram Stadium, Chepauk",Chennai Super Kings,bat,0.5625,0.4489795918367347,0.8,0.4,0.42857142857142855,1,1,0.6,15,1546.7804164072293,1480.5639302524478,66.21648615478148,8.005457375030781,7.480938833570411,9.398745828698555,7.986917677993196,9.400339558573853,6.0,6.0,8.005457375030781,7.480938833570411,9.398745828698555,7.986917677993196,9.400339558573853,6.0,6.0,1
501212,2011,Deccan Chargers,Punjab Kings,"Rajiv Gandhi International Stadium, Uppal",Punjab Kings,field,0.40816326530612246,0.4888888888888889,0.2,0.4,0.3333333333333333,0,0,0.3333333333333333,9,1473.4692436258797,1460.5727944597816,12.896449166098137,8.005457375030781,7.480938833570411,9.398745828698555,7.986917677993196,9.400339558573853,6.0,6.0,8.005457375030781,7.480938833570411,9.398745828698555,7.986917677993196,9.400339558573853,6.0,6.0,0
501213,2011,Pune Warriors,Delhi Capitals,Dr DY Patil Sports Academy,Delhi Capitals,field,1.0,0.5333333333333333,1.0,0.2,0.5,0,0,0.5,12,1528.457060921998,1484.3357812477275,44.121279674270454,8.005457375030781,7.480938833570411,9.398745828698555,7.986917677993196,9.400339558573853,6.0,6.0,8.005457375030781,7.480938833570411,9.398745828698555,7.986917677993196,9.400339558573853,6.0,6.0,0
501214,2011,Kolkata Knight Riders,Rajasthan Royals,Eden Gardens,Kolkata Knight Riders,field,0.4186046511627907,0.5869565217391305,0.8,0.4,0.42857142857142855,1,0,0.4,15,1486.1768816934643,1501.4968538040234,-15.319972110559092,8.005457375030781,7.480938833570411,9.398745828698555,7.986917677993196,9.400339558573853,6.0,6.0,8.005457375030781,7.480938833570411,9.398745828698555,7.986917677993196,9.400339558573853,6.0,6.0,1
501215,2011,Kochi Tuskers Kerala,Chennai Super Kings,Nehru Stadium,Kochi Tuskers Kerala,field,0.3333333333333333,0.5714285714285714,0.3333333333333333,0.8,0.5,1,0,0.0,1,1489.6840696549787,1559.767426930525,-70.0833572755464,8.005457375030781,7.480938833570411,9.398745828698555,7.986917677993196,9.400339558573853,6.0,6.0,8.005457375030781,7.480938833570411,9.398745828698555,7.986917677993196,9.400339558573853,6.0,6.0,1
501216,2011,Delhi Capitals,Deccan Chargers,Feroz Shah Kotla,Deccan Chargers,bat,0.5434782608695652,0.4,0.4,0.2,0.5714285714285714,0,1,0.5,14,1502.3567888139112,1456.875612807107,45.48117600680416,8.005457375030781,7.480938833570411,9.398745828698555,7.986917677993196,9.400339558573853,6.0,6.0,8.005457375030781,7.480938833570411,9.398745828698555,7.986917677993196,9.400339558573853,6.0,6.0,0
501218,2011,Mumbai Indians,Pune Warriors,Wankhede Stadium,Pune Warriors,bat,0.5434782608695652,0.6666666666666666,0.6,0.6666666666666666,0.5,0,1,0.2857142857142857,7,1548.4629679324698,1510.4360533558142,38.0269145766556,8.005457375030781,7.480938833570411,9.398745828698555,7.986917677993196,9.400339558573853,6.0,6.0,8.005457375030781,7.480938833570411,9.398745828698555,7.986917677993196,9.400339558573853,6.0,6.0,1
501219,2011,Kolkata Knight Riders,Kochi Tuskers Kerala,Eden Gardens,Kolkata Knight Riders,field,0.4318181818181818,0.5,0.8,0.5,0.5,1,0,0.375,16,1502.8819355911005,1508.8684540152324,-5.986518424131873,8.005457375030781,7.480938833570411,9.398745828698555,7.986917677993196,9.400339558573853,6.0,6.0,8.005457375030781,7.480938833570411,9.398745828698555,7.986917677993196,9.400339558573853,6.0,6.0,0
501220,2011,Punjab Kings,Rajasthan Royals,"Punjab Cricket Association Stadium, Mohali",Rajasthan Royals,field,0.5,0.574468085106383,0.4,0.4,0.3333333333333333,0,0,0.46153846153846156,13,1477.1664252785542,1484.7917999063873,-7.625374627833025,8.005457375030781,7.480938833570411,9.398745828698555,7.986917677993196,9.400339558573853,6.0,6.0,8.005457375030781,7.480938833570411,9.398745828698555,7.986917677993196,9.400339558573853,6.0,6.0,1
501221,2011,Mumbai Indians,Chennai Super Kings,Wankhede Stadium,Chennai Super Kings,field,0.5531914893617021,0.56,0.6,0.6,0.42857142857142855,0,0,0.25,8,1562.7187232215574,1540.5830425702713,22.135680651286066,8.005457375030781,7.480938833570411,9.398745828698555,7.986917677993196,9.400339558573853,6.0,6.0,8.005457375030781,7.480938833570411,9.398745828698555,7.986917677993196,9.400339558573853,6.0,6.0,1
501222,2011,Kolkata Knight Riders,Royal Challengers Bengaluru,Eden Gardens,Royal Challengers Bengaluru,field,0.4222222222222222,0.44,0.6,0.4,0.5,0,0,0.4117647058823529,17,1487.1575976725674,1467.576919729152,19.580677943415367,8.005457375030781,7.480938833570411,9.398745828698555,7.986917677993196,9.400339558573853,6.0,6.0,8.005457375030781,7.480938833570411,9.398745828698555,7.986917677993196,9.400339558573853,6.0,6.0,0
501223,2011,Delhi Capitals,Punjab Kings,Feroz Shah Kotla,Punjab Kings,field,0.5319148936170213,0.5106382978723404,0.2,0.6,0.3333333333333333,0,0,0.5333333333333333,15,1484.274185663178,1493.5175303838919,-9.243344720713822,8.005457375030781,7.480938833570411,9.398745828698555,7.986917677993196,9.400339558573853,6.0,6.0,8.005457375030781,7.480938833570411,9.398745828698555,7.986917677993196,9.400339558573853,6.0,6.0,1
501224,2011,Deccan Chargers,Mumbai Indians,"Rajiv Gandhi International Stadium, Uppal",Deccan Chargers,field,0.4117647058823529,0.5625,0.4,0.8,0.5,1,0,0.3,10,1474.9582159578401,1577.7007145063762,-102.7424985485361,8.005457375030781,7.480938833570411,9.398745828698555,7.986917677993196,9.400339558573853,6.0,6.0,8.005457375030781,7.480938833570411,9.398745828698555,7.986917677993196,9.400339558573853,6.0,6.0,0
501225,2011,Rajasthan Royals,Kochi Tuskers Kerala,Sawai Mansingh Stadium,Rajasthan Royals,field,0.5625,0.6,0.4,0.6,0.5,1,0,0.25,12,1468.4406948010496,1524.5927919337655,-56.15209713271588,8.005457375030781,7.480938833570411,9.398745828698555,7.986917677993196,9.400339558573853,6.0,6.0,8.005457375030781,7.480938833570411,9.398745828698555,7.986917677993196,9.400339558573853,6.0,6.0,1
501226,2011,Chennai Super Kings,Pune Warriors,"MA Chidambaram Stadium, Chepauk",Pune Warriors,field,0.5490196078431373,0.5,0.4,0.5,0.5,0,0,0.625,16,1525.6010512854525,1496.1802980667267,29.42075321872585,8.005457375030781,7.480938833570411,9.398745828698555,7.986917677993196,9.400339558573853,6.0,6.0,8.005457375030781,7.480938833570411,9.398745828698555,7.986917677993196,9.400339558573853,6.0,6.0,1
501227,2011,Delhi Capitals,Royal Challengers Bengaluru,Feroz Shah Kotla,Royal Challengers Bengaluru,field,0.5416666666666666,0.45098039215686275,0.4,0.4,0.8333333333333334,0,0,0.5625,16,1500.6997570169117,1484.477689800764,16.222067216147707,8.005457375030781,7.480938833570411,9.398745828698555,7.986917677993196,9.400339558573853,6.0,6.0,8.005457375030781,7.480938833570411,9.398745828698555,7.986917677993196,9.400339558573853,6.0,6.0,0
501228,2011,Pune Warriors,Chennai Super Kings,Dr DY Patil Sports Academy,Pune Warriors,bat,0.4,0.5576923076923077,0.4,0.4,0.0,1,1,0.46153846153846156,13,1481.531944634305,1540.249404717874,-58.717460083568994,8.005457375030781,7.480938833570411,9.398745828698555,7.986917677993196,9.400339558573853,6.0,6.0,8.005457375030781,7.480938833570411,9.398745828698555,7.986917677993196,9.400339558573853,6.0,6.0,0
501229,2011,Kochi Tuskers Kerala,Deccan Chargers,Nehru Stadium,Kochi Tuskers Kerala,field,0.5,0.40384615384615385,0.6,0.4,0.5,1,0,0.0,2,1506.0291746102102,1463.5564226238996,42.47275198631064,8.005457375030781,7.480938833570411,9.398745828698555,7.986917677993196,9.400339558573853,6.0,6.0,8.005457375030781,7.480938833570411,9.398745828698555,7.986917677993196,9.400339558573853,6.0,6.0,0
501230,2011,Delhi Capitals,Kolkata Knight Riders,Feroz Shah Kotla,Delhi Capitals,field,0.5306122448979592,0.41304347826086957,0.4,0.6,0.6,1,0,0.5294117647058824,17,1483.9532456091765,1470.2568276009554,13.696418008221144,8.005457375030781,7.480938833570411,9.398745828698555,7.986917677993196,9.400339558573853,6.0,6.0,8.005457375030781,7.480938833570411,9.398745828698555,7.986917677993196,9.400339558573853,6.0,6.0,0
501231,2011,Rajasthan Royals,Mumbai Indians,Sawai Mansingh Stadium,Rajasthan Royals,field,0.5714285714285714,0.5714285714285714,0.4,0.8,0.4,1,0,0.23076923076923078,13,1487.004312124605,1589.1025078403168,-102.09819571571188,8.005457375030781,7.480938833570411,9.398745828698555,7.986917677993196,9.400339558573853,6.0,6.0,8.005457375030781,7.480938833570411,9.398745828698555,7.986917677993196,9.400339558573853,6.0,6.0,1
501232,2011,Royal Challengers Bengaluru,Pune Warriors,M Chinnaswamy Stadium,Pune Warriors,field,0.46153846153846156,0.3333333333333333,0.4,0.2,0.5,0,0,0.4,15,1501.2242012084992,1468.210530263768,33.013670944731075,8.005457375030781,7.480938833570411,9.398745828698555,7.986917677993196,9.400339558573853,6.0,6.0,8.005457375030781,7.480938833570411,9.398745828698555,7.986917677993196,9.400339558573853,6.0,6.0,1
501233,2011,Kochi Tuskers Kerala,Delhi Capitals,Nehru Stadium,Delhi Capitals,bat,0.42857142857142855,0.52,0.6,0.4,0.5,0,1,0.3333333333333333,3,1488.0829175279578,1467.3228287834236,20.760088744534187,8.005457375030781,7.480938833570411,9.398745828698555,7.986917677993196,9.400339558573853,6.0,6.0,8.005457375030781,7.480938833570411,9.398745828698555,7.986917677993196,9.400339558573853,6.0,6.0,0
501234,2011,Kolkata Knight Riders,Punjab Kings,Eden Gardens,Kolkata Knight Riders,field,0.425531914893617,0.5,0.6,0.6,0.5,1,0,0.3888888888888889,18,1486.8872444267083,1477.0919590301583,9.79528539655007,8.005457375030781,7.480938833570411,9.398745828698555,7.986917677993196,9.400339558573853,6.0,6.0,8.005457375030781,7.480938833570411,9.398745828698555,7.986917677993196,9.400339558573853,6.0,6.0,1
501235,2011,Rajasthan Royals,Pune Warriors,Sawai Mansingh Stadium,Rajasthan Royals,field,0.58,0.2857142857142857,0.4,0.0,0.5,1,0,0.21428571428571427,14,1507.5752836667511,1453.726306763492,53.8489769032592,8.005457375030781,7.480938833570411,9.398745828698555,7.986917677993196,9.400339558573853,6.0,6.0,8.005457375030781,7.480938833570411,9.398745828698555,7.986917677993196,9.400339558573853,6.0,6.0,1
501236,2011,Chennai Super Kings,Deccan Chargers,"MA Chidambaram Stadium, Chepauk",Chennai Super Kings,bat,0.5660377358490566,0.41509433962264153,0.6,0.6,0.42857142857142855,1,1,0.6470588235294118,17,1553.570819088411,1481.502679706152,72.068139382259,8.005457375030781,7.480938833570411,9.398745828698555,7.986917677993196,9.400339558573853,6.0,6.0,8.005457375030781,7.480938833570411,9.398745828698555,7.986917677993196,9.400339558573853,6.0,6.0,1
501237,2011,Mumbai Indians,Punjab Kings,Wankhede Stadium,Punjab Kings,field,0.56,0.4897959183673469,0.6,0.6,0.3333333333333333,0,0,0.3333333333333333,9,1568.5315362981705,1461.542929114566,106.98860718360447,8.005457375030781,7.480938833570411,9.398745828698555,7.986917677993196,9.400339558573853,6.0,6.0,8.005457375030781,7.480938833570411,9.398745828698555,7.986917677993196,9.400339558573853,6.0,6.0,1
501238,2011,Delhi Capitals,Kochi Tuskers Kerala,Feroz Shah Kotla,Kochi Tuskers Kerala,field,0.5294117647058824,0.375,0.4,0.4,1.0,0,0,0.5555555555555556,18,1484.277730029947,1471.1280162814344,13.149713748512568,8.005457375030781,7.480938833570411,9.398745828698555,7.986917677993196,9.400339558573853,6.0,6.0,8.005457375030781,7.480938833570411,9.398745828698555,7.986917677993196,9.400339558573853,6.0,6.0,0
501239,2011,Deccan Chargers,Kolkata Knight Riders,"Rajiv Gandhi International Stadium, Uppal",Deccan Chargers,field,0.4074074074074074,0.4375,0.4,0.6,0.2857142857142857,1,0,0.36363636363636365,11,1468.7747455083331,1502.4362743423005,-33.661528833967395,8.005457375030781,7.480938833570411,9.398745828698555,7.986917677993196,9.400339558573853,6.0,6.0,8.005457375030781,7.480938833570411,9.398745828698555,7.986917677993196,9.400339558573853,6.0,6.0,0
501240,2011,Chennai Super Kings,Rajasthan Royals,"MA Chidambaram Stadium, Chepauk",Rajasthan Royals,bat,0.5740740740740741,0.5882352941176471,0.6,0.6,0.42857142857142855,0,1,0.6666666666666666,18,1566.29875328623,1521.1151144274754,45.18363885875465,8.005457375030781,7.480938833570411,9.398745828698555,7.986917677993196,9.400339558573853,6.0,6.0,8.005457375030781,7.480938833570411,9.398745828698555,7.986917677993196,9.400339558573853,6.0,6.0,1
501241,2011,Pune Warriors,Mumbai Indians,Dr DY Patil Sports Academy,Pune Warriors,field,0.25,0.5686274509803921,0.0,0.8,0.0,1,0,0.42857142857142855,14,1440.1864760027677,1579.7545758774613,-139.56809987469364,8.005457375030781,7.480938833570411,9.398745828698555,7.986917677993196,9.400339558573853,6.0,6.0,8.005457375030781,7.480938833570411,9.398745828698555,7.986917677993196,9.400339558573853,6.0,6.0,0
501243,2011,Deccan Chargers,Delhi Capitals,"Rajiv Gandhi International Stadium, Uppal",Delhi Capitals,field,0.4,0.5192307692307693,0.4,0.4,0.5,0,0,0.4166666666666667,12,1454.3200839437234,1467.672452318295,-13.352368374571597,8.005457375030781,7.480938833570411,9.398745828698555,7.986917677993196,9.400339558573853,6.0,6.0,8.005457375030781,7.480938833570411,9.398745828698555,7.986917677993196,9.400339558573853,6.0,6.0,0
501242,2011,Kochi Tuskers Kerala,Kolkata Knight Riders,Nehru Stadium,Kolkata Knight Riders,field,0.4444444444444444,0.4489795918367347,0.4,0.6,1.0,0,0,0.5,4,1487.7332939930864,1516.8909359069103,-29.15764191382391,8.005457375030781,7.480938833570411,9.398745828698555,7.986917677993196,9.400339558573853,6.0,6.0,8.005457375030781,7.480938833570411,9.398745828698555,7.986917677993196,9.400339558573853,6.0,6.0,1
501244,2011,Royal Challengers Bengaluru,Punjab Kings,M Chinnaswamy Stadium,Punjab Kings,field,0.4716981132075472,0.48,0.6,0.4,0.5,0,0,0.4375,16,1515.7084247087753,1450.3198895352753,65.38853517350003,8.005457375030781,7.480938833570411,9.398745828698555,7.986917677993196,9.400339558573853,6.0,6.0,8.005457375030781,7.480938833570411,9.398745828698555,7.986917677993196,9.400339558573853,6.0,6.0,1
501245,2011,Kolkata Knight Riders,Chennai Super Kings,Eden Gardens,Chennai Super Kings,bat,0.44,0.5818181818181818,0.6,0.8,0.16666666666666666,0,1,0.3684210526315789,19,1499.5513203588757,1580.229621580551,-80.67830122167538,8.005457375030781,7.480938833570411,9.398745828698555,7.986917677993196,9.400339558573853,6.0,6.0,8.005457375030781,7.480938833570411,9.398745828698555,7.986917677993196,9.400339558573853,6.0,6.0,1
501246,2011,Mumbai Indians,Delhi Capitals,Wankhede Stadium,Delhi Capitals,field,0.5769230769230769,0.5283018867924528,0.8,0.4,0.5714285714285714,0,0,0.4,10,1589.6520072331007,1483.0578555787629,106.5941516543378,8.005457375030781,7.480938833570411,9.398745828698555,7.986917677993196,9.400339558573853,6.0,6.0,8.005457375030781,7.480938833570411,9.398745828698555,7.986917677993196,9.400339558573853,6.0,6.0,1
501247,2011,Royal Challengers Bengaluru,Kochi Tuskers Kerala,M Chinnaswamy Stadium,Kochi Tuskers Kerala,bat,0.48148148148148145,0.5,0.8,0.4,1.0,0,1,0.47058823529411764,17,1528.7322281352003,1505.072909541121,23.659318594079423,8.005457375030781,7.480938833570411,9.398745828698555,7.986917677993196,9.400339558573853,6.0,6.0,8.005457375030781,7.480938833570411,9.398745828698555,7.986917677993196,9.400339558573853,6.0,6.0,1
501248,2011,Punjab Kings,Pune Warriors,"Punjab Cricket Association Stadium, Mohali",Punjab Kings,bat,0.47058823529411764,0.2222222222222222,0.2,0.0,0.0,1,1,0.5,14,1437.2960861088502,1430.2890446471283,7.007041461721883,8.005457375030781,7.480938833570411,9.398745828698555,7.986917677993196,9.400339558573853,6.0,6.0,8.005457375030781,7.480938833570411,9.398745828698555,7.986917677993196,9.400339558573853,6.0,6.0,0
501249,2011,Rajasthan Royals,Chennai Super Kings,Sawai Mansingh Stadium,Rajasthan Royals,field,0.5769230769230769,0.5714285714285714,0.6,0.8,0.5,1,0,0.2,15,1507.1842461331544,1560.5796188575466,-53.395372724392246,8.005457375030781,7.480938833570411,9.398745828698555,7.986917677993196,9.400339558573853,6.0,6.0,8.005457375030781,7.480938833570411,9.398745828698555,7.986917677993196,9.400339558573853,6.0,6.0,0
501250,2011,Deccan Chargers,Pune Warriors,"Rajiv Gandhi International Stadium, Uppal",Deccan Chargers,bat,0.39285714285714285,0.3,0.2,0.2,0.5,1,1,0.38461538461538464,13,1438.9346806832555,1446.6116870883752,-7.677006405119755,8.005457375030781,7.480938833570411,9.398745828698555,7.986917677993196,9.400339558573853,6.0,6.0,8.005457375030781,7.480938833570411,9.398745828698555,7.986917677993196,9.400339558573853,6.0,6.0,0
501251,2011,Punjab Kings,Mumbai Indians,"Punjab Cricket Association Stadium, Mohali",Mumbai Indians,field,0.46153846153846156,0.5849056603773585,0.0,0.8,0.5714285714285714,0,0,0.4666666666666667,15,1420.9734436676033,1600.8915985397234,-179.9181548721201,8.005457375030781,7.480938833570411,9.398745828698555,7.986917677993196,9.400339558573853,6.0,6.0,8.005457375030781,7.480938833570411,9.398745828698555,7.986917677993196,9.400339558573853,6.0,6.0,1
501252,2011,Rajasthan Royals,Royal Challengers Bengaluru,Sawai Mansingh Stadium,Royal Challengers Bengaluru,field,0.5660377358490566,0.4909090909090909,0.6,1.0,0.5,0,0,0.25,16,1493.6240159145957,1543.6443572878695,-50.02034137327382,8.005457375030781,7.480938833570411,9.398745828698555,7.986917677993196,9.400339558573853,6.0,6.0,8.005457375030781,7.480938833570411,9.398745828698555,7.986917677993196,9.400339558573853,6.0,6.0,0
501253,2011,Chennai Super Kings,Delhi Capitals,"MA Chidambaram Stadium, Chepauk",Chennai Super Kings,bat,0.5789473684210527,0.5185185185185185,0.8,0.4,0.5,1,1,0.631578947368421,19,1574.1398490761053,1471.8182642721401,102.32158480396515,8.005457375030781,7.480938833570411,9.398745828698555,7.986917677993196,9.400339558573853,6.0,6.0,8.005457375030781,7.480938833570411,9.398745828698555,7.986917677993196,9.400339558573853,6.0,6.0,1
501254,2011,Kochi Tuskers Kerala,Punjab Kings,Holkar Cricket Stadium,Punjab Kings,field,0.45454545454545453,0.4716981132075472,0.4,0.2,0.5,0,0,0.5,0,1490.1607803884517,1444.590018046472,45.570762341979616,8.005457375030781,7.480938833570411,9.398745828698555,7.986917677993196,9.400339558573853,6.0,6.0,8.005457375030781,7.480938833570411,9.398745828698555,7.986917677993196,9.400339558573853,6.0,6.0,0
501255,2011,Royal Challengers Bengaluru,Kolkata Knight Riders,M Chinnaswamy Stadium,Royal Challengers Bengaluru,field,0.5,0.45098039215686275,1.0,0.8,0.5714285714285714,1,0,0.4444444444444444,18,1557.3566199195661,1519.2013230818802,38.15529683768591,8.005457375030781,7.480938833570411,9.398745828698555,7.986917677993196,9.400339558573853,6.0,6.0,8.005457375030781,7.480938833570411,9.398745828698555,7.986917677993196,9.400339558573853,6.0,6.0,1
501256,2011,Mumbai Indians,Deccan Chargers,Wankhede Stadium,Deccan Chargers,bat,0.5740740740740741,0.38596491228070173,0.6,0.2,0.5714285714285714,0,1,0.45454545454545453,11,1577.2750241608546,1423.2881623670617,153.98686179379297,8.005457375030781,7.480938833570411,9.398745828698555,7.986917677993196,9.400339558573853,6.0,6.0,8.005457375030781,7.480938833570411,9.398745828698555,7.986917677993196,9.400339558573853,6.0,6.0,0
501257,2011,Punjab Kings,Delhi Capitals,Himachal Pradesh Cricket Association Stadium,Delhi Capitals,field,0.48148148148148145,0.509090909090909,0.4,0.4,0.5714285714285714,0,0,0.0,2,1462.6766767668773,1460.398681901821,2.277994865056371,8.005457375030781,7.480938833570411,9.398745828698555,7.986917677993196,9.400339558573853,6.0,6.0,8.005457375030781,7.480938833570411,9.398745828698555,7.986917677993196,9.400339558573853,6.0,6.0,1
501258,2011,Kochi Tuskers Kerala,Rajasthan Royals,Holkar Cricket Stadium,Kochi Tuskers Kerala,field,0.4166666666666667,0.5555555555555556,0.4,0.4,0.0,1,0,0.0,1,1472.0741216680465,1479.911753282899,-7.837631614852626,8.005457375030781,7.480938833570411,9.398745828698555,7.986917677993196,9.400339558573853,6.0,6.0,8.005457375030781,7.480938833570411,9.398745828698555,7.986917677993196,9.400339558573853,6.0,6.0,1
501259,2011,Pune Warriors,Deccan Chargers,Dr DY Patil Sports Academy,Deccan Chargers,field,0.36363636363636365,0.39655172413793105,0.4,0.2,1.0,0,0,0.4666666666666667,15,1462.258205404569,1445.948986620255,16.309218784313998,8.005457375030781,7.480938833570411,9.398745828698555,7.986917677993196,9.400339558573853,6.0,6.0,8.005457375030781,7.480938833570411,9.398745828698555,7.986917677993196,9.400339558573853,6.0,6.0,0
501260,2011,Punjab Kings,Royal Challengers Bengaluru,Himachal Pradesh Cricket Association Stadium,Punjab Kings,bat,0.4909090909090909,0.5087719298245614,0.6,1.0,0.42857142857142855,1,1,0.3333333333333333,3,1478.5717727297474,1571.6065334854495,-93.03476075570211,8.005457375030781,7.480938833570411,9.398745828698555,7.986917677993196,9.400339558573853,6.0,6.0,8.005457375030781,7.480938833570411,9.398745828698555,7.986917677993196,9.400339558573853,6.0,6.0,1
501261,2011,Chennai Super Kings,Kochi Tuskers Kerala,"MA Chidambaram Stadium, Chepauk",Chennai Super Kings,bat,0.5862068965517241,0.46153846153846156,0.8,0.6,0.0,1,1,0.65,20,1585.5594314464245,1488.4349967296987,97.12443471672577,8.005457375030781,7.480938833570411,9.398745828698555,7.986917677993196,9.400339558573853,6.0,6.0,8.005457375030781,7.480938833570411,9.398745828698555,7.986917677993196,9.400339558573853,6.0,6.0,1
501262,2011,Pune Warriors,Kolkata Knight Riders,Dr DY Patil Sports Academy,Kolkata Knight Riders,field,0.3333333333333333,0.4423076923076923,0.4,0.6,0.5,0,0,0.4375,16,1445.5076893025819,1504.9514095159968,-59.44372021341496,8.005457375030781,7.480938833570411,9.398745828698555,7.986917677993196,9.400339558573853,6.0,6.0,8.005457375030781,7.480938833570411,9.398745828698555,7.986917677993196,9.400339558573853,6.0,6.0,0
501263,2011,Mumbai Indians,Rajasthan Royals,Wankhede Stadium,Mumbai Indians,bat,0.5636363636363636,0.5454545454545454,0.6,0.2,0.5,1,1,0.5,12,1554.6141999076613,1463.5508782212469,91.06332168641438,8.005457375030781,7.480938833570411,9.398745828698555,7.986917677993196,9.400339558573853,6.0,6.0,8.005457375030781,7.480938833570411,9.398745828698555,7.986917677993196,9.400339558573853,6.0,6.0,0
501264,2011,Punjab Kings,Deccan Chargers,Himachal Pradesh Cricket Association Stadium,Punjab Kings,field,0.5,0.4067796610169492,0.8,0.4,0.7142857142857143,1,0,0.5,4,1498.7566332856545,1462.6995027222422,36.05713056341233,8.005457375030781,7.480938833570411,9.398745828698555,7.986917677993196,9.400339558573853,6.0,6.0,8.005457375030781,7.480938833570411,9.398745828698555,7.986917677993196,9.400339558573853,6.0,6.0,0
501266,2011,Royal Challengers Bengaluru,Chennai Super Kings,M Chinnaswamy Stadium,Royal Challengers Bengaluru,field,0.5,0.5932203389830508,0.8,0.8,0.5,1,0,0.42105263157894735,19,1551.4216729295424,1597.1996651830516,-45.77799225350918,8.005457375030781,7.480938833570411,9.398745828698555,7.986917677993196,9.400339558573853,6.0,6.0,8.005457375030781,7.480938833570411,9.398745828698555,7.986917677993196,9.400339558573853,6.0,6.0,1
501267,2011,Kolkata Knight Riders,Mumbai Indians,Eden Gardens,Mumbai Indians,field,0.4528301886792453,0.5535714285714286,0.6,0.4,0.16666666666666666,0,0,0.35,20,1518.2403271566134,1534.514041425009,-16.27371426839568,8.005457375030781,7.480938833570411,9.398745828698555,7.986917677993196,9.400339558573853,6.0,6.0,8.005457375030781,7.480938833570411,9.398745828698555,7.986917677993196,9.400339558573853,6.0,6.0,0
501268,2011,Royal Challengers Bengaluru,Chennai Super Kings,Wankhede Stadium,Chennai Super Kings,field,0.5084745762711864,0.5833333333333334,0.8,0.6,0.5555555555555556,0,0,0.46153846153846156,13,1569.5177118933925,1579.1036262192015,-9.585914325808972,8.005457375030781,7.480938833570411,9.398745828698555,7.986917677993196,9.400339558573853,6.0,6.0,8.005457375030781,7.480938833570411,9.398745828698555,7.986917677993196,9.400339558573853,6.0,6.0,0
501269,2011,Mumbai Indians,Kolkata Knight Riders,Wankhede Stadium,Mumbai Indians,field,0.5614035087719298,0.4444444444444444,0.4,0.4,0.8571428571428571,1,0,0.42857142857142855,14,1549.7651567766475,1502.989211804975,46.775944971672516,8.005457375030781,7.480938833570411,9.398745828698555,7.986917677993196,9.400339558573853,6.0,6.0,8.005457375030781,7.480938833570411,9.398745828698555,7.986917677993196,9.400339558573853,6.0,6.0,1
501270,2011,Royal Challengers Bengaluru,Mumbai Indians,"MA Chidambaram Stadium, Chepauk",Mumbai Indians,field,0.5,0.5689655172413793,0.6,0.4,0.375,0,0,0.6666666666666666,21,1553.9590475810044,1563.6239662103449,-9.664918629340491,8.005457375030781,7.480938833570411,9.398745828698555,7.986917677993196,9.400339558573853,6.0,6.0,8.005457375030781,7.480938833570411,9.398745828698555,7.986917677993196,9.400339558573853,6.0,6.0,1
501271,2011,Chennai Super Kings,Royal Challengers Bengaluru,"MA Chidambaram Stadium, Chepauk",Chennai Super Kings,bat,0.5901639344262295,0.5081967213114754,0.8,0.6,0.5,1,1,0.6818181818181818,22,1594.6622905315896,1570.404018760201,24.258271771388536,8.005457375030781,7.480938833570411,9.398745828698555,7.986917677993196,9.400339558573853,6.0,6.0,8.005457375030781,7.480938833570411,9.398745828698555,7.986917677993196,9.400339558573853,6.0,6.0,1
548306,2012,Chennai Super Kings,Mumbai Indians,"MA Chidambaram Stadium, Chepauk",Mumbai Indians,field,0.5967741935483871,0.559322033898305,0.8,0.4,0.5,0,0,0.6956521739130435,23,1609.5469676286928,1547.1789950311481,62.36797259754462,8.005457375030781,7.480938833570411,9.398745828698555,7.986917677993196,9.400339558573853,6.0,6.0,8.005457375030781,7.480938833570411,9.398745828698555,7.986917677993196,9.400339558573853,6.0,6.0,0
548307,2012,Kolkata Knight Riders,Delhi Capitals,Eden Gardens,Delhi Capitals,field,0.43636363636363634,0.5,0.4,0.2,0.5,0,0,0.3333333333333333,21,1489.1304023712776,1444.503585938951,44.62681643232668,8.005457375030781,7.480938833570411,9.398745828698555,7.986917677993196,9.400339558573853,6.0,6.0,8.005457375030781,7.480938833570411,9.398745828698555,7.986917677993196,9.400339558573853,6.0,6.0,0
548308,2012,Mumbai Indians,Pune Warriors,Wankhede Stadium,Mumbai Indians,field,0.5666666666666667,0.3076923076923077,0.6,0.4,1.0,1,0,0.4,15,1566.0206884422134,1432.2187716619653,133.80191678024812,8.005457375030781,7.480938833570411,9.398745828698555,7.986917677993196,9.400339558573853,6.0,6.0,8.005457375030781,7.480938833570411,9.398745828698555,7.986917677993196,9.400339558573853,6.0,6.0,0
548309,2012,Rajasthan Royals,Punjab Kings,Sawai Mansingh Stadium,Punjab Kings,field,0.5535714285714286,0.49122807017543857,0.2,0.8,0.5714285714285714,0,0,0.23529411764705882,17,1483.651036703899,1481.1020769021754,2.5489598017236403,8.005457375030781,7.480938833570411,9.398745828698555,7.986917677993196,9.400339558573853,6.0,6.0,8.005457375030781,7.480938833570411,9.398745828698555,7.986917677993196,9.400339558573853,6.0,6.0,1
548311,2012,Deccan Chargers,Chennai Super Kings,Dr. Y.S. Rajasekhara Reddy ACA-VDCA Cricket Stadium,Deccan Chargers,field,0.4166666666666667,0.5873015873015873,0.6,0.6,0.5,1,0,0.5,0,1480.3540591057213,1590.7052742176274,-110.35121511190619,8.005457375030781,7.480938833570411,9.398745828698555,7.986917677993196,9.400339558573853,6.0,6.0,8.005457375030781,7.480938833570411,9.398745828698555,7.986917677993196,9.400339558573853,6.0,6.0,0
548310,2012,Royal Challengers Bengaluru,Delhi Capitals,M Chinnaswamy Stadium,Delhi Capitals,field,0.5,0.5087719298245614,0.4,0.4,0.2857142857142857,0,0,0.4,20,1555.519341663098,1462.5474986624022,92.9718430006958,8.005457375030781,7.480938833570411,9.398745828698555,7.986917677993196,9.400339558573853,6.0,6.0,8.005457375030781,7.480938833570411,9.398745828698555,7.986917677993196,9.400339558573853,6.0,6.0,1
548312,2012,Rajasthan Royals,Kolkata Knight Riders,Sawai Mansingh Stadium,Kolkata Knight Riders,field,0.5614035087719298,0.42857142857142855,0.4,0.2,0.5,0,0,0.2777777777777778,18,1499.5336548730431,1471.0864896478263,28.44716522521685,8.005457375030781,7.480938833570411,9.398745828698555,7.986917677993196,9.400339558573853,6.0,6.0,8.005457375030781,7.480938833570411,9.398745828698555,7.986917677993196,9.400339558573853,6.0,6.0,1
548313,2012,Pune Warriors,Punjab Kings,Subrata Roy Sahara Stadium,Pune Warriors,bat,0.35714285714285715,0.4827586206896552,0.6,0.6,1.0,1,1,0.5,0,1454.0930028756118,1465.2194587330314,-11.126455857419614,8.005457375030781,7.480938833570411,9.398745828698555,7.986917677993196,9.400339558573853,6.0,6.0,8.005457375030781,7.480938833570411,9.398745828698555,7.986917677993196,9.400339558573853,6.0,6.0,1
548314,2012,Deccan Chargers,Mumbai Indians,Dr. Y.S. Rajasekhara Reddy ACA-VDCA Cricket Stadium,Deccan Chargers,bat,0.4098360655737705,0.5573770491803278,0.6,0.6,0.5,1,1,1.0,1,1469.271659191026,1544.146457228567,-74.87479803754104,8.005457375030781,7.480938833570411,9.398745828698555,7.986917677993196,9.400339558573853,6.0,6.0,8.005457375030781,7.480938833570411,9.398745828698555,7.986917677993196,9.400339558573853,6.0,6.0,0
548315,2012,Royal Challengers Bengaluru,Kolkata Knight Riders,M Chinnaswamy Stadium,Royal Challengers Bengaluru,field,0.5079365079365079,0.42105263157894735,0.6,0.2,0.625,1,0,0.42857142857142855,21,1567.337180487704,1456.3936103760561,110.94357011164789,8.005457375030781,7.480938833570411,9.398745828698555,7.986917677993196,9.400339558573853,6.0,6.0,8.005457375030781,7.480938833570411,9.398745828698555,7.986917677993196,9.400339558573853,6.0,6.0,0
548316,2012,Delhi Capitals,Chennai Super Kings,Feroz Shah Kotla,Delhi Capitals,field,0.5,0.59375,0.2,0.6,0.42857142857142855,1,0,0.5263157894736842,19,1450.7296598377961,1601.7876741323228,-151.05801429452663,8.005457375030781,7.480938833570411,9.398745828698555,7.986917677993196,9.400339558573853,6.0,6.0,8.005457375030781,7.480938833570411,9.398745828698555,7.986917677993196,9.400339558573853,6.0,6.0,1
548317,2012,Mumbai Indians,Rajasthan Royals,Wankhede Stadium,Rajasthan Royals,field,0.5645161290322581,0.5689655172413793,0.6,0.6,0.42857142857142855,0,0,0.4375,16,1556.750752506736,1514.2265341448133,42.52421836192275,8.005457375030781,7.480938833570411,9.398745828698555,7.986917677993196,9.400339558573853,6.0,6.0,8.005457375030781,7.480938833570411,9.398745828698555,7.986917677993196,9.400339558573853,6.0,6.0,1
548319,2012,Punjab Kings,Pune Warriors,"Punjab Cricket Association Stadium, Mohali",Punjab Kings,field,0.4745762711864407,0.4,0.4,0.6,0.0,1,0,0.5,16,1448.7072415979167,1470.6052200107265,-21.897978412809834,8.005457375030781,7.480938833570411,9.398745828698555,7.986917677993196,9.400339558573853,6.0,6.0,8.005457375030781,7.480938833570411,9.398745828698555,7.986917677993196,9.400339558573853,6.0,6.0,1
548318,2012,Chennai Super Kings,Royal Challengers Bengaluru,"MA Chidambaram Stadium, Chepauk",Royal Challengers Bengaluru,bat,0.5846153846153846,0.5,0.6,0.4,0.5454545454545454,0,1,0.6666666666666666,24,1579.2387429493758,1546.394891287851,32.84385166152492,8.005457375030781,7.480938833570411,9.398745828698555,7.986917677993196,9.400339558573853,6.0,6.0,8.005457375030781,7.480938833570411,9.398745828698555,7.986917677993196,9.400339558573853,6.0,6.0,1
548320,2012,Kolkata Knight Riders,Rajasthan Royals,Eden Gardens,Rajasthan Royals,bat,0.43103448275862066,0.559322033898305,0.2,0.6,0.4444444444444444,0,1,0.3181818181818182,22,1477.3358995759093,1500.1751262296484,-22.83922665373916,8.005457375030781,7.480938833570411,9.398745828698555,7.986917677993196,9.400339558573853,6.0,6.0,8.005457375030781,7.480938833570411,9.398745828698555,7.986917677993196,9.400339558573853,6.0,6.0,1
548322,2012,Pune Warriors,Chennai Super Kings,Subrata Roy Sahara Stadium,Chennai Super Kings,bat,0.375,0.5909090909090909,0.4,0.6,0.0,0,1,1.0,1,1453.5981140469557,1593.7307170868967,-140.13260303994093,8.005457375030781,7.480938833570411,9.398745828698555,7.986917677993196,9.400339558573853,6.0,6.0,8.005457375030781,7.480938833570411,9.398745828698555,7.986917677993196,9.400339558573853,6.0,6.0,1
548323,2012,Kolkata Knight Riders,Punjab Kings,Eden Gardens,Kolkata Knight Riders,field,0.4406779661016949,0.48333333333333334,0.4,0.4,0.5714285714285714,1,0,0.30434782608695654,23,1494.3861724208991,1465.7143475616874,28.67182485921171,8.005457375030781,7.480938833570411,9.398745828698555,7.986917677993196,9.400339558573853,6.0,6.0,8.005457375030781,7.480938833570411,9.398745828698555,7.986917677993196,9.400339558573853,6.0,6.0,0
548324,2012,Royal Challengers Bengaluru,Rajasthan Royals,M Chinnaswamy Stadium,Rajasthan Royals,bat,0.49230769230769234,0.55,0.4,0.6,0.5714285714285714,0,1,0.45454545454545453,22,1531.90291715033,1483.1248533846585,48.778063765671504,8.005457375030781,7.480938833570411,9.398745828698555,7.986917677993196,9.400339558573853,6.0,6.0,8.005457375030781,7.480938833570411,9.398745828698555,7.986917677993196,9.400339558573853,6.0,6.0,0
548325,2012,Mumbai Indians,Delhi Capitals,Wankhede Stadium,Delhi Capitals,field,0.5714285714285714,0.5084745762711864,0.6,0.4,0.625,0,0,0.47058823529411764,17,1570.802160421901,1473.278591020743,97.52356940115783,8.005457375030781,7.480938833570411,9.398745828698555,7.986917677993196,9.400339558573853,6.0,6.0,8.005457375030781,7.480938833570411,9.398745828698555,7.986917677993196,9.400339558573853,6.0,6.0,0
548327,2012,Royal Challengers Bengaluru,Pune Warriors,M Chinnaswamy Stadium,Pune Warriors,bat,0.48484848484848486,0.4117647058823529,0.2,0.6,1.0,0,1,0.4782608695652174,23,1513.67124760735,1475.722883454999,37.94836415235113,8.005457375030781,7.480938833570411,9.398745828698555,7.986917677993196,9.400339558573853,6.0,6.0,8.005457375030781,7.480938833570411,9.398745828698555,7.986917677993196,9.400339558573853,6.0,6.0,1
548326,2012,Rajasthan Royals,Deccan Chargers,Sawai Mansingh Stadium,Deccan Chargers,bat,0.5573770491803278,0.4032258064516129,0.6,0.6,0.8571428571428571,0,1,0.3157894736842105,19,1501.3565229276385,1456.667363912857,44.68915901478158,8.005457375030781,7.480938833570411,9.398745828698555,7.986917677993196,9.400339558573853,6.0,6.0,8.005457375030781,7.480938833570411,9.398745828698555,7.986917677993196,9.400339558573853,6.0,6.0,1
548328,2012,Punjab Kings,Kolkata Knight Riders,"Punjab Cricket Association Stadium, Mohali",Punjab Kings,bat,0.4918032786885246,0.43333333333333335,0.4,0.4,0.5,1,1,0.47058823529411764,17,1483.0317446543527,1477.0687753282339,5.9629693261188095,8.005457375030781,7.480938833570411,9.398745828698555,7.986917677993196,9.400339558573853,6.0,6.0,8.005457375030781,7.480938833570411,9.398745828698555,7.986917677993196,9.400339558573853,6.0,6.0,0
548321,2012,Delhi Capitals,Deccan Chargers,Feroz Shah Kotla,Deccan Chargers,bat,0.5166666666666667,0.3968253968253968,0.6,0.4,0.5555555555555556,0,1,0.5,20,1493.6553680379354,1442.7141007029602,50.94126733497524,8.005457375030781,7.480938833570411,9.398745828698555,7.986917677993196,9.400339558573853,6.0,6.0,8.005457375030781,7.480938833570411,9.398745828698555,7.986917677993196,9.400339558573853,6.0,6.0,1
548330,2012,Chennai Super Kings,Pune Warriors,"MA Chidambaram Stadium, Chepauk",Pune Warriors,field,0.582089552238806,0.3888888888888889,0.4,0.6,0.6666666666666666,0,0,0.64,25,1571.6059476788535,1461.4635536873138,110.14239399153962,8.005457375030781,7.480938833570411,9.398745828698555,7.986917677993196,9.400339558573853,6.0,6.0,8.005457375030781,7.480938833570411,9.398745828698555,7.986917677993196,9.400339558573853,6.0,6.0,1
548331,2012,Punjab Kings,Royal Challengers Bengaluru,"Punjab Cricket Association Stadium, Mohali",Royal Challengers Bengaluru,field,0.4838709677419355,0.4925373134328358,0.4,0.4,0.5,0,0,0.4444444444444444,18,1466.7571667282814,1527.9305773750352,-61.17341064675384,8.005457375030781,7.480938833570411,9.398745828698555,7.986917677993196,9.400339558573853,6.0,6.0,8.005457375030781,7.480938833570411,9.398745828698555,7.986917677993196,9.400339558573853,6.0,6.0,0
548332,2012,Chennai Super Kings,Rajasthan Royals,"MA Chidambaram Stadium, Chepauk",Rajasthan Royals,bat,0.5882352941176471,0.5645161290322581,0.6,0.6,0.5555555555555556,0,1,0.6538461538461539,26,1582.6970573496899,1515.3097861375352,67.3872712121547,8.005457375030781,7.480938833570411,9.398745828698555,7.986917677993196,9.400339558573853,6.0,6.0,8.005457375030781,7.480938833570411,9.398745828698555,7.986917677993196,9.400339558573853,6.0,6.0,1
548333,2012,Delhi Capitals,Pune Warriors,Feroz Shah Kotla,Delhi Capitals,field,0.5245901639344263,0.3684210526315789,0.8,0.4,1.0,1,0,0.47619047619047616,21,1507.3261033450801,1450.3724440164774,56.953659328602726,8.005457375030781,7.480938833570411,9.398745828698555,7.986917677993196,9.400339558573853,6.0,6.0,8.005457375030781,7.480938833570411,9.398745828698555,7.986917677993196,9.400339558573853,6.0,6.0,0
548334,2012,Mumbai Indians,Punjab Kings,Wankhede Stadium,Mumbai Indians,bat,0.5625,0.47619047619047616,0.6,0.4,0.375,1,1,0.4444444444444444,18,1550.4253834047086,1453.5455514628152,96.87983194189337,8.005457375030781,7.480938833570411,9.398745828698555,7.986917677993196,9.400339558573853,6.0,6.0,8.005457375030781,7.480938833570411,9.398745828698555,7.986917677993196,9.400339558573853,6.0,6.0,0
548335,2012,Deccan Chargers,Kolkata Knight Riders,Barabati Stadium,Kolkata Knight Riders,field,0.390625,0.4426229508196721,0.2,0.6,0.25,0,0,1.0,2,1429.0433653958155,1493.3433532543052,-64.29998785848966,8.005457375030781,7.480938833570411,9.398745828698555,7.986917677993196,9.400339558573853,6.0,6.0,8.005457375030781,7.480938833570411,9.398745828698555,7.986917677993196,9.400339558573853,6.0,6.0,0
548336,2012,Rajasthan Royals,Royal Challengers Bengaluru,Sawai Mansingh Stadium,Rajasthan Royals,field,0.5555555555555556,0.5,0.4,0.4,0.5,1,0,0.3,20,1502.3747471252925,1541.1421926405014,-38.76744551520892,8.005457375030781,7.480938833570411,9.398745828698555,7.986917677993196,9.400339558573853,6.0,6.0,8.005457375030781,7.480938833570411,9.398745828698555,7.986917677993196,9.400339558573853,6.0,6.0,0
548337,2012,Pune Warriors,Delhi Capitals,Subrata Roy Sahara Stadium,Pune Warriors,bat,0.4,0.5161290322580645,0.4,0.6,0.5,1,1,0.5,2,1468.9720136365827,1488.7265337249748,-19.754520088392155,8.005457375030781,7.480938833570411,9.398745828698555,7.986917677993196,9.400339558573853,6.0,6.0,8.005457375030781,7.480938833570411,9.398745828698555,7.986917677993196,9.400339558573853,6.0,6.0,0
548339,2012,Punjab Kings,Mumbai Indians,"Punjab Cricket Association Stadium, Mohali",Punjab Kings,bat,0.484375,0.5538461538461539,0.6,0.4,0.6666666666666666,1,1,0.42105263157894735,19,1473.8948877134935,1530.0760471540302,-56.1811594405367,8.005457375030781,7.480938833570411,9.398745828698555,7.986917677993196,9.400339558573853,6.0,6.0,8.005457375030781,7.480938833570411,9.398745828698555,7.986917677993196,9.400339558573853,6.0,6.0,0
548341,2012,Pune Warriors,Deccan Chargers,Subrata Roy Sahara Stadium,Deccan Chargers,bat,0.38095238095238093,0.38461538461538464,0.4,0.0,0.5,0,1,0.3333333333333333,3,1453.8807638353805,1415.9711389586012,37.90962487677939,8.005457375030781,7.480938833570411,9.398745828698555,7.986917677993196,9.400339558573853,6.0,6.0,8.005457375030781,7.480938833570411,9.398745828698555,7.986917677993196,9.400339558573853,6.0,6.0,0
548342,2012,Delhi Capitals,Mumbai Indians,Feroz Shah Kotla,Mumbai Indians,field,0.5238095238095238,0.5606060606060606,0.8,0.6,0.4444444444444444,0,0,0.5,22,1503.817783526177,1543.511125838354,-39.69334231217704,8.005457375030781,7.480938833570411,9.398745828698555,7.986917677993196,9.400339558573853,6.0,6.0,8.005457375030781,7.480938833570411,9.398745828698555,7.986917677993196,9.400339558573853,6.0,6.0,1
548343,2012,Chennai Super Kings,Punjab Kings,"MA Chidambaram Stadium, Chepauk",Punjab Kings,bat,0.5942028985507246,0.47692307692307695,0.6,0.4,0.75,0,1,0.6296296296296297,27,1595.6320963619326,1460.4598090291697,135.17228733276283,8.005457375030781,7.480938833570411,9.398745828698555,7.986917677993196,9.400339558573853,6.0,6.0,8.005457375030781,7.480938833570411,9.398745828698555,7.986917677993196,9.400339558573853,6.0,6.0,0
548344,2012,Kolkata Knight Riders,Royal Challengers Bengaluru,Eden Gardens,Kolkata Knight Riders,bat,0.45161290322580644,0.5072463768115942,0.8,0.6,0.4444444444444444,1,1,0.3333333333333333,24,1506.4155796915195,1555.3642583866272,-48.948678695107674,8.005457375030781,7.480938833570411,9.398745828698555,7.986917677993196,9.400339558573853,6.0,6.0,8.005457375030781,7.480938833570411,9.398745828698555,7.986917677993196,9.400339558573853,6.0,6.0,1
548345,2012,Delhi Capitals,Rajasthan Royals,Feroz Shah Kotla,Delhi Capitals,bat,0.53125,0.546875,0.8,0.4,0.5,1,1,0.5217391304347826,23,1521.6378178348996,1488.1526813791668,33.4851364557328,8.005457375030781,7.480938833570411,9.398745828698555,7.986917677993196,9.400339558573853,6.0,6.0,8.005457375030781,7.480938833570411,9.398745828698555,7.986917677993196,9.400339558573853,6.0,6.0,1
548346,2012,Mumbai Indians,Deccan Chargers,Wankhede Stadium,Mumbai Indians,field,0.5522388059701493,0.3939393939393939,0.4,0.2,0.5555555555555556,1,0,0.42105263157894735,19,1525.6910915296314,1433.7100462749274,91.98104525470399,8.005457375030781,7.480938833570411,9.398745828698555,7.986917677993196,9.400339558573853,6.0,6.0,8.005457375030781,7.480938833570411,9.398745828698555,7.986917677993196,9.400339558573853,6.0,6.0,1
548347,2012,Chennai Super Kings,Kolkata Knight Riders,"MA Chidambaram Stadium, Chepauk",Chennai Super Kings,bat,0.5857142857142857,0.4603174603174603,0.6,0.8,0.7142857142857143,1,1,0.6428571428571429,28,1573.7033428880752,1524.6549529580732,49.04838993000203,8.005457375030781,7.480938833570411,9.398745828698555,7.986917677993196,9.400339558573853,6.0,6.0,8.005457375030781,7.480938833570411,9.398745828698555,7.986917677993196,9.400339558573853,6.0,6.0,0
548349,2012,Rajasthan Royals,Delhi Capitals,Sawai Mansingh Stadium,Rajasthan Royals,bat,0.5384615384615384,0.5384615384615384,0.4,0.8,0.4444444444444444,1,1,0.3333333333333333,21,1473.6899720275965,1536.10052718647,-62.41055515887342,8.005457375030781,7.480938833570411,9.398745828698555,7.986917677993196,9.400339558573853,6.0,6.0,8.005457375030781,7.480938833570411,9.398745828698555,7.986917677993196,9.400339558573853,6.0,6.0,0
548348,2012,Deccan Chargers,Pune Warriors,Barabati Stadium,Deccan Chargers,bat,0.3880597014925373,0.36363636363636365,0.2,0.2,0.6666666666666666,1,1,0.6666666666666666,3,1421.8496653302543,1436.1418565190543,-14.292191188799961,8.005457375030781,7.480938833570411,9.398745828698555,7.986917677993196,9.400339558573853,6.0,6.0,8.005457375030781,7.480938833570411,9.398745828698555,7.986917677993196,9.400339558573853,6.0,6.0,1
548350,2012,Royal Challengers Bengaluru,Punjab Kings,M Chinnaswamy Stadium,Punjab Kings,field,0.5,0.48484848484848486,0.6,0.4,0.5555555555555556,0,0,0.4583333333333333,24,1537.1248851200735,1482.388562503027,54.736322617046426,8.005457375030781,7.480938833570411,9.398745828698555,7.986917677993196,9.400339558573853,6.0,6.0,8.005457375030781,7.480938833570411,9.398745828698555,7.986917677993196,9.400339558573853,6.0,6.0,0
548351,2012,Pune Warriors,Mumbai Indians,Subrata Roy Sahara Stadium,Mumbai Indians,bat,0.34782608695652173,0.5588235294117647,0.2,0.4,0.3333333333333333,0,1,0.5,4,1419.484047795359,1537.5514724743045,-118.0674246789456,8.005457375030781,7.480938833570411,9.398745828698555,7.986917677993196,9.400339558573853,6.0,6.0,8.005457375030781,7.480938833570411,9.398745828698555,7.986917677993196,9.400339558573853,6.0,6.0,0
548352,2012,Chennai Super Kings,Deccan Chargers,"MA Chidambaram Stadium, Chepauk",Chennai Super Kings,bat,0.5774647887323944,0.39705882352941174,0.4,0.4,0.5555555555555556,1,1,0.6206896551724138,29,1555.4594678807446,1438.5074740539496,116.95199382679493,8.005457375030781,7.480938833570411,9.398745828698555,7.986917677993196,9.400339558573853,6.0,6.0,8.005457375030781,7.480938833570411,9.398745828698555,7.986917677993196,9.400339558573853,6.0,6.0,1
548353,2012,Kolkata Knight Riders,Pune Warriors,Eden Gardens,Kolkata Knight Riders,bat,0.46875,0.3333333333333333,0.8,0.2,1.0,1,1,0.36,25,1542.8988279654038,1408.7211914600164,134.17763650538745,8.005457375030781,7.480938833570411,9.398745828698555,7.986917677993196,9.400339558573853,6.0,6.0,8.005457375030781,7.480938833570411,9.398745828698555,7.986917677993196,9.400339558573853,6.0,6.0,1
548354,2012,Punjab Kings,Rajasthan Royals,"Punjab Cricket Association Stadium, Mohali",Rajasthan Royals,bat,0.4925373134328358,0.5303030303030303,0.6,0.2,0.375,0,1,0.4,20,1500.8886136597494,1460.533564539292,40.35504912045735,8.005457375030781,7.480938833570411,9.398745828698555,7.986917677993196,9.400339558573853,6.0,6.0,8.005457375030781,7.480938833570411,9.398745828698555,7.986917677993196,9.400339558573853,6.0,6.0,0
548355,2012,Mumbai Indians,Chennai Super Kings,Wankhede Stadium,Mumbai Indians,field,0.5652173913043478,0.5833333333333334,0.6,0.6,0.5555555555555556,1,0,0.4,20,1548.3143288096471,1566.2682363149406,-17.9539075052935,8.005457375030781,7.480938833570411,9.398745828698555,7.986917677993196,9.400339558573853,6.0,6.0,8.005457375030781,7.480938833570411,9.398745828698555,7.986917677993196,9.400339558573853,6.0,6.0,1
548356,2012,Royal Challengers Bengaluru,Deccan Chargers,M Chinnaswamy Stadium,Royal Challengers Bengaluru,field,0.49295774647887325,0.391304347826087,0.6,0.4,0.4444444444444444,1,0,0.44,25,1518.6248339633512,1427.6987056197536,90.92612834359761,8.005457375030781,7.480938833570411,9.398745828698555,7.986917677993196,9.400339558573853,6.0,6.0,8.005457375030781,7.480938833570411,9.398745828698555,7.986917677993196,9.400339558573853,6.0,6.0,1
548357,2012,Delhi Capitals,Kolkata Knight Riders,Feroz Shah Kotla,Delhi Capitals,bat,0.5454545454545454,0.47692307692307695,0.8,1.0,0.5714285714285714,1,1,0.5416666666666666,24,1549.2569346747744,1553.009632398294,-3.752697723519532,8.005457375030781,7.480938833570411,9.398745828698555,7.986917677993196,9.400339558573853,6.0,6.0,8.005457375030781,7.480938833570411,9.398745828698555,7.986917677993196,9.400339558573853,6.0,6.0,0
548358,2012,Pune Warriors,Rajasthan Royals,Subrata Roy Sahara Stadium,Pune Warriors,bat,0.32,0.5373134328358209,0.0,0.2,0.0,1,1,0.6,5,1398.6103870271263,1478.3836707180003,-79.773283690874,8.005457375030781,7.480938833570411,9.398745828698555,7.986917677993196,9.400339558573853,6.0,6.0,8.005457375030781,7.480938833570411,9.398745828698555,7.986917677993196,9.400339558573853,6.0,6.0,0
548359,2012,Deccan Chargers,Punjab Kings,"Rajiv Gandhi International Stadium, Uppal",Deccan Chargers,field,0.38571428571428573,0.4852941176470588,0.4,0.6,0.375,1,0,0.35714285714285715,14,1415.7929604151568,1483.038507481041,-67.24554706588424,8.005457375030781,7.480938833570411,9.398745828698555,7.986917677993196,9.400339558573853,6.0,6.0,8.005457375030781,7.480938833570411,9.398745828698555,7.986917677993196,9.400339558573853,6.0,6.0,0
548360,2012,Mumbai Indians,Royal Challengers Bengaluru,Wankhede Stadium,Royal Challengers Bengaluru,field,0.5714285714285714,0.5,0.8,0.6,0.5555555555555556,0,0,0.38095238095238093,21,1565.1404016329786,1530.530579167948,34.609822465030675,8.005457375030781,7.480938833570411,9.398745828698555,7.986917677993196,9.400339558573853,6.0,6.0,8.005457375030781,7.480938833570411,9.398745828698555,7.986917677993196,9.400339558573853,6.0,6.0,0
548329,2012,Deccan Chargers,Delhi Capitals,"Rajiv Gandhi International Stadium, Uppal",Deccan Chargers,bat,0.38028169014084506,0.5373134328358209,0.2,0.8,0.4,1,1,0.4,15,1402.851633770481,1533.4297460712444,-130.57811230076345,8.005457375030781,7.480938833570411,9.398745828698555,7.986917677993196,9.400339558573853,6.0,6.0,8.005457375030781,7.480938833570411,9.398745828698555,7.986917677993196,9.400339558573853,6.0,6.0,0
548361,2012,Rajasthan Royals,Chennai Super Kings,Sawai Mansingh Stadium,Chennai Super Kings,field,0.5441176470588235,0.5753424657534246,0.4,0.4,0.4,0,0,0.3181818181818182,22,1490.7732000465542,1549.442163491609,-58.66896344505494,8.005457375030781,7.480938833570411,9.398745828698555,7.986917677993196,9.400339558573853,6.0,6.0,8.005457375030781,7.480938833570411,9.398745828698555,7.986917677993196,9.400339558573853,6.0,6.0,0
548362,2012,Pune Warriors,Royal Challengers Bengaluru,Subrata Roy Sahara Stadium,Pune Warriors,field,0.3076923076923077,0.5068493150684932,0.0,0.6,0.0,1,0,0.5,6,1386.2208576985724,1548.1191692533648,-161.89831155479237,8.005457375030781,7.480938833570411,9.398745828698555,7.986917677993196,9.400339558573853,6.0,6.0,8.005457375030781,7.480938833570411,9.398745828698555,7.986917677993196,9.400339558573853,6.0,6.0,0
548363,2012,Kolkata Knight Riders,Mumbai Indians,Eden Gardens,Mumbai Indians,bat,0.48484848484848486,0.5633802816901409,1.0,0.6,0.125,0,1,0.38461538461538464,26,1568.8368210018239,1547.5518115475618,21.28500945426208,8.005457375030781,7.480938833570411,9.398745828698555,7.986917677993196,9.400339558573853,6.0,6.0,8.005457375030781,7.480938833570411,9.398745828698555,7.986917677993196,9.400339558573853,6.0,6.0,0
548364,2012,Chennai Super Kings,Delhi Capitals,"MA Chidambaram Stadium, Chepauk",Chennai Super Kings,field,0.581081081081081,0.5441176470588235,0.4,0.8,0.5,1,0,0.6333333333333333,30,1562.7657486722146,1543.6844005532764,19.081348118938195,8.005457375030781,7.480938833570411,9.398745828698555,7.986917677993196,9.400339558573853,6.0,6.0,8.005457375030781,7.480938833570411,9.398745828698555,7.986917677993196,9.400339558573853,6.0,6.0,1
548366,2012,Punjab Kings,Deccan Chargers,"Punjab Cricket Association Stadium, Mohali",Deccan Chargers,bat,0.4927536231884058,0.375,0.6,0.2,0.6666666666666666,0,1,0.42857142857142855,21,1495.979834125717,1392.596979288449,103.38285483726804,8.005457375030781,7.480938833570411,9.398745828698555,7.986917677993196,9.400339558573853,6.0,6.0,8.005457375030781,7.480938833570411,9.398745828698555,7.986917677993196,9.400339558573853,6.0,6.0,1
548365,2012,Rajasthan Royals,Pune Warriors,Sawai Mansingh Stadium,Rajasthan Royals,bat,0.5362318840579711,0.2962962962962963,0.4,0.0,1.0,1,1,0.30434782608695654,23,1477.4496148659487,1377.179996305491,100.26961856045773,8.005457375030781,7.480938833570411,9.398745828698555,7.986917677993196,9.400339558573853,6.0,6.0,8.005457375030781,7.480938833570411,9.398745828698555,7.986917677993196,9.400339558573853,6.0,6.0,1
548367,2012,Royal Challengers Bengaluru,Mumbai Indians,M Chinnaswamy Stadium,Mumbai Indians,field,0.5135135135135135,0.5694444444444444,0.6,0.8,0.5,0,0,0.4230769230769231,26,1557.1600306464463,1564.530797993426,-7.370767346979619,8.005457375030781,7.480938833570411,9.398745828698555,7.986917677993196,9.400339558573853,6.0,6.0,8.005457375030781,7.480938833570411,9.398745828698555,7.986917677993196,9.400339558573853,6.0,6.0,0
548368,2012,Kolkata Knight Riders,Chennai Super Kings,Eden Gardens,Chennai Super Kings,field,0.47761194029850745,0.5866666666666667,0.8,0.6,0.375,0,0,0.4074074074074074,27,1551.8578345559597,1577.8879025456827,-26.030067989722966,8.005457375030781,7.480938833570411,9.398745828698555,7.986917677993196,9.400339558573853,6.0,6.0,8.005457375030781,7.480938833570411,9.398745828698555,7.986917677993196,9.400339558573853,6.0,6.0,0
548369,2012,Delhi Capitals,Punjab Kings,Feroz Shah Kotla,Punjab Kings,bat,0.5362318840579711,0.5,0.6,0.8,0.375,0,1,0.52,25,1528.5622466798084,1507.3545879068297,21.207658772978675,8.005457375030781,7.480938833570411,9.398745828698555,7.986917677993196,9.400339558573853,6.0,6.0,8.005457375030781,7.480938833570411,9.398745828698555,7.986917677993196,9.400339558573853,6.0,6.0,1
548370,2012,Mumbai Indians,Kolkata Knight Riders,Wankhede Stadium,Mumbai Indians,field,0.5753424657534246,0.47058823529411764,0.8,0.6,0.8888888888888888,1,0,0.36363636363636365,22,1580.191412526914,1537.0543256529406,43.13708687397343,8.005457375030781,7.480938833570411,9.398745828698555,7.986917677993196,9.400339558573853,6.0,6.0,8.005457375030781,7.480938833570411,9.398745828698555,7.986917677993196,9.400339558573853,6.0,6.0,0
548371,2012,Punjab Kings,Chennai Super Kings,Himachal Pradesh Cricket Association Stadium,Punjab Kings,field,0.49295774647887325,0.5921052631578947,0.6,0.8,0.3333333333333333,1,0,0.6,5,1492.3300255098238,1592.6914114487017,-100.3613859388779,8.005457375030781,7.480938833570411,9.398745828698555,7.986917677993196,9.400339558573853,6.0,6.0,8.005457375030781,7.480938833570411,9.398745828698555,7.986917677993196,9.400339558573853,6.0,6.0,1
548372,2012,Delhi Capitals,Royal Challengers Bengaluru,Feroz Shah Kotla,Delhi Capitals,field,0.5428571428571428,0.5066666666666667,0.6,0.6,0.625,1,0,0.5,26,1543.5868090768142,1541.4994161129582,2.0873929638560185,8.005457375030781,7.480938833570411,9.398745828698555,7.986917677993196,9.400339558573853,6.0,6.0,8.005457375030781,7.480938833570411,9.398745828698555,7.986917677993196,9.400339558573853,6.0,6.0,0
548373,2012,Deccan Chargers,Rajasthan Royals,"Rajiv Gandhi International Stadium, Uppal",Rajasthan Royals,bat,0.3698630136986301,0.5428571428571428,0.0,0.6,0.125,0,1,0.375,16,1381.2222255073361,1488.9560953171858,-107.7338698098497,8.005457375030781,7.480938833570411,9.398745828698555,7.986917677993196,9.400339558573853,6.0,6.0,8.005457375030781,7.480938833570411,9.398745828698555,7.986917677993196,9.400339558573853,6.0,6.0,1
548374,2012,Punjab Kings,Delhi Capitals,Himachal Pradesh Cricket Association Stadium,Delhi Capitals,field,0.5,0.5352112676056338,0.6,0.4,0.5555555555555556,0,0,0.5,6,1512.827437489151,1527.4906822349758,-14.66324474582484,8.005457375030781,7.480938833570411,9.398745828698555,7.986917677993196,9.400339558573853,6.0,6.0,8.005457375030781,7.480938833570411,9.398745828698555,7.986917677993196,9.400339558573853,6.0,6.0,0
548375,2012,Pune Warriors,Kolkata Knight Riders,Subrata Roy Sahara Stadium,Kolkata Knight Riders,bat,0.2857142857142857,0.4782608695652174,0.0,0.6,0.0,0,1,0.5714285714285714,7,1365.6735158542538,1555.030716759782,-189.35720090552832,8.005457375030781,7.480938833570411,9.398745828698555,7.986917677993196,9.400339558573853,6.0,6.0,8.005457375030781,7.480938833570411,9.398745828698555,7.986917677993196,9.400339558573853,6.0,6.0,0
548376,2012,Deccan Chargers,Royal Challengers Bengaluru,"Rajiv Gandhi International Stadium, Uppal",Royal Challengers Bengaluru,field,0.3783783783783784,0.5131578947368421,0.2,0.8,0.5,0,0,0.35294117647058826,17,1402.0304272109734,1557.5955429547967,-155.5651157438233,8.005457375030781,7.480938833570411,9.398745828698555,7.986917677993196,9.400339558573853,6.0,6.0,8.005457375030781,7.480938833570411,9.398745828698555,7.986917677993196,9.400339558573853,6.0,6.0,1
548377,2012,Rajasthan Royals,Mumbai Indians,Sawai Mansingh Stadium,Rajasthan Royals,bat,0.5352112676056338,0.5675675675675675,0.6,0.6,0.5,1,1,0.3333333333333333,24,1468.1478936135486,1562.2150214200726,-94.06712780652401,8.005457375030781,7.480938833570411,9.398745828698555,7.986917677993196,9.400339558573853,6.0,6.0,8.005457375030781,7.480938833570411,9.398745828698555,7.986917677993196,9.400339558573853,6.0,6.0,0
548378,2012,Delhi Capitals,Kolkata Knight Riders,Subrata Roy Sahara Stadium,Kolkata Knight Riders,bat,0.5416666666666666,0.4857142857142857,0.6,0.6,0.5,0,1,0.625,8,1542.8158155019155,1563.0823349345308,-20.26651943261527,8.005457375030781,7.480938833570411,9.398745828698555,7.986917677993196,9.400339558573853,6.0,6.0,8.005457375030781,7.480938833570411,9.398745828698555,7.986917677993196,9.400339558573853,6.0,6.0,0
548379,2012,Chennai Super Kings,Mumbai Indians,M Chinnaswamy Stadium,Mumbai Indians,field,0.5844155844155844,0.5733333333333334,0.6,0.6,0.4,0,0,0.4074074074074074,27,1572.1939994693746,1573.9859055132474,-1.7919060438728138,8.005457375030781,7.480938833570411,9.398745828698555,7.986917677993196,9.400339558573853,6.0,6.0,8.005457375030781,7.480938833570411,9.398745828698555,7.986917677993196,9.400339558573853,6.0,6.0,1
548380,2012,Delhi Capitals,Chennai Super Kings,"MA Chidambaram Stadium, Chepauk",Delhi Capitals,field,0.5342465753424658,0.5897435897435898,0.4,0.8,0.4444444444444444,1,0,0.6129032258064516,31,1527.7480660965246,1588.276519060595,-60.52845296407054,8.005457375030781,7.480938833570411,9.398745828698555,7.986917677993196,9.400339558573853,6.0,6.0,8.005457375030781,7.480938833570411,9.398745828698555,7.986917677993196,9.400339558573853,6.0,6.0,0
548381,2012,Kolkata Knight Riders,Chennai Super Kings,"MA Chidambaram Stadium, Chepauk",Chennai Super Kings,bat,0.49295774647887325,0.5949367088607594,0.6,0.8,0.3333333333333333,0,1,0.625,32,1578.1500843399217,1601.516942937454,-23.3668585975322,8.005457375030781,7.480938833570411,9.398745828698555,7.986917677993196,9.400339558573853,6.0,6.0,8.005457375030781,7.480938833570411,9.398745828698555,7.986917677993196,9.400339558573853,6.0,6.0,1
597998,2013,Kolkata Knight Riders,Delhi Capitals,Eden Gardens,Kolkata Knight Riders,field,0.5,0.527027027027027,0.8,0.4,0.5555555555555556,1,0,0.39285714285714285,28,1595.2245484050811,1514.5076422196657,80.71690618541538,8.005457375030781,7.480938833570411,9.398745828698555,7.986917677993196,9.400339558573853,6.0,6.0,8.005457375030781,7.480938833570411,9.398745828698555,7.986917677993196,9.400339558573853,6.0,6.0,1
597999,2013,Royal Challengers Bengaluru,Mumbai Indians,M Chinnaswamy Stadium,Mumbai Indians,field,0.5064935064935064,0.5657894736842105,0.6,0.6,0.45454545454545453,0,0,0.42857142857142855,28,1534.8747474155898,1557.903385922027,-23.02863850643712,8.005457375030781,7.480938833570411,9.398745828698555,7.986917677993196,9.400339558573853,6.0,6.0,8.005457375030781,7.480938833570411,9.398745828698555,7.986917677993196,9.400339558573853,6.0,6.0,1
598000,2013,Sunrisers Hyderabad,Pune Warriors,"Rajiv Gandhi International Stadium, Uppal",Pune Warriors,field,0.5,0.27586206896551724,0.5,0.0,0.5,0,0,0.3888888888888889,18,1500.0,1357.621897679505,142.37810232049492,8.005457375030781,7.480938833570411,9.398745828698555,7.986917677993196,9.400339558573853,6.0,6.0,8.005457375030781,7.480938833570411,9.398745828698555,7.986917677993196,9.400339558573853,6.0,6.0,1
598001,2013,Delhi Capitals,Rajasthan Royals,Feroz Shah Kotla,Rajasthan Royals,bat,0.52,0.5277777777777778,0.2,0.4,0.6,0,1,0.5185185185185185,27,1502.1593302043068,1456.3770095203738,45.782320683932994,8.005457375030781,7.480938833570411,9.398745828698555,7.986917677993196,9.400339558573853,6.0,6.0,8.005457375030781,7.480938833570411,9.398745828698555,7.986917677993196,9.400339558573853,6.0,6.0,0
598002,2013,Chennai Super Kings,Mumbai Indians,"MA Chidambaram Stadium, Chepauk",Mumbai Indians,bat,0.5875,0.5584415584415584,0.6,0.4,0.45454545454545453,0,1,0.6060606060606061,33,1584.4424788722945,1540.8444282357495,43.59805063654494,8.005457375030781,7.480938833570411,9.398745828698555,7.986917677993196,9.400339558573853,6.0,6.0,8.005457375030781,7.480938833570411,9.398745828698555,7.986917677993196,9.400339558573853,6.0,6.0,0
598003,2013,Pune Warriors,Punjab Kings,Subrata Roy Sahara Stadium,Pune Warriors,bat,0.26666666666666666,0.4931506849315068,0.0,0.6,0.75,1,1,0.6666666666666666,9,1347.8347041345346,1497.5023042222113,-149.66760008767665,8.005457375030781,7.480938833570411,9.398745828698555,7.986917677993196,9.400339558573853,6.0,6.0,8.005457375030781,7.480938833570411,9.398745828698555,7.986917677993196,9.400339558573853,6.0,6.0,0
598004,2013,Sunrisers Hyderabad,Royal Challengers Bengaluru,"Rajiv Gandhi International Stadium, Uppal",Royal Challengers Bengaluru,bat,1.0,0.5128205128205128,1.0,0.6,0.5,0,1,0.42105263157894735,19,1509.7871935449705,1551.9337051018672,-42.14651155689671,8.005457375030781,7.480938833570411,9.398745828698555,7.986917677993196,9.400339558573853,6.0,6.0,8.005457375030781,7.480938833570411,9.398745828698555,7.986917677993196,9.400339558573853,6.0,6.0,1
598005,2013,Rajasthan Royals,Kolkata Knight Riders,Sawai Mansingh Stadium,Kolkata Knight Riders,field,0.5342465753424658,0.5068493150684932,0.4,1.0,0.5,0,0,0.32,25,1474.473244394635,1607.57286042044,-133.09961602580506,8.005457375030781,7.480938833570411,9.398745828698555,7.986917677993196,9.400339558573853,6.0,6.0,8.005457375030781,7.480938833570411,9.398745828698555,7.986917677993196,9.400339558573853,6.0,6.0,1
598006,2013,Mumbai Indians,Delhi Capitals,Wankhede Stadium,Mumbai Indians,bat,0.5641025641025641,0.5131578947368421,0.4,0.2,0.5,1,1,0.391304347826087,23,1558.8417201652358,1484.0630953300456,74.77862483519016,8.005457375030781,7.480938833570411,9.398745828698555,7.986917677993196,9.400339558573853,6.0,6.0,8.005457375030781,7.480938833570411,9.398745828698555,7.986917677993196,9.400339558573853,6.0,6.0,1
598048,2013,Royal Challengers Bengaluru,Sunrisers Hyderabad,M Chinnaswamy Stadium,Sunrisers Hyderabad,bat,0.5063291139240507,1.0,0.4,1.0,0.0,0,1,0.4482758620689655,29,1534.0022513308174,1527.7186473160202,6.28360401479722,8.005457375030781,7.480938833570411,9.398745828698555,7.986917677993196,9.400339558573853,6.0,6.0,8.005457375030781,7.480938833570411,9.398745828698555,7.986917677993196,9.400339558573853,6.0,6.0,1
598007,2013,Punjab Kings,Chennai Super Kings,"Punjab Cricket Association Stadium, Mohali",Chennai Super Kings,field,0.5,0.5802469135802469,0.6,0.4,0.4,0,0,0.4090909090909091,22,1507.0067638417127,1566.4451869428083,-59.43842310109562,8.005457375030781,7.480938833570411,9.398745828698555,7.986917677993196,9.400339558573853,6.0,6.0,8.005457375030781,7.480938833570411,9.398745828698555,7.986917677993196,9.400339558573853,6.0,6.0,0
598008,2013,Royal Challengers Bengaluru,Kolkata Knight Riders,M Chinnaswamy Stadium,Royal Challengers Bengaluru,field,0.5125,0.5,0.6,0.8,0.5,1,0,0.43333333333333335,30,1549.7129122182055,1585.7266326535719,-36.013720435366395,8.005457375030781,7.480938833570411,9.398745828698555,7.986917677993196,9.400339558573853,6.0,6.0,8.005457375030781,7.480938833570411,9.398745828698555,7.986917677993196,9.400339558573853,6.0,6.0,1
598009,2013,Pune Warriors,Rajasthan Royals,Subrata Roy Sahara Stadium,Rajasthan Royals,bat,0.25806451612903225,0.5405405405405406,0.0,0.6,0.0,0,1,0.6,10,1338.3302445150332,1496.3194721615032,-157.98922764647,8.005457375030781,7.480938833570411,9.398745828698555,7.986917677993196,9.400339558573853,6.0,6.0,8.005457375030781,7.480938833570411,9.398745828698555,7.986917677993196,9.400339558573853,6.0,6.0,1
598010,2013,Delhi Capitals,Sunrisers Hyderabad,Feroz Shah Kotla,Delhi Capitals,bat,0.5064935064935064,0.6666666666666666,0.0,0.6666666666666666,0.5,1,1,0.5357142857142857,28,1471.454570353171,1512.0079864286322,-40.5534160754612,8.005457375030781,7.480938833570411,9.398745828698555,7.986917677993196,9.400339558573853,6.0,6.0,8.005457375030781,7.480938833570411,9.398745828698555,7.986917677993196,9.400339558573853,6.0,6.0,0
598011,2013,Mumbai Indians,Pune Warriors,Wankhede Stadium,Mumbai Indians,bat,0.569620253164557,0.28125,0.6,0.2,0.75,1,1,0.4166666666666667,24,1571.4502451421104,1361.1427074063026,210.30753773580773,8.005457375030781,7.480938833570411,9.398745828698555,7.986917677993196,9.400339558573853,6.0,6.0,8.005457375030781,7.480938833570411,9.398745828698555,7.986917677993196,9.400339558573853,6.0,6.0,1
598012,2013,Chennai Super Kings,Royal Challengers Bengaluru,"MA Chidambaram Stadium, Chepauk",Chennai Super Kings,field,0.5853658536585366,0.5185185185185185,0.6,0.6,0.5833333333333334,1,0,0.6176470588235294,34,1579.734341521329,1567.365490843515,12.368850677813953,8.005457375030781,7.480938833570411,9.398745828698555,7.986917677993196,9.400339558573853,6.0,6.0,8.005457375030781,7.480938833570411,9.398745828698555,7.986917677993196,9.400339558573853,6.0,6.0,1
598013,2013,Kolkata Knight Riders,Sunrisers Hyderabad,Eden Gardens,Kolkata Knight Riders,bat,0.49333333333333335,0.75,0.6,0.75,0.5,1,1,0.3793103448275862,29,1568.0740540282623,1526.148867852961,41.92518617530118,8.005457375030781,7.480938833570411,9.398745828698555,7.986917677993196,9.400339558573853,6.0,6.0,8.005457375030781,7.480938833570411,9.398745828698555,7.986917677993196,9.400339558573853,6.0,6.0,1
598014,2013,Rajasthan Royals,Punjab Kings,Sawai Mansingh Stadium,Rajasthan Royals,field,0.5333333333333333,0.49333333333333335,0.4,0.4,0.6666666666666666,1,0,0.34615384615384615,26,1473.5070092702338,1493.717609263192,-20.210599992958123,8.005457375030781,7.480938833570411,9.398745828698555,7.986917677993196,9.400339558573853,6.0,6.0,8.005457375030781,7.480938833570411,9.398745828698555,7.986917677993196,9.400339558573853,6.0,6.0,1
598015,2013,Chennai Super Kings,Pune Warriors,"MA Chidambaram Stadium, Chepauk",Pune Warriors,bat,0.5903614457831325,0.2727272727272727,0.6,0.2,0.75,0,1,0.6,35,1595.1649754134482,1353.795826116687,241.36914929676118,8.005457375030781,7.480938833570411,9.398745828698555,7.986917677993196,9.400339558573853,6.0,6.0,8.005457375030781,7.480938833570411,9.398745828698555,7.986917677993196,9.400339558573853,6.0,6.0,0
598016,2013,Punjab Kings,Kolkata Knight Riders,"Punjab Cricket Association Stadium, Mohali",Kolkata Knight Riders,field,0.4868421052631579,0.5,0.4,0.6,0.4444444444444444,0,0,0.391304347826087,23,1476.7879251355275,1582.1526449117086,-105.36471977618112,8.005457375030781,7.480938833570411,9.398745828698555,7.986917677993196,9.400339558573853,6.0,6.0,8.005457375030781,7.480938833570411,9.398745828698555,7.986917677993196,9.400339558573853,6.0,6.0,1
598017,2013,Royal Challengers Bengaluru,Delhi Capitals,M Chinnaswamy Stadium,Royal Challengers Bengaluru,field,0.5121951219512195,0.5,0.6,0.0,0.4444444444444444,1,0,0.41935483870967744,31,1551.934856951396,1457.313688928842,94.62116802255377,8.005457375030781,7.480938833570411,9.398745828698555,7.986917677993196,9.400339558573853,6.0,6.0,8.005457375030781,7.480938833570411,9.398745828698555,7.986917677993196,9.400339558573853,6.0,6.0,1
598018,2013,Pune Warriors,Sunrisers Hyderabad,Maharashtra Cricket Association Stadium,Pune Warriors,field,0.29411764705882354,0.6,0.4,0.6,0.0,1,0,0.5,0,1379.4118783273148,1512.0702769695147,-132.65839864219993,8.005457375030781,7.480938833570411,9.398745828698555,7.986917677993196,9.400339558573853,6.0,6.0,8.005457375030781,7.480938833570411,9.398745828698555,7.986917677993196,9.400339558573853,6.0,6.0,0
598019,2013,Rajasthan Royals,Mumbai Indians,Sawai Mansingh Stadium,Rajasthan Royals,bat,0.5394736842105263,0.575,0.6,0.6,0.4444444444444444,1,1,0.3333333333333333,27,1490.4366933978981,1578.797126431726,-88.3604330338278,8.005457375030781,7.480938833570411,9.398745828698555,7.986917677993196,9.400339558573853,6.0,6.0,8.005457375030781,7.480938833570411,9.398745828698555,7.986917677993196,9.400339558573853,6.0,6.0,1
598020,2013,Delhi Capitals,Chennai Super Kings,Feroz Shah Kotla,Chennai Super Kings,bat,0.4936708860759494,0.5833333333333334,0.0,0.4,0.4,0,1,0.5172413793103449,29,1445.5665267433212,1569.5489232028206,-123.98239645949934,8.005457375030781,7.480938833570411,9.398745828698555,7.986917677993196,9.400339558573853,6.0,6.0,8.005457375030781,7.480938833570411,9.398745828698555,7.986917677993196,9.400339558573853,6.0,6.0,0
598021,2013,Sunrisers Hyderabad,Punjab Kings,"Rajiv Gandhi International Stadium, Uppal",Punjab Kings,bat,0.6666666666666666,0.4935064935064935,0.6,0.4,0.5,0,1,0.4,20,1522.241663427733,1497.4966740827304,24.74498934500275,8.005457375030781,7.480938833570411,9.398745828698555,7.986917677993196,9.400339558573853,6.0,6.0,8.005457375030781,7.480938833570411,9.398745828698555,7.986917677993196,9.400339558573853,6.0,6.0,1
598022,2013,Kolkata Knight Riders,Chennai Super Kings,Eden Gardens,Kolkata Knight Riders,bat,0.4935064935064935,0.5882352941176471,0.4,0.6,0.4,1,1,0.4,30,1561.4438959645058,1580.069940215581,-18.6260442510752,8.005457375030781,7.480938833570411,9.398745828698555,7.986917677993196,9.400339558573853,6.0,6.0,8.005457375030781,7.480938833570411,9.398745828698555,7.986917677993196,9.400339558573853,6.0,6.0,0
598023,2013,Royal Challengers Bengaluru,Rajasthan Royals,M Chinnaswamy Stadium,Royal Challengers Bengaluru,field,0.5180722891566265,0.5454545454545454,0.6,0.8,0.5555555555555556,1,0,0.40625,32,1563.6820191369168,1510.4203233094263,53.261695827490485,8.005457375030781,7.480938833570411,9.398745828698555,7.986917677993196,9.400339558573853,6.0,6.0,8.005457375030781,7.480938833570411,9.398745828698555,7.986917677993196,9.400339558573853,6.0,6.0,1
598024,2013,Delhi Capitals,Mumbai Indians,Feroz Shah Kotla,Mumbai Indians,bat,0.4875,0.5679012345679012,0.0,0.6,0.45454545454545453,0,1,0.5333333333333333,30,1435.0455097305608,1558.8134965201978,-123.767986789637,8.005457375030781,7.480938833570411,9.398745828698555,7.986917677993196,9.400339558573853,6.0,6.0,8.005457375030781,7.480938833570411,9.398745828698555,7.986917677993196,9.400339558573853,6.0,6.0,1
598025,2013,Punjab Kings,Pune Warriors,"Punjab Cricket Association Stadium, Mohali",Punjab Kings,field,0.48717948717948717,0.2857142857142857,0.4,0.4,0.4,1,0,0.4166666666666667,24,1482.6343000516074,1369.2404918690963,113.39380818251107,8.005457375030781,7.480938833570411,9.398745828698555,7.986917677993196,9.400339558573853,6.0,6.0,8.005457375030781,7.480938833570411,9.398745828698555,7.986917677993196,9.400339558573853,6.0,6.0,1
598026,2013,Chennai Super Kings,Rajasthan Royals,"MA Chidambaram Stadium, Chepauk",Rajasthan Royals,bat,0.5930232558139535,0.5384615384615384,0.8,0.6,0.6363636363636364,0,1,0.6111111111111112,36,1595.2129999815445,1496.8540798293593,98.35892015218519,8.005457375030781,7.480938833570411,9.398745828698555,7.986917677993196,9.400339558573853,6.0,6.0,8.005457375030781,7.480938833570411,9.398745828698555,7.986917677993196,9.400339558573853,6.0,6.0,1
598027,2013,Royal Challengers Bengaluru,Pune Warriors,M Chinnaswamy Stadium,Pune Warriors,field,0.5238095238095238,0.2777777777777778,0.8,0.4,1.0,0,0,0.3939393939393939,33,1577.2482626169838,1358.2846287512214,218.9636338657624,8.005457375030781,7.480938833570411,9.398745828698555,7.986917677993196,9.400339558573853,6.0,6.0,8.005457375030781,7.480938833570411,9.398745828698555,7.986917677993196,9.400339558573853,6.0,6.0,1
598059,2013,Delhi Capitals,Punjab Kings,Feroz Shah Kotla,Punjab Kings,field,0.49382716049382713,0.4936708860759494,0.2,0.4,0.5,0,0,0.5161290322580645,31,1456.5157747902463,1493.5901631694824,-37.0743883792361,8.005457375030781,7.480938833570411,9.398745828698555,7.986917677993196,9.400339558573853,6.0,6.0,8.005457375030781,7.480938833570411,9.398745828698555,7.986917677993196,9.400339558573853,6.0,6.0,0
598029,2013,Kolkata Knight Riders,Mumbai Indians,Eden Gardens,Kolkata Knight Riders,bat,0.48717948717948717,0.5609756097560976,0.2,0.6,0.2,1,1,0.3870967741935484,31,1546.3008361985424,1537.3432314605122,8.957604738030113,8.005457375030781,7.480938833570411,9.398745828698555,7.986917677993196,9.400339558573853,6.0,6.0,8.005457375030781,7.480938833570411,9.398745828698555,7.986917677993196,9.400339558573853,6.0,6.0,0
598030,2013,Chennai Super Kings,Sunrisers Hyderabad,"MA Chidambaram Stadium, Chepauk",Sunrisers Hyderabad,bat,0.5977011494252874,0.7142857142857143,0.8,0.6,0.5,0,1,0.5945945945945946,37,1606.800655715767,1537.104037458856,69.69661825691105,8.005457375030781,7.480938833570411,9.398745828698555,7.986917677993196,9.400339558573853,6.0,6.0,8.005457375030781,7.480938833570411,9.398745828698555,7.986917677993196,9.400339558573853,6.0,6.0,1
598031,2013,Kolkata Knight Riders,Punjab Kings,Eden Gardens,Punjab Kings,bat,0.4810126582278481,0.5,0.2,0.6,0.5,0,1,0.375,32,1529.8884146325922,1507.889275449027,21.99913918356515,8.005457375030781,7.480938833570411,9.398745828698555,7.986917677993196,9.400339558573853,6.0,6.0,8.005457375030781,7.480938833570411,9.398745828698555,7.986917677993196,9.400339558573853,6.0,6.0,1
598032,2013,Rajasthan Royals,Sunrisers Hyderabad,Sawai Mansingh Stadium,Sunrisers Hyderabad,bat,0.5316455696202531,0.625,0.4,0.6,0.5,0,1,0.35714285714285715,28,1485.2664240951367,1524.2713135097474,-39.004889414610716,8.005457375030781,7.480938833570411,9.398745828698555,7.986917677993196,9.400339558573853,6.0,6.0,8.005457375030781,7.480938833570411,9.398745828698555,7.986917677993196,9.400339558573853,6.0,6.0,1
598033,2013,Mumbai Indians,Royal Challengers Bengaluru,Wankhede Stadium,Mumbai Indians,bat,0.5662650602409639,0.5294117647058824,0.6,0.8,0.5,1,1,0.44,25,1553.7556530264624,1584.3169155664666,-30.561262540004236,8.005457375030781,7.480938833570411,9.398745828698555,7.986917677993196,9.400339558573853,6.0,6.0,8.005457375030781,7.480938833570411,9.398745828698555,7.986917677993196,9.400339558573853,6.0,6.0,1
598034,2013,Chennai Super Kings,Kolkata Knight Riders,"MA Chidambaram Stadium, Chepauk",Kolkata Knight Riders,field,0.6022727272727273,0.4875,0.8,0.4,0.6363636363636364,0,0,0.5789473684210527,38,1619.6333796648757,1544.8766685856374,74.75671107923836,8.005457375030781,7.480938833570411,9.398745828698555,7.986917677993196,9.400339558573853,6.0,6.0,8.005457375030781,7.480938833570411,9.398745828698555,7.986917677993196,9.400339558573853,6.0,6.0,1
598035,2013,Delhi Capitals,Pune Warriors,Shaheed Veer Narayan Singh International Stadium,Pune Warriors,field,0.4878048780487805,0.2702702702702703,0.2,0.2,0.6666666666666666,0,0,0.5,0,1442.2166625107016,1351.2159758017385,91.00068670896303,8.005457375030781,7.480938833570411,9.398745828698555,7.986917677993196,9.400339558573853,6.0,6.0,8.005457375030781,7.480938833570411,9.398745828698555,7.986917677993196,9.400339558573853,6.0,6.0,1
598036,2013,Rajasthan Royals,Royal Challengers Bengaluru,Sawai Mansingh Stadium,Rajasthan Royals,field,0.5375,0.5232558139534884,0.6,0.6,0.4,1,0,0.3448275862068966,29,1503.055157202898,1566.9131360749527,-63.85797887205467,8.005457375030781,7.480938833570411,9.398745828698555,7.986917677993196,9.400339558573853,6.0,6.0,8.005457375030781,7.480938833570411,9.398745828698555,7.986917677993196,9.400339558573853,6.0,6.0,1
598037,2013,Mumbai Indians,Punjab Kings,Wankhede Stadium,Mumbai Indians,bat,0.5714285714285714,0.49382716049382713,0.6,0.6,0.4,1,1,0.46153846153846156,26,1571.1594325179763,1492.901021495982,78.25841102199433,8.005457375030781,7.480938833570411,9.398745828698555,7.986917677993196,9.400339558573853,6.0,6.0,8.005457375030781,7.480938833570411,9.398745828698555,7.986917677993196,9.400339558573853,6.0,6.0,1
598038,2013,Pune Warriors,Chennai Super Kings,Subrata Roy Sahara Stadium,Chennai Super Kings,bat,0.2631578947368421,0.6067415730337079,0.2,1.0,0.4,0,1,0.5454545454545454,11,1339.3134391317728,1632.2428684784834,-292.92942934671055,8.005457375030781,7.480938833570411,9.398745828698555,7.986917677993196,9.400339558573853,6.0,6.0,8.005457375030781,7.480938833570411,9.398745828698555,7.986917677993196,9.400339558573853,6.0,6.0,0
598039,2013,Sunrisers Hyderabad,Mumbai Indians,"Rajiv Gandhi International Stadium, Uppal",Mumbai Indians,bat,0.5555555555555556,0.5764705882352941,0.4,0.6,0.5,0,1,0.38095238095238093,21,1506.482580401986,1583.6152367993573,-77.13265639737119,8.005457375030781,7.480938833570411,9.398745828698555,7.986917677993196,9.400339558573853,6.0,6.0,8.005457375030781,7.480938833570411,9.398745828698555,7.986917677993196,9.400339558573853,6.0,6.0,1
598040,2013,Delhi Capitals,Kolkata Knight Riders,Shaheed Veer Narayan Singh International Stadium,Kolkata Knight Riders,bat,0.4939759036144578,0.48148148148148145,0.4,0.2,0.4,0,1,1.0,1,1454.1191991806672,1532.2671797720297,-78.14798059136251,8.005457375030781,7.480938833570411,9.398745828698555,7.986917677993196,9.400339558573853,6.0,6.0,8.005457375030781,7.480938833570411,9.398745828698555,7.986917677993196,9.400339558573853,6.0,6.0,1
598041,2013,Chennai Super Kings,Punjab Kings,"MA Chidambaram Stadium, Chepauk",Chennai Super Kings,bat,0.6111111111111112,0.4878048780487805,1.0,0.4,0.6363636363636364,1,1,0.5897435897435898,39,1637.2435503097615,1480.445217214601,156.79833309516061,8.005457375030781,7.480938833570411,9.398745828698555,7.986917677993196,9.400339558573853,6.0,6.0,8.005457375030781,7.480938833570411,9.398745828698555,7.986917677993196,9.400339558573853,6.0,6.0,1
598042,2013,Pune Warriors,Royal Challengers Bengaluru,Subrata Roy Sahara Stadium,Royal Challengers Bengaluru,bat,0.2564102564102564,0.5172413793103449,0.0,0.6,0.0,0,1,0.5833333333333334,12,1334.3127573004947,1548.0050407765477,-213.69228347605303,8.005457375030781,7.480938833570411,9.398745828698555,7.986917677993196,9.400339558573853,6.0,6.0,8.005457375030781,7.480938833570411,9.398745828698555,7.986917677993196,9.400339558573853,6.0,6.0,0
598043,2013,Kolkata Knight Riders,Rajasthan Royals,Eden Gardens,Rajasthan Royals,bat,0.47560975609756095,0.5432098765432098,0.2,0.6,0.45454545454545453,0,1,0.36363636363636365,33,1512.727820368937,1521.963252501303,-9.235432132365986,8.005457375030781,7.480938833570411,9.398745828698555,7.986917677993196,9.400339558573853,6.0,6.0,8.005457375030781,7.480938833570411,9.398745828698555,7.986917677993196,9.400339558573853,6.0,6.0,1
598044,2013,Sunrisers Hyderabad,Delhi Capitals,"Rajiv Gandhi International Stadium, Uppal",Delhi Capitals,bat,0.6,0.5,0.6,0.6,1.0,0,1,0.36363636363636365,22,1525.9774417787482,1473.65855858376,52.3188831949883,8.005457375030781,7.480938833570411,9.398745828698555,7.986917677993196,9.400339558573853,6.0,6.0,8.005457375030781,7.480938833570411,9.398745828698555,7.986917677993196,9.400339558573853,6.0,6.0,1
598046,2013,Mumbai Indians,Chennai Super Kings,Wankhede Stadium,Mumbai Indians,bat,0.5697674418604651,0.6153846153846154,0.6,1.0,0.5833333333333334,1,1,0.48148148148148145,27,1564.120375422595,1646.4760532771238,-82.35567785452872,8.005457375030781,7.480938833570411,9.398745828698555,7.986917677993196,9.400339558573853,6.0,6.0,8.005457375030781,7.480938833570411,9.398745828698555,7.986917677993196,9.400339558573853,6.0,6.0,1
598047,2013,Rajasthan Royals,Pune Warriors,Sawai Mansingh Stadium,Pune Warriors,bat,0.5365853658536586,0.25,0.4,0.0,0.75,0,1,0.3333333333333333,30,1505.5380452781578,1327.0755770714459,178.46246820671195,8.005457375030781,7.480938833570411,9.398745828698555,7.986917677993196,9.400339558573853,6.0,6.0,8.005457375030781,7.480938833570411,9.398745828698555,7.986917677993196,9.400339558573853,6.0,6.0,1
598064,2013,Punjab Kings,Royal Challengers Bengaluru,"Punjab Cricket Association Stadium, Mohali",Punjab Kings,field,0.4819277108433735,0.5227272727272727,0.4,0.6,0.5,1,0,0.4,25,1471.2127142472386,1555.2422210055965,-84.02950675835791,8.005457375030781,7.480938833570411,9.398745828698555,7.986917677993196,9.400339558573853,6.0,6.0,8.005457375030781,7.480938833570411,9.398745828698555,7.986917677993196,9.400339558573853,6.0,6.0,1
598050,2013,Mumbai Indians,Kolkata Knight Riders,Wankhede Stadium,Mumbai Indians,bat,0.5747126436781609,0.4819277108433735,0.8,0.4,0.8181818181818182,1,1,0.5,28,1583.8435230981243,1529.1530275920823,54.690495506042,8.005457375030781,7.480938833570411,9.398745828698555,7.986917677993196,9.400339558573853,6.0,6.0,8.005457375030781,7.480938833570411,9.398745828698555,7.986917677993196,9.400339558573853,6.0,6.0,1
598049,2013,Rajasthan Royals,Delhi Capitals,Sawai Mansingh Stadium,Delhi Capitals,bat,0.5421686746987951,0.49411764705882355,0.6,0.6,0.45454545454545453,0,1,0.3225806451612903,31,1513.973419823532,1460.0498841492963,53.92353567423561,8.005457375030781,7.480938833570411,9.398745828698555,7.986917677993196,9.400339558573853,6.0,6.0,8.005457375030781,7.480938833570411,9.398745828698555,7.986917677993196,9.400339558573853,6.0,6.0,1
598051,2013,Sunrisers Hyderabad,Chennai Super Kings,"Rajiv Gandhi International Stadium, Uppal",Sunrisers Hyderabad,field,0.6363636363636364,0.6086956521739131,0.6,0.8,0.0,1,0,0.34782608695652173,23,1539.5861162132119,1626.7529056015946,-87.16678938838277,8.005457375030781,7.480938833570411,9.398745828698555,7.986917677993196,9.400339558573853,6.0,6.0,8.005457375030781,7.480938833570411,9.398745828698555,7.986917677993196,9.400339558573853,6.0,6.0,0
598052,2013,Punjab Kings,Rajasthan Royals,"Punjab Cricket Association Stadium, Mohali",Rajasthan Royals,field,0.4880952380952381,0.5476190476190477,0.4,0.8,0.3,0,0,0.38461538461538464,26,1491.0086885318071,1527.5098983138964,-36.50120978208929,8.005457375030781,7.480938833570411,9.398745828698555,7.986917677993196,9.400339558573853,6.0,6.0,8.005457375030781,7.480938833570411,9.398745828698555,7.986917677993196,9.400339558573853,6.0,6.0,0
598053,2013,Pune Warriors,Kolkata Knight Riders,Subrata Roy Sahara Stadium,Kolkata Knight Riders,bat,0.24390243902439024,0.47619047619047616,0.0,0.4,0.0,0,1,0.6153846153846154,13,1318.6402025260718,1515.6510198158767,-197.0108172898049,8.005457375030781,7.480938833570411,9.398745828698555,7.986917677993196,9.400339558573853,6.0,6.0,8.005457375030781,7.480938833570411,9.398745828698555,7.986917677993196,9.400339558573853,6.0,6.0,0
598054,2013,Delhi Capitals,Royal Challengers Bengaluru,Feroz Shah Kotla,Delhi Capitals,field,0.4883720930232558,0.5168539325842697,0.4,0.4,0.5,1,0,0.5,32,1446.5134056589318,1535.446246721028,-88.93284106209626,8.005457375030781,7.480938833570411,9.398745828698555,7.986917677993196,9.400339558573853,6.0,6.0,8.005457375030781,7.480938833570411,9.398745828698555,7.986917677993196,9.400339558573853,6.0,6.0,0
598055,2013,Pune Warriors,Mumbai Indians,Subrata Roy Sahara Stadium,Pune Warriors,bat,0.23809523809523808,0.5795454545454546,0.0,0.8,0.2,1,1,0.6428571428571429,14,1310.8511485110087,1597.3455308743298,-286.49438236332117,8.005457375030781,7.480938833570411,9.398745828698555,7.986917677993196,9.400339558573853,6.0,6.0,8.005457375030781,7.480938833570411,9.398745828698555,7.986917677993196,9.400339558573853,6.0,6.0,0
598056,2013,Punjab Kings,Sunrisers Hyderabad,"Punjab Cricket Association Stadium, Mohali",Punjab Kings,field,0.4823529411764706,0.5833333333333334,0.2,0.4,0.0,1,0,0.37037037037037035,27,1476.6834741440668,1527.5181403836682,-50.83466623960135,8.005457375030781,7.480938833570411,9.398745828698555,7.986917677993196,9.400339558573853,6.0,6.0,8.005457375030781,7.480938833570411,9.398745828698555,7.986917677993196,9.400339558573853,6.0,6.0,0
598058,2013,Rajasthan Royals,Chennai Super Kings,Sawai Mansingh Stadium,Rajasthan Royals,field,0.5529411764705883,0.6129032258064516,0.8,0.8,0.3333333333333333,1,0,0.3125,32,1541.8351127016367,1638.8208814311383,-96.98576872950161,8.005457375030781,7.480938833570411,9.398745828698555,7.986917677993196,9.400339558573853,6.0,6.0,8.005457375030781,7.480938833570411,9.398745828698555,7.986917677993196,9.400339558573853,6.0,6.0,1
598057,2013,Kolkata Knight Riders,Royal Challengers Bengaluru,JSCA International Stadium Complex,Kolkata Knight Riders,field,0.4823529411764706,0.5222222222222223,0.4,0.4,0.45454545454545453,1,0,0.5,0,1523.4400738309398,1547.4379006717286,-23.997826840788775,8.005457375030781,7.480938833570411,9.398745828698555,7.986917677993196,9.400339558573853,6.0,6.0,8.005457375030781,7.480938833570411,9.398745828698555,7.986917677993196,9.400339558573853,6.0,6.0,1
598060,2013,Mumbai Indians,Sunrisers Hyderabad,Wankhede Stadium,Sunrisers Hyderabad,bat,0.5842696629213483,0.6153846153846154,0.8,0.6,0.0,0,1,0.5172413793103449,29,1602.5045030579483,1541.1936810260306,61.31082203191772,8.005457375030781,7.480938833570411,9.398745828698555,7.986917677993196,9.400339558573853,6.0,6.0,8.005457375030781,7.480938833570411,9.398745828698555,7.986917677993196,9.400339558573853,6.0,6.0,1
598045,2013,Royal Challengers Bengaluru,Punjab Kings,M Chinnaswamy Stadium,Punjab Kings,field,0.5164835164835165,0.47674418604651164,0.4,0.2,0.45454545454545453,0,0,0.4117647058823529,34,1530.3345140421666,1463.0079335017044,67.32658054046215,8.005457375030781,7.480938833570411,9.398745828698555,7.986917677993196,9.400339558573853,6.0,6.0,8.005457375030781,7.480938833570411,9.398745828698555,7.986917677993196,9.400339558573853,6.0,6.0,0
598062,2013,Chennai Super Kings,Delhi Capitals,"MA Chidambaram Stadium, Chepauk",Chennai Super Kings,bat,0.6063829787234043,0.4827586206896552,0.6,0.4,0.6363636363636364,1,1,0.6,40,1618.4670274800612,1434.5217517082312,183.94527577182998,8.005457375030781,7.480938833570411,9.398745828698555,7.986917677993196,9.400339558573853,6.0,6.0,8.005457375030781,7.480938833570411,9.398745828698555,7.986917677993196,9.400339558573853,6.0,6.0,1
598061,2013,Kolkata Knight Riders,Pune Warriors,JSCA International Stadium Complex,Kolkata Knight Riders,field,0.4883720930232558,0.23255813953488372,0.6,0.0,1.0,1,0,0.0,1,1540.5434604605018,1305.6921763273901,234.85128413311168,8.005457375030781,7.480938833570411,9.398745828698555,7.986917677993196,9.400339558573853,6.0,6.0,8.005457375030781,7.480938833570411,9.398745828698555,7.986917677993196,9.400339558573853,6.0,6.0,0
598063,2013,Mumbai Indians,Rajasthan Royals,Wankhede Stadium,Rajasthan Royals,field,0.5888888888888889,0.5581395348837209,0.8,0.8,0.5,0,0,0.5,30,1615.7099829098267,1562.1889666527138,53.52101625711293,8.005457375030781,7.480938833570411,9.398745828698555,7.986917677993196,9.400339558573853,6.0,6.0,8.005457375030781,7.480938833570411,9.398745828698555,7.986917677993196,9.400339558573853,6.0,6.0,1
598028,2013,Punjab Kings,Delhi Capitals,Himachal Pradesh Cricket Association Stadium,Delhi Capitals,field,0.4827586206896552,0.4772727272727273,0.4,0.2,0.5454545454545454,0,0,0.42857142857142855,7,1482.0702020505707,1426.2809622780303,55.78923977254044,8.005457375030781,7.480938833570411,9.398745828698555,7.986917677993196,9.400339558573853,6.0,6.0,8.005457375030781,7.480938833570411,9.398745828698555,7.986917677993196,9.400339558573853,6.0,6.0,1
598065,2013,Sunrisers Hyderabad,Rajasthan Royals,"Rajiv Gandhi International Stadium, Uppal",Sunrisers Hyderabad,bat,0.5714285714285714,0.5517241379310345,0.6,0.8,0.0,1,1,0.375,24,1527.9882011741522,1548.6343876832261,-20.646186509073914,8.005457375030781,7.480938833570411,9.398745828698555,7.986917677993196,9.400339558573853,6.0,6.0,8.005457375030781,7.480938833570411,9.398745828698555,7.986917677993196,9.400339558573853,6.0,6.0,1
598068,2013,Royal Challengers Bengaluru,Chennai Super Kings,M Chinnaswamy Stadium,Chennai Super Kings,field,0.5108695652173914,0.6105263157894737,0.4,0.6,0.38461538461538464,0,0,0.4,35,1511.2722454933003,1626.7078169102622,-115.43557141696192,8.005457375030781,7.480938833570411,9.398745828698555,7.986917677993196,9.400339558573853,6.0,6.0,8.005457375030781,7.480938833570411,9.398745828698555,7.986917677993196,9.400339558573853,6.0,6.0,1
598066,2013,Punjab Kings,Mumbai Indians,Himachal Pradesh Cricket Association Stadium,Mumbai Indians,field,0.48863636363636365,0.5934065934065934,0.6,1.0,0.5454545454545454,0,0,0.5,8,1495.5228686541132,1629.2645618793144,-133.7416932252013,8.005457375030781,7.480938833570411,9.398745828698555,7.986917677993196,9.400339558573853,6.0,6.0,8.005457375030781,7.480938833570411,9.398745828698555,7.986917677993196,9.400339558573853,6.0,6.0,1
598067,2013,Pune Warriors,Delhi Capitals,Subrata Roy Sahara Stadium,Pune Warriors,bat,0.25,0.47191011235955055,0.2,0.0,0.25,1,1,0.6,15,1331.1143251137446,1412.828295674488,-81.71397056074329,8.005457375030781,7.480938833570411,9.398745828698555,7.986917677993196,9.400339558573853,6.0,6.0,8.005457375030781,7.480938833570411,9.398745828698555,7.986917677993196,9.400339558573853,6.0,6.0,1
598069,2013,Sunrisers Hyderabad,Kolkata Knight Riders,"Rajiv Gandhi International Stadium, Uppal",Kolkata Knight Riders,bat,0.6,0.4827586206896552,0.6,0.6,0.0,0,1,0.4,25,1544.9378756101637,1515.1213116741474,29.816563936016337,8.005457375030781,7.480938833570411,9.398745828698555,7.986917677993196,9.400339558573853,6.0,6.0,8.005457375030781,7.480938833570411,9.398745828698555,7.986917677993196,9.400339558573853,6.0,6.0,1
598070,2013,Chennai Super Kings,Mumbai Indians,Feroz Shah Kotla,Chennai Super Kings,bat,0.6041666666666666,0.5869565217391305,0.4,0.8,0.38461538461538464,1,1,0.5151515151515151,33,1605.5791560431928,1607.3927303855355,-1.8135743423426902,8.005457375030781,7.480938833570411,9.398745828698555,7.986917677993196,9.400339558573853,6.0,6.0,8.005457375030781,7.480938833570411,9.398745828698555,7.986917677993196,9.400339558573853,6.0,6.0,1
598071,2013,Rajasthan Royals,Sunrisers Hyderabad,Feroz Shah Kotla,Sunrisers Hyderabad,bat,0.5454545454545454,0.625,0.6,0.6,0.5,0,1,0.5294117647058824,34,1531.6847132472146,1559.5681331175288,-27.88341987031413,8.005457375030781,7.480938833570411,9.398745828698555,7.986917677993196,9.400339558573853,6.0,6.0,8.005457375030781,7.480938833570411,9.398745828698555,7.986917677993196,9.400339558573853,6.0,6.0,1
598072,2013,Mumbai Indians,Rajasthan Royals,Eden Gardens,Rajasthan Royals,bat,0.5806451612903226,0.550561797752809,0.6,0.6,0.5454545454545454,0,1,0.35294117647058826,34,1591.309212959159,1548.9660424148974,42.34317054426151,8.005457375030781,7.480938833570411,9.398745828698555,7.986917677993196,9.400339558573853,6.0,6.0,8.005457375030781,7.480938833570411,9.398745828698555,7.986917677993196,9.400339558573853,6.0,6.0,1
598073,2013,Chennai Super Kings,Mumbai Indians,Eden Gardens,Mumbai Indians,bat,0.6082474226804123,0.5851063829787234,0.6,0.6,0.42857142857142855,0,1,0.34285714285714286,35,1621.6626734695694,1605.3688352916984,16.293838177871066,8.005457375030781,7.480938833570411,9.398745828698555,7.986917677993196,9.400339558573853,6.0,6.0,8.005457375030781,7.480938833570411,9.398745828698555,7.986917677993196,9.400339558573853,6.0,6.0,0
729279,2014,Mumbai Indians,Kolkata Knight Riders,Sheikh Zayed Stadium,Kolkata Knight Riders,bat,0.5894736842105263,0.4772727272727273,0.6,0.4,0.8333333333333334,0,1,0.5,0,1622.1186446475888,1500.4910541667823,121.62759048080648,8.005457375030781,7.480938833570411,9.398745828698555,7.986917677993196,9.400339558573853,6.0,6.0,8.005457375030781,7.480938833570411,9.398745828698555,7.986917677993196,9.400339558573853,6.0,6.0,0
729281,2014,Delhi Capitals,Royal Challengers Bengaluru,Sharjah Cricket Stadium,Royal Challengers Bengaluru,field,0.4666666666666667,0.5161290322580645,0.0,0.4,0.45454545454545453,0,0,0.5,0,1393.1331115391943,1532.4009063603696,-139.26779482117536,8.005457375030781,7.480938833570411,9.398745828698555,7.986917677993196,9.400339558573853,6.0,6.0,8.005457375030781,7.480938833570411,9.398745828698555,7.986917677993196,9.400339558573853,6.0,6.0,0
729283,2014,Chennai Super Kings,Punjab Kings,Sheikh Zayed Stadium,Chennai Super Kings,bat,0.6020408163265306,0.4943820224719101,0.4,0.6,0.6666666666666666,1,1,1.0,1,1604.912864113679,1517.394700147892,87.51816396578693,8.005457375030781,7.480938833570411,9.398745828698555,7.986917677993196,9.400339558573853,6.0,6.0,8.005457375030781,7.480938833570411,9.398745828698555,7.986917677993196,9.400339558573853,6.0,6.0,0
729285,2014,Sunrisers Hyderabad,Rajasthan Royals,Sheikh Zayed Stadium,Rajasthan Royals,field,0.5882352941176471,0.5444444444444444,0.6,0.4,0.3333333333333333,0,0,0.5,2,1542.286803949846,1534.9064200823582,7.380383867487808,8.005457375030781,7.480938833570411,9.398745828698555,7.986917677993196,9.400339558573853,6.0,6.0,8.005457375030781,7.480938833570411,9.398745828698555,7.986917677993196,9.400339558573853,6.0,6.0,0
729287,2014,Royal Challengers Bengaluru,Mumbai Indians,Dubai International Cricket Stadium,Royal Challengers Bengaluru,field,0.5212765957446809,0.5833333333333334,0.6,0.4,0.46153846153846156,1,0,0.5,0,1542.310159327863,1600.735609401762,-58.42545007389913,8.005457375030781,7.480938833570411,9.398745828698555,7.986917677993196,9.400339558573853,6.0,6.0,8.005457375030781,7.480938833570411,9.398745828698555,7.986917677993196,9.400339558573853,6.0,6.0,1
729289,2014,Kolkata Knight Riders,Delhi Capitals,Dubai International Cricket Stadium,Kolkata Knight Riders,bat,0.48314606741573035,0.46153846153846156,0.6,0.0,0.5454545454545454,1,1,0.0,1,1521.874089412609,1383.223858571701,138.65023084090808,8.005457375030781,7.480938833570411,9.398745828698555,7.986917677993196,9.400339558573853,6.0,6.0,8.005457375030781,7.480938833570411,9.398745828698555,7.986917677993196,9.400339558573853,6.0,6.0,0
729291,2014,Rajasthan Royals,Punjab Kings,Sharjah Cricket Stadium,Punjab Kings,field,0.5494505494505495,0.5,0.4,0.8,0.7272727272727273,0,0,0.0,1,1551.24624820649,1537.3419246764324,13.904323530057582,8.005457375030781,7.480938833570411,9.398745828698555,7.986917677993196,9.400339558573853,6.0,6.0,8.005457375030781,7.480938833570411,9.398745828698555,7.986917677993196,9.400339558573853,6.0,6.0,0
729293,2014,Chennai Super Kings,Delhi Capitals,Sheikh Zayed Stadium,Chennai Super Kings,bat,0.5959595959595959,0.4673913043478261,0.4,0.2,0.6666666666666666,1,1,0.3333333333333333,3,1584.9656395851387,1405.2902705399301,179.67536904520853,8.005457375030781,7.480938833570411,9.398745828698555,7.986917677993196,9.400339558573853,6.0,6.0,8.005457375030781,7.480938833570411,9.398745828698555,7.986917677993196,9.400339558573853,6.0,6.0,1
729295,2014,Punjab Kings,Sunrisers Hyderabad,Sharjah Cricket Stadium,Sunrisers Hyderabad,field,0.5054945054945055,0.5555555555555556,1.0,0.4,0.0,0,0,0.0,2,1553.9819008150516,1525.9469758257142,28.03492498933747,8.005457375030781,7.480938833570411,9.398745828698555,7.986917677993196,9.400339558573853,6.0,6.0,8.005457375030781,7.480938833570411,9.398745828698555,7.986917677993196,9.400339558573853,6.0,6.0,1
729297,2014,Rajasthan Royals,Chennai Super Kings,Dubai International Cricket Stadium,Rajasthan Royals,field,0.5434782608695652,0.6,0.4,0.4,0.38461538461538464,1,0,0.0,2,1534.6062720678708,1593.35771512226,-58.751443054389256,8.005457375030781,7.480938833570411,9.398745828698555,7.986917677993196,9.400339558573853,6.0,6.0,8.005457375030781,7.480938833570411,9.398745828698555,7.986917677993196,9.400339558573853,6.0,6.0,0
729299,2014,Royal Challengers Bengaluru,Kolkata Knight Riders,Sharjah Cricket Stadium,Royal Challengers Bengaluru,field,0.5263157894736842,0.4777777777777778,0.6,0.4,0.5,1,0,0.3333333333333333,3,1560.9756724530582,1499.8076774443798,61.16799500867842,8.005457375030781,7.480938833570411,9.398745828698555,7.986917677993196,9.400339558573853,6.0,6.0,8.005457375030781,7.480938833570411,9.398745828698555,7.986917677993196,9.400339558573853,6.0,6.0,0
729301,2014,Sunrisers Hyderabad,Delhi Capitals,Dubai International Cricket Stadium,Sunrisers Hyderabad,bat,0.5263157894736842,0.46236559139784944,0.4,0.2,1.0,1,1,0.3333333333333333,3,1511.235237073426,1396.8981950028087,114.33704207061737,8.005457375030781,7.480938833570411,9.398745828698555,7.986917677993196,9.400339558573853,6.0,6.0,8.005457375030781,7.480938833570411,9.398745828698555,7.986917677993196,9.400339558573853,6.0,6.0,1
729303,2014,Chennai Super Kings,Mumbai Indians,Dubai International Cricket Stadium,Mumbai Indians,bat,0.6039603960396039,0.5773195876288659,0.6,0.4,0.4,0,1,0.5,4,1606.6776084050284,1582.0700962765668,24.60751212846162,8.005457375030781,7.480938833570411,9.398745828698555,7.986917677993196,9.400339558573853,6.0,6.0,8.005457375030781,7.480938833570411,9.398745828698555,7.986917677993196,9.400339558573853,6.0,6.0,1
729305,2014,Rajasthan Royals,Royal Challengers Bengaluru,Sheikh Zayed Stadium,Rajasthan Royals,field,0.5376344086021505,0.5208333333333334,0.4,0.6,0.45454545454545453,1,0,0.5,4,1521.2863787851024,1542.1875295439131,-20.901150758810672,8.005457375030781,7.480938833570411,9.398745828698555,7.986917677993196,9.400339558573853,6.0,6.0,8.005457375030781,7.480938833570411,9.398745828698555,7.986917677993196,9.400339558573853,6.0,6.0,1
729307,2014,Kolkata Knight Riders,Punjab Kings,Sheikh Zayed Stadium,Kolkata Knight Riders,field,0.4835164835164835,0.5108695652173914,0.4,1.0,0.5454545454545454,1,0,0.4,5,1518.595820353525,1568.6936395673397,-50.09781921381477,8.005457375030781,7.480938833570411,9.398745828698555,7.986917677993196,9.400339558573853,6.0,6.0,8.005457375030781,7.480938833570411,9.398745828698555,7.986917677993196,9.400339558573853,6.0,6.0,0
729309,2014,Delhi Capitals,Mumbai Indians,Sharjah Cricket Stadium,Mumbai Indians,bat,0.4574468085106383,0.5714285714285714,0.2,0.4,0.5,0,1,0.5,4,1385.9814186942274,1567.2014230150573,-181.22000432082996,8.005457375030781,7.480938833570411,9.398745828698555,7.986917677993196,9.400339558573853,6.0,6.0,8.005457375030781,7.480938833570411,9.398745828698555,7.986917677993196,9.400339558573853,6.0,6.0,1
729311,2014,Sunrisers Hyderabad,Chennai Super Kings,Sharjah Cricket Stadium,Sunrisers Hyderabad,bat,0.55,0.6078431372549019,0.4,0.6,0.0,1,1,0.4,5,1522.1520133820075,1621.5462816665379,-99.39426828453043,8.005457375030781,7.480938833570411,9.398745828698555,7.986917677993196,9.400339558573853,6.0,6.0,8.005457375030781,7.480938833570411,9.398745828698555,7.986917677993196,9.400339558573853,6.0,6.0,0
729313,2014,Punjab Kings,Royal Challengers Bengaluru,Dubai International Cricket Stadium,Punjab Kings,field,0.5161290322580645,0.5154639175257731,1.0,0.6,0.5833333333333334,1,0,0.4,5,1582.4024072691225,1525.2261554471327,57.17625182198981,8.005457375030781,7.480938833570411,9.398745828698555,7.986917677993196,9.400339558573853,6.0,6.0,8.005457375030781,7.480938833570411,9.398745828698555,7.986917677993196,9.400339558573853,6.0,6.0,1
729315,2014,Kolkata Knight Riders,Rajasthan Royals,Sheikh Zayed Stadium,Rajasthan Royals,bat,0.4782608695652174,0.5425531914893617,0.4,0.4,0.5,0,1,0.5,6,1504.8870526517421,1538.247752881883,-33.360700230140765,8.005457375030781,7.480938833570411,9.398745828698555,7.986917677993196,9.400339558573853,6.0,6.0,8.005457375030781,7.480938833570411,9.398745828698555,7.986917677993196,9.400339558573853,6.0,6.0,0
729317,2014,Mumbai Indians,Sunrisers Hyderabad,Dubai International Cricket Stadium,Mumbai Indians,field,0.5656565656565656,0.5238095238095238,0.2,0.2,0.5,1,0,0.3333333333333333,6,1543.5385648473837,1510.6083748621243,32.9301899852594,8.005457375030781,7.480938833570411,9.398745828698555,7.986917677993196,9.400339558573853,6.0,6.0,8.005457375030781,7.480938833570411,9.398745828698555,7.986917677993196,9.400339558573853,6.0,6.0,0
733971,2014,Chennai Super Kings,Kolkata Knight Riders,JSCA International Stadium Complex,Chennai Super Kings,bat,0.6116504854368932,0.4731182795698925,0.8,0.4,0.6666666666666666,1,1,0.5,2,1633.089920186421,1490.4186655061471,142.67125468027393,8.005457375030781,7.480938833570411,9.398745828698555,7.986917677993196,9.400339558573853,6.0,6.0,8.005457375030781,7.480938833570411,9.398745828698555,7.986917677993196,9.400339558573853,6.0,6.0,1
733973,2014,Mumbai Indians,Punjab Kings,Wankhede Stadium,Punjab Kings,bat,0.56,0.5212765957446809,0.0,1.0,0.4166666666666667,0,1,0.5161290322580645,31,1526.0265983710433,1595.7928585205975,-69.76626014955423,8.005457375030781,7.480938833570411,9.398745828698555,7.986917677993196,9.400339558573853,6.0,6.0,8.005457375030781,7.480938833570411,9.398745828698555,7.986917677993196,9.400339558573853,6.0,6.0,1
733975,2014,Delhi Capitals,Rajasthan Royals,Feroz Shah Kotla,Rajasthan Royals,field,0.4631578947368421,0.5473684210526316,0.4,0.6,0.5,0,0,0.5142857142857142,35,1409.644276861901,1552.7161400274779,-143.07186316557681,8.005457375030781,7.480938833570411,9.398745828698555,7.986917677993196,9.400339558573853,6.0,6.0,8.005457375030781,7.480938833570411,9.398745828698555,7.986917677993196,9.400339558573853,6.0,6.0,0
733977,2014,Royal Challengers Bengaluru,Sunrisers Hyderabad,M Chinnaswamy Stadium,Royal Challengers Bengaluru,field,0.5102040816326531,0.5454545454545454,0.4,0.4,0.5,1,0,0.4166666666666667,36,1511.8357041956576,1528.1203413384646,-16.284637142807014,8.005457375030781,7.480938833570411,9.398745828698555,7.986917677993196,9.400339558573853,6.0,6.0,8.005457375030781,7.480938833570411,9.398745828698555,7.986917677993196,9.400339558573853,6.0,6.0,1
733979,2014,Rajasthan Royals,Kolkata Knight Riders,"Sardar Patel Stadium, Motera",Kolkata Knight Riders,field,0.5520833333333334,0.46808510638297873,0.6,0.2,0.5384615384615384,0,0,0.5,4,1562.476222922297,1480.6429328514355,81.8332900708615,8.005457375030781,7.480938833570411,9.398745828698555,7.986917677993196,9.400339558573853,6.0,6.0,8.005457375030781,7.480938833570411,9.398745828698555,7.986917677993196,9.400339558573853,6.0,6.0,1
733981,2014,Delhi Capitals,Chennai Super Kings,Feroz Shah Kotla,Chennai Super Kings,field,0.4583333333333333,0.6153846153846154,0.4,1.0,0.3076923076923077,0,0,0.5,36,1399.884193967082,1642.865652841133,-242.981458874051,8.005457375030781,7.480938833570411,9.398745828698555,7.986917677993196,9.400339558573853,6.0,6.0,8.005457375030781,7.480938833570411,9.398745828698555,7.986917677993196,9.400339558573853,6.0,6.0,0
733983,2014,Mumbai Indians,Royal Challengers Bengaluru,Wankhede Stadium,Royal Challengers Bengaluru,field,0.5643564356435643,0.5151515151515151,0.2,0.4,0.5,0,0,0.5,32,1545.1969557525301,1528.5850907582594,16.611864994270718,8.005457375030781,7.480938833570411,9.398745828698555,7.986917677993196,9.400339558573853,6.0,6.0,8.005457375030781,7.480938833570411,9.398745828698555,7.986917677993196,9.400339558573853,6.0,6.0,1
733985,2014,Delhi Capitals,Kolkata Knight Riders,Feroz Shah Kotla,Delhi Capitals,bat,0.4536082474226804,0.4631578947368421,0.2,0.2,0.5,1,1,0.4864864864864865,37,1393.5475442022241,1468.3433183583486,-74.79577415612448,8.005457375030781,7.480938833570411,9.398745828698555,7.986917677993196,9.400339558573853,6.0,6.0,8.005457375030781,7.480938833570411,9.398745828698555,7.986917677993196,9.400339558573853,6.0,6.0,0
733987,2014,Punjab Kings,Chennai Super Kings,Barabati Stadium,Chennai Super Kings,field,0.5157894736842106,0.6190476190476191,0.8,1.0,0.38461538461538464,0,0,0.75,4,1576.6225011391107,1649.2023026059908,-72.5798014668801,8.005457375030781,7.480938833570411,9.398745828698555,7.986917677993196,9.400339558573853,6.0,6.0,8.005457375030781,7.480938833570411,9.398745828698555,7.986917677993196,9.400339558573853,6.0,6.0,1
733989,2014,Rajasthan Royals,Sunrisers Hyderabad,"Sardar Patel Stadium, Motera",Rajasthan Royals,field,0.5567010309278351,0.5217391304347826,0.8,0.4,0.75,1,0,0.6,5,1574.7758374153839,1511.3709547758629,63.40488263952102,8.005457375030781,7.480938833570411,9.398745828698555,7.986917677993196,9.400339558573853,6.0,6.0,8.005457375030781,7.480938833570411,9.398745828698555,7.986917677993196,9.400339558573853,6.0,6.0,0
733991,2014,Royal Challengers Bengaluru,Punjab Kings,M Chinnaswamy Stadium,Royal Challengers Bengaluru,field,0.51,0.5208333333333334,0.2,0.8,0.38461538461538464,1,0,0.40540540540540543,37,1513.349512995279,1595.9171375907451,-82.56762459546621,8.005457375030781,7.480938833570411,9.398745828698555,7.986917677993196,9.400339558573853,6.0,6.0,8.005457375030781,7.480938833570411,9.398745828698555,7.986917677993196,9.400339558573853,6.0,6.0,0
733993,2014,Delhi Capitals,Sunrisers Hyderabad,Feroz Shah Kotla,Sunrisers Hyderabad,field,0.4489795918367347,0.5416666666666666,0.2,0.6,0.0,0,0,0.47368421052631576,38,1380.9397734890908,1530.2588687576906,-149.31909526859977,8.005457375030781,7.480938833570411,9.398745828698555,7.986917677993196,9.400339558573853,6.0,6.0,8.005457375030781,7.480938833570411,9.398745828698555,7.986917677993196,9.400339558573853,6.0,6.0,0
733995,2014,Mumbai Indians,Chennai Super Kings,Wankhede Stadium,Chennai Super Kings,field,0.5686274509803921,0.6132075471698113,0.4,0.8,0.5625,0,0,0.5151515151515151,33,1560.4325335155106,1629.9076661543563,-69.47513263884571,8.005457375030781,7.480938833570411,9.398745828698555,7.986917677993196,9.400339558573853,6.0,6.0,8.005457375030781,7.480938833570411,9.398745828698555,7.986917677993196,9.400339558573853,6.0,6.0,0
733997,2014,Punjab Kings,Kolkata Knight Riders,Barabati Stadium,Kolkata Knight Riders,field,0.5257731958762887,0.46875,0.8,0.2,0.5,0,0,0.8,5,1608.184759228285,1480.9510890714819,127.2336701568031,8.005457375030781,7.480938833570411,9.398745828698555,7.986917677993196,9.400339558573853,6.0,6.0,8.005457375030781,7.480938833570411,9.398745828698555,7.986917677993196,9.400339558573853,6.0,6.0,0
733999,2014,Royal Challengers Bengaluru,Rajasthan Royals,M Chinnaswamy Stadium,Royal Challengers Bengaluru,bat,0.504950495049505,0.5510204081632653,0.2,0.8,0.5,1,1,0.42105263157894735,38,1501.081891357739,1555.8879234335561,-54.80603207581703,8.005457375030781,7.480938833570411,9.398745828698555,7.986917677993196,9.400339558573853,6.0,6.0,8.005457375030781,7.480938833570411,9.398745828698555,7.986917677993196,9.400339558573853,6.0,6.0,0
734001,2014,Sunrisers Hyderabad,Mumbai Indians,"Rajiv Gandhi International Stadium, Uppal",Sunrisers Hyderabad,bat,0.56,0.5631067961165048,0.6,0.4,0.6666666666666666,1,1,0.38461538461538464,26,1539.7767379551942,1547.590008231032,-7.8132702758377945,8.005457375030781,7.480938833570411,9.398745828698555,7.986917677993196,9.400339558573853,6.0,6.0,8.005457375030781,7.480938833570411,9.398745828698555,7.986917677993196,9.400339558573853,6.0,6.0,0
734003,2014,Chennai Super Kings,Rajasthan Royals,JSCA International Stadium Complex,Rajasthan Royals,bat,0.616822429906542,0.5555555555555556,0.8,0.8,0.6428571428571429,0,1,0.6666666666666666,3,1642.750191438835,1569.384740514035,73.36545092479992,8.005457375030781,7.480938833570411,9.398745828698555,7.986917677993196,9.400339558573853,6.0,6.0,8.005457375030781,7.480938833570411,9.398745828698555,7.986917677993196,9.400339558573853,6.0,6.0,1
734005,2014,Royal Challengers Bengaluru,Delhi Capitals,M Chinnaswamy Stadium,Delhi Capitals,field,0.5,0.4444444444444444,0.2,0.2,0.5833333333333334,0,0,0.41025641025641024,39,1487.5850742772602,1371.4219042915872,116.163169985673,8.005457375030781,7.480938833570411,9.398745828698555,7.986917677993196,9.400339558573853,6.0,6.0,8.005457375030781,7.480938833570411,9.398745828698555,7.986917677993196,9.400339558573853,6.0,6.0,1
734007,2014,Sunrisers Hyderabad,Punjab Kings,"Rajiv Gandhi International Stadium, Uppal",Punjab Kings,field,0.5384615384615384,0.5204081632653061,0.6,0.6,0.6666666666666666,0,0,0.37037037037037035,27,1524.1364917046703,1586.5740329276184,-62.437541222948084,8.005457375030781,7.480938833570411,9.398745828698555,7.986917677993196,9.400339558573853,6.0,6.0,8.005457375030781,7.480938833570411,9.398745828698555,7.986917677993196,9.400339558573853,6.0,6.0,0
734009,2014,Kolkata Knight Riders,Mumbai Indians,Barabati Stadium,Kolkata Knight Riders,field,0.4742268041237113,0.5673076923076923,0.4,0.6,0.23076923076923078,1,0,0.6666666666666666,6,1502.5618153721484,1563.230254481556,-60.66843910940747,8.005457375030781,7.480938833570411,9.398745828698555,7.986917677993196,9.400339558573853,6.0,6.0,8.005457375030781,7.480938833570411,9.398745828698555,7.986917677993196,9.400339558573853,6.0,6.0,1
734011,2014,Rajasthan Royals,Delhi Capitals,"Sardar Patel Stadium, Motera",Delhi Capitals,field,0.55,0.44,0.6,0.0,0.5384615384615384,0,0,0.6666666666666666,6,1556.7140071909491,1360.5806093488727,196.13339784207642,8.005457375030781,7.480938833570411,9.398745828698555,7.986917677993196,9.400339558573853,6.0,6.0,8.005457375030781,7.480938833570411,9.398745828698555,7.986917677993196,9.400339558573853,6.0,6.0,1
734013,2014,Chennai Super Kings,Royal Challengers Bengaluru,JSCA International Stadium Complex,Chennai Super Kings,bat,0.6203703703703703,0.5048543689320388,0.8,0.4,0.5714285714285714,1,1,0.5,4,1655.4209247619208,1498.4263692199747,156.99455554194606,8.005457375030781,7.480938833570411,9.398745828698555,7.986917677993196,9.400339558573853,6.0,6.0,8.005457375030781,7.480938833570411,9.398745828698555,7.986917677993196,9.400339558573853,6.0,6.0,0
734015,2014,Sunrisers Hyderabad,Kolkata Knight Riders,"Rajiv Gandhi International Stadium, Uppal",Sunrisers Hyderabad,bat,0.5185185185185185,0.47959183673469385,0.4,0.6,0.5,1,1,0.35714285714285715,28,1510.9812877002823,1521.3276458928203,-10.346358192537991,8.005457375030781,7.480938833570411,9.398745828698555,7.986917677993196,9.400339558573853,6.0,6.0,8.005457375030781,7.480938833570411,9.398745828698555,7.986917677993196,9.400339558573853,6.0,6.0,0
734019,2014,Delhi Capitals,Punjab Kings,Feroz Shah Kotla,Punjab Kings,field,0.43564356435643564,0.5252525252525253,0.0,0.6,0.4166666666666667,0,0,0.46153846153846156,39,1352.761751527156,1599.7292369320064,-246.96748540485032,8.005457375030781,7.480938833570411,9.398745828698555,7.986917677993196,9.400339558573853,6.0,6.0,8.005457375030781,7.480938833570411,9.398745828698555,7.986917677993196,9.400339558573853,6.0,6.0,0
734017,2014,Rajasthan Royals,Mumbai Indians,"Sardar Patel Stadium, Motera",Mumbai Indians,bat,0.5544554455445545,0.5619047619047619,0.6,0.6,0.4166666666666667,0,1,0.7142857142857143,7,1564.5328650126658,1544.464423960884,20.068441051781747,8.005457375030781,7.480938833570411,9.398745828698555,7.986917677993196,9.400339558573853,6.0,6.0,8.005457375030781,7.480938833570411,9.398745828698555,7.986917677993196,9.400339558573853,6.0,6.0,0
734021,2014,Sunrisers Hyderabad,Royal Challengers Bengaluru,"Rajiv Gandhi International Stadium, Uppal",Royal Challengers Bengaluru,bat,0.5,0.5096153846153846,0.4,0.4,0.3333333333333333,0,1,0.3448275862068966,29,1495.4576143090392,1521.201284227722,-25.743669918682826,8.005457375030781,7.480938833570411,9.398745828698555,7.986917677993196,9.400339558573853,6.0,6.0,8.005457375030781,7.480938833570411,9.398745828698555,7.986917677993196,9.400339558573853,6.0,6.0,1
734023,2014,Kolkata Knight Riders,Chennai Super Kings,Eden Gardens,Kolkata Knight Riders,field,0.48484848484848486,0.6146788990825688,0.8,0.6,0.3076923076923077,1,0,0.3611111111111111,36,1536.8513192840635,1632.6460097541735,-95.79469047011003,8.005457375030781,7.480938833570411,9.398745828698555,7.986917677993196,9.400339558573853,6.0,6.0,8.005457375030781,7.480938833570411,9.398745828698555,7.986917677993196,9.400339558573853,6.0,6.0,1
734025,2014,Punjab Kings,Mumbai Indians,"Punjab Cricket Association Stadium, Mohali",Mumbai Indians,field,0.53,0.5660377358490566,0.8,0.6,0.5384615384615384,0,0,0.39285714285714285,28,1605.9500886681944,1561.3875833755885,44.56250529260592,8.005457375030781,7.480938833570411,9.398745828698555,7.986917677993196,9.400339558573853,6.0,6.0,8.005457375030781,7.480938833570411,9.398745828698555,7.986917677993196,9.400339558573853,6.0,6.0,0
734027,2014,Kolkata Knight Riders,Royal Challengers Bengaluru,Eden Gardens,Royal Challengers Bengaluru,field,0.49,0.5047619047619047,1.0,0.4,0.5384615384615384,0,0,0.35135135135135137,37,1557.1543363973888,1504.0179092993164,53.13642709807232,8.005457375030781,7.480938833570411,9.398745828698555,7.986917677993196,9.400339558573853,6.0,6.0,8.005457375030781,7.480938833570411,9.398745828698555,7.986917677993196,9.400339558573853,6.0,6.0,1
734029,2014,Chennai Super Kings,Sunrisers Hyderabad,JSCA International Stadium Complex,Sunrisers Hyderabad,field,0.6090909090909091,0.5172413793103449,0.4,0.4,1.0,0,0,0.4,5,1612.3429926408483,1512.6409892374447,99.70200340340352,8.005457375030781,7.480938833570411,9.398745828698555,7.986917677993196,9.400339558573853,6.0,6.0,8.005457375030781,7.480938833570411,9.398745828698555,7.986917677993196,9.400339558573853,6.0,6.0,0
734031,2014,Mumbai Indians,Delhi Capitals,Wankhede Stadium,Delhi Capitals,field,0.5700934579439252,0.43137254901960786,0.6,0.0,0.46153846153846156,0,0,0.5,34,1579.4285827227318,1346.540899790968,232.88768293176372,8.005457375030781,7.480938833570411,9.398745828698555,7.986917677993196,9.400339558573853,6.0,6.0,8.005457375030781,7.480938833570411,9.398745828698555,7.986917677993196,9.400339558573853,6.0,6.0,1
734033,2014,Punjab Kings,Rajasthan Royals,"Punjab Cricket Association Stadium, Mohali",Rajasthan Royals,field,0.5247524752475248,0.5490196078431373,0.6,0.4,0.3333333333333333,0,0,0.3793103448275862,29,1587.9090893210512,1547.6097055979612,40.29938372308993,8.005457375030781,7.480938833570411,9.398745828698555,7.986917677993196,9.400339558573853,6.0,6.0,8.005457375030781,7.480938833570411,9.398745828698555,7.986917677993196,9.400339558573853,6.0,6.0,1
734037,2014,Kolkata Knight Riders,Sunrisers Hyderabad,Eden Gardens,Kolkata Knight Riders,field,0.49504950495049505,0.5333333333333333,1.0,0.4,0.6666666666666666,1,0,0.3684210526315789,38,1570.726215548636,1533.1104198466846,37.615795701951356,8.005457375030781,7.480938833570411,9.398745828698555,7.986917677993196,9.400339558573853,6.0,6.0,8.005457375030781,7.480938833570411,9.398745828698555,7.986917677993196,9.400339558573853,6.0,6.0,1
734035,2014,Royal Challengers Bengaluru,Chennai Super Kings,M Chinnaswamy Stadium,Chennai Super Kings,field,0.5,0.6036036036036037,0.4,0.4,0.4666666666666667,0,0,0.425,40,1490.4460301480692,1591.8735620316083,-101.42753188353913,8.005457375030781,7.480938833570411,9.398745828698555,7.986917677993196,9.400339558573853,6.0,6.0,8.005457375030781,7.480938833570411,9.398745828698555,7.986917677993196,9.400339558573853,6.0,6.0,0
734039,2014,Punjab Kings,Delhi Capitals,"Punjab Cricket Association Stadium, Mohali",Punjab Kings,field,0.5294117647058824,0.42718446601941745,0.6,0.0,0.6153846153846154,1,0,0.4,30,1602.0615123999198,1339.9037835486586,262.15772885126125,8.005457375030781,7.480938833570411,9.398745828698555,7.986917677993196,9.400339558573853,6.0,6.0,8.005457375030781,7.480938833570411,9.398745828698555,7.986917677993196,9.400339558573853,6.0,6.0,1
734041,2014,Mumbai Indians,Rajasthan Royals,Wankhede Stadium,Mumbai Indians,field,0.5740740740740741,0.5436893203883495,0.8,0.4,0.6153846153846154,1,0,0.5142857142857142,35,1586.0656989650413,1533.4572825190926,52.608416445948706,8.005457375030781,7.480938833570411,9.398745828698555,7.986917677993196,9.400339558573853,6.0,6.0,8.005457375030781,7.480938833570411,9.398745828698555,7.986917677993196,9.400339558573853,6.0,6.0,1
734043,2014,Punjab Kings,Kolkata Knight Riders,Eden Gardens,Punjab Kings,field,0.5339805825242718,0.5,0.8,1.0,0.46153846153846156,1,0,0.358974358974359,39,1607.8558174889806,1585.0006809635715,22.85513652540908,8.005457375030781,7.480938833570411,9.398745828698555,7.986917677993196,9.400339558573853,6.0,6.0,8.005457375030781,7.480938833570411,9.398745828698555,7.986917677993196,9.400339558573853,6.0,6.0,0
734045,2014,Chennai Super Kings,Mumbai Indians,Brabourne Stadium,Chennai Super Kings,field,0.6071428571428571,0.5779816513761468,0.4,0.8,0.47058823529411764,1,0,0.5,6,1603.3309705781237,1599.6613393659661,3.669631212157583,8.005457375030781,7.480938833570411,9.398745828698555,7.986917677993196,9.400339558573853,6.0,6.0,8.005457375030781,7.480938833570411,9.398745828698555,7.986917677993196,9.400339558573853,6.0,6.0,1
734047,2014,Chennai Super Kings,Punjab Kings,Wankhede Stadium,Chennai Super Kings,field,0.6106194690265486,0.5288461538461539,0.4,0.6,0.5714285714285714,1,0,0.5,36,1619.1619840994254,1590.8048151265325,28.35716897289285,8.005457375030781,7.480938833570411,9.398745828698555,7.986917677993196,9.400339558573853,6.0,6.0,8.005457375030781,7.480938833570411,9.398745828698555,7.986917677993196,9.400339558573853,6.0,6.0,0
734049,2014,Kolkata Knight Riders,Punjab Kings,M Chinnaswamy Stadium,Kolkata Knight Riders,field,0.5048543689320388,0.5333333333333333,1.0,0.6,0.5714285714285714,1,0,0.4146341463414634,41,1602.0516833260197,1608.107818947751,-6.0561356217313005,8.005457375030781,7.480938833570411,9.398745828698555,7.986917677993196,9.400339558573853,6.0,6.0,8.005457375030781,7.480938833570411,9.398745828698555,7.986917677993196,9.400339558573853,6.0,6.0,1
829705,2015,Kolkata Knight Riders,Mumbai Indians,Eden Gardens,Kolkata Knight Riders,field,0.5096153846153846,0.5727272727272728,1.0,0.8,0.2857142857142857,1,0,0.375,40,1618.3305504351592,1583.8303258446645,34.50022459049478,8.005457375030781,7.480938833570411,9.398745828698555,7.986917677993196,9.400339558573853,6.0,6.0,8.005457375030781,7.480938833570411,9.398745828698555,7.986917677993196,9.400339558573853,6.0,6.0,1
829707,2015,Chennai Super Kings,Delhi Capitals,"MA Chidambaram Stadium, Chepauk",Delhi Capitals,field,0.6052631578947368,0.4230769230769231,0.4,0.0,0.7142857142857143,0,0,0.6097560975609756,41,1601.858980278207,1334.1094784595978,267.74950181860913,8.005457375030781,7.480938833570411,9.398745828698555,7.986917677993196,9.400339558573853,6.0,6.0,8.005457375030781,7.480938833570411,9.398745828698555,7.986917677993196,9.400339558573853,6.0,6.0,1
829709,2015,Punjab Kings,Rajasthan Royals,Maharashtra Cricket Association Stadium,Punjab Kings,field,0.5283018867924528,0.5384615384615384,0.6,0.2,0.38461538461538464,1,0,1.0,1,1591.8289518386114,1519.8616421181678,71.96730972044361,8.005457375030781,7.480938833570411,9.398745828698555,7.986917677993196,9.400339558573853,6.0,6.0,8.005457375030781,7.480938833570411,9.398745828698555,7.986917677993196,9.400339558573853,6.0,6.0,0
829711,2015,Chennai Super Kings,Sunrisers Hyderabad,"MA Chidambaram Stadium, Chepauk",Chennai Super Kings,bat,0.6086956521739131,0.5161290322580645,0.6,0.4,0.75,1,1,0.6190476190476191,42,1607.5021105435821,1518.835954431749,88.66615611183306,8.005457375030781,7.480938833570411,9.398745828698555,7.986917677993196,9.400339558573853,6.0,6.0,8.005457375030781,7.480938833570411,9.398745828698555,7.986917677993196,9.400339558573853,6.0,6.0,1
829713,2015,Kolkata Knight Riders,Royal Challengers Bengaluru,Eden Gardens,Royal Challengers Bengaluru,field,0.5142857142857142,0.4953271028037383,1.0,0.4,0.5714285714285714,0,0,0.36585365853658536,41,1632.7469579203364,1478.9886216015539,153.75833631878254,8.005457375030781,7.480938833570411,9.398745828698555,7.986917677993196,9.400339558573853,6.0,6.0,8.005457375030781,7.480938833570411,9.398745828698555,7.986917677993196,9.400339558573853,6.0,6.0,0
829715,2015,Delhi Capitals,Rajasthan Royals,Feroz Shah Kotla,Rajasthan Royals,field,0.41904761904761906,0.5428571428571428,0.0,0.4,0.42857142857142855,0,0,0.45,40,1328.4663481942225,1539.1292584738967,-210.66291027967418,8.005457375030781,7.480938833570411,9.398745828698555,7.986917677993196,9.400339558573853,6.0,6.0,8.005457375030781,7.480938833570411,9.398745828698555,7.986917677993196,9.400339558573853,6.0,6.0,0
829717,2015,Mumbai Indians,Punjab Kings,Wankhede Stadium,Mumbai Indians,field,0.5675675675675675,0.5233644859813084,0.6,0.4,0.5,1,0,0.5135135135135135,37,1569.4139183594873,1572.5613354828824,-3.147417123395144,8.005457375030781,7.480938833570411,9.398745828698555,7.986917677993196,9.400339558573853,6.0,6.0,8.005457375030781,7.480938833570411,9.398745828698555,7.986917677993196,9.400339558573853,6.0,6.0,0
829719,2015,Royal Challengers Bengaluru,Sunrisers Hyderabad,M Chinnaswamy Stadium,Sunrisers Hyderabad,field,0.5,0.5,0.4,0.4,0.5,0,0,0.40476190476190477,42,1501.640743366145,1506.8327877611084,-5.192044394963432,8.005457375030781,7.480938833570411,9.398745828698555,7.986917677993196,9.400339558573853,6.0,6.0,8.005457375030781,7.480938833570411,9.398745828698555,7.986917677993196,9.400339558573853,6.0,6.0,0
829721,2015,Rajasthan Royals,Mumbai Indians,"Sardar Patel Stadium, Motera",Mumbai Indians,bat,0.5471698113207547,0.5625,0.4,0.4,0.35714285714285715,0,1,0.75,8,1546.464567344395,1553.5588583096533,-7.094290965258324,8.005457375030781,7.480938833570411,9.398745828698555,7.986917677993196,9.400339558573853,6.0,6.0,8.005457375030781,7.480938833570411,9.398745828698555,7.986917677993196,9.400339558573853,6.0,6.0,1
829725,2015,Punjab Kings,Delhi Capitals,Maharashtra Cricket Association Stadium,Punjab Kings,bat,0.5277777777777778,0.41509433962264153,0.4,0.0,0.6428571428571429,1,1,1.0,2,1588.4163955327165,1321.1310393237243,267.2853562089922,8.005457375030781,7.480938833570411,9.398745828698555,7.986917677993196,9.400339558573853,6.0,6.0,8.005457375030781,7.480938833570411,9.398745828698555,7.986917677993196,9.400339558573853,6.0,6.0,0
829727,2015,Sunrisers Hyderabad,Rajasthan Royals,Dr. Y.S. Rajasekhara Reddy ACA-VDCA Cricket Stadium,Rajasthan Royals,field,0.5151515151515151,0.5514018691588785,0.6,0.6,0.4,0,0,0.5,2,1522.593703077811,1562.791226119495,-40.19752304168401,8.005457375030781,7.480938833570411,9.398745828698555,7.986917677993196,9.400339558573853,6.0,6.0,8.005457375030781,7.480938833570411,9.398745828698555,7.986917677993196,9.400339558573853,6.0,6.0,0
829729,2015,Mumbai Indians,Chennai Super Kings,Wankhede Stadium,Mumbai Indians,bat,0.5575221238938053,0.6120689655172413,0.2,0.8,0.5,1,1,0.5263157894736842,38,1537.2321995345533,1619.5052772142228,-82.27307767966954,8.005457375030781,7.480938833570411,9.398745828698555,7.986917677993196,9.400339558573853,6.0,6.0,8.005457375030781,7.480938833570411,9.398745828698555,7.986917677993196,9.400339558573853,6.0,6.0,0
829731,2015,Sunrisers Hyderabad,Delhi Capitals,Dr. Y.S. Rajasekhara Reddy ACA-VDCA Cricket Stadium,Delhi Capitals,bat,0.5,0.4205607476635514,0.4,0.2,1.0,0,1,0.3333333333333333,3,1508.4366515332151,1347.4754796822408,160.96117185097432,8.005457375030781,7.480938833570411,9.398745828698555,7.986917677993196,9.400339558573853,6.0,6.0,8.005457375030781,7.480938833570411,9.398745828698555,7.986917677993196,9.400339558573853,6.0,6.0,0
829733,2015,Punjab Kings,Kolkata Knight Riders,Maharashtra Cricket Association Stadium,Kolkata Knight Riders,field,0.5229357798165137,0.5094339622641509,0.4,0.8,0.4,0,0,0.6666666666666666,3,1562.0719551742,1610.0948361557453,-48.02288098154531,8.005457375030781,7.480938833570411,9.398745828698555,7.986917677993196,9.400339558573853,6.0,6.0,8.005457375030781,7.480938833570411,9.398745828698555,7.986917677993196,9.400339558573853,6.0,6.0,0
829735,2015,Rajasthan Royals,Chennai Super Kings,"Sardar Patel Stadium, Motera",Chennai Super Kings,bat,0.5555555555555556,0.6153846153846154,0.8,0.8,0.3333333333333333,0,1,0.6666666666666666,9,1576.9482776640907,1631.7857276447687,-54.837449980678,8.005457375030781,7.480938833570411,9.398745828698555,7.986917677993196,9.400339558573853,6.0,6.0,8.005457375030781,7.480938833570411,9.398745828698555,7.986917677993196,9.400339558573853,6.0,6.0,1
829737,2015,Royal Challengers Bengaluru,Mumbai Indians,M Chinnaswamy Stadium,Royal Challengers Bengaluru,field,0.4954128440366973,0.5526315789473685,0.2,0.0,0.4666666666666667,1,0,0.3953488372093023,43,1485.8798280494425,1524.9517491040074,-39.07192105456488,8.005457375030781,7.480938833570411,9.398745828698555,7.986917677993196,9.400339558573853,6.0,6.0,8.005457375030781,7.480938833570411,9.398745828698555,7.986917677993196,9.400339558573853,6.0,6.0,0
829739,2015,Delhi Capitals,Kolkata Knight Riders,Feroz Shah Kotla,Kolkata Knight Riders,field,0.42592592592592593,0.514018691588785,0.4,0.8,0.46153846153846156,0,0,0.43902439024390244,41,1370.3995847341469,1623.8972777754525,-253.49769304130564,8.005457375030781,7.480938833570411,9.398745828698555,7.986917677993196,9.400339558573853,6.0,6.0,8.005457375030781,7.480938833570411,9.398745828698555,7.986917677993196,9.400339558573853,6.0,6.0,0
829741,2015,Rajasthan Royals,Punjab Kings,"Sardar Patel Stadium, Motera",Punjab Kings,field,0.5596330275229358,0.5181818181818182,1.0,0.2,0.6428571428571429,0,0,0.6,10,1595.4528719981881,1548.2695135544927,47.1833584436954,8.005457375030781,7.480938833570411,9.398745828698555,7.986917677993196,9.400339558573853,6.0,6.0,8.005457375030781,7.480938833570411,9.398745828698555,7.986917677993196,9.400339558573853,6.0,6.0,0
829745,2015,Royal Challengers Bengaluru,Chennai Super Kings,M Chinnaswamy Stadium,Royal Challengers Bengaluru,field,0.4909090909090909,0.6101694915254238,0.2,0.6,0.4375,1,0,0.4090909090909091,44,1471.671609431234,1613.2811333106713,-141.60952387943735,8.005457375030781,7.480938833570411,9.398745828698555,7.986917677993196,9.400339558573853,6.0,6.0,8.005457375030781,7.480938833570411,9.398745828698555,7.986917677993196,9.400339558573853,6.0,6.0,0
829743,2015,Sunrisers Hyderabad,Kolkata Knight Riders,Dr. Y.S. Rajasekhara Reddy ACA-VDCA Cricket Stadium,Kolkata Knight Riders,field,0.4857142857142857,0.5185185185185185,0.2,0.8,0.25,0,0,0.5,4,1485.512546481309,1629.9319036659474,-144.41935718463833,8.005457375030781,7.480938833570411,9.398745828698555,7.986917677993196,9.400339558573853,6.0,6.0,8.005457375030781,7.480938833570411,9.398745828698555,7.986917677993196,9.400339558573853,6.0,6.0,1
829747,2015,Delhi Capitals,Mumbai Indians,Feroz Shah Kotla,Mumbai Indians,field,0.42201834862385323,0.5565217391304348,0.4,0.2,0.5,0,0,0.42857142857142855,42,1364.364958843652,1539.159967722216,-174.79500887856398,8.005457375030781,7.480938833570411,9.398745828698555,7.986917677993196,9.400339558573853,6.0,6.0,8.005457375030781,7.480938833570411,9.398745828698555,7.986917677993196,9.400339558573853,6.0,6.0,1
829749,2015,Rajasthan Royals,Royal Challengers Bengaluru,"Sardar Patel Stadium, Motera",Royal Challengers Bengaluru,field,0.5545454545454546,0.4864864864864865,0.8,0.2,0.5384615384615384,0,0,0.5454545454545454,11,1577.2932582573158,1461.854332409471,115.43892584784476,8.005457375030781,7.480938833570411,9.398745828698555,7.986917677993196,9.400339558573853,6.0,6.0,8.005457375030781,7.480938833570411,9.398745828698555,7.986917677993196,9.400339558573853,6.0,6.0,0
829751,2015,Mumbai Indians,Sunrisers Hyderabad,Wankhede Stadium,Mumbai Indians,bat,0.5517241379310345,0.5,0.2,0.4,0.5,1,1,0.5128205128205128,39,1515.7271353366364,1507.8050000292183,7.9221353074181025,8.005457375030781,7.480938833570411,9.398745828698555,7.986917677993196,9.400339558573853,6.0,6.0,8.005457375030781,7.480938833570411,9.398745828698555,7.986917677993196,9.400339558573853,6.0,6.0,1
829753,2015,Chennai Super Kings,Punjab Kings,"MA Chidambaram Stadium, Chepauk",Chennai Super Kings,bat,0.6134453781512605,0.5225225225225225,0.8,0.4,0.5333333333333333,1,1,0.627906976744186,43,1623.0984103324342,1566.429127295365,56.669283037069135,8.005457375030781,7.480938833570411,9.398745828698555,7.986917677993196,9.400339558573853,6.0,6.0,8.005457375030781,7.480938833570411,9.398745828698555,7.986917677993196,9.400339558573853,6.0,6.0,1
829757,2015,Delhi Capitals,Royal Challengers Bengaluru,Feroz Shah Kotla,Royal Challengers Bengaluru,field,0.42727272727272725,0.49107142857142855,0.6,0.4,0.38461538461538464,0,0,0.4418604651162791,43,1387.7977912292315,1482.98313188133,-95.1853406520986,8.005457375030781,7.480938833570411,9.398745828698555,7.986917677993196,9.400339558573853,6.0,6.0,8.005457375030781,7.480938833570411,9.398745828698555,7.986917677993196,9.400339558573853,6.0,6.0,0
829759,2015,Punjab Kings,Sunrisers Hyderabad,"Punjab Cricket Association Stadium, Mohali",Punjab Kings,field,0.5178571428571429,0.4864864864864865,0.4,0.4,0.5,1,0,0.3870967741935484,31,1553.0159449124023,1492.169764628632,60.84618028377031,8.005457375030781,7.480938833570411,9.398745828698555,7.986917677993196,9.400339558573853,6.0,6.0,8.005457375030781,7.480938833570411,9.398745828698555,7.986917677993196,9.400339558573853,6.0,6.0,0
829765,2015,Chennai Super Kings,Kolkata Knight Riders,"MA Chidambaram Stadium, Chepauk",Kolkata Knight Riders,field,0.6166666666666667,0.5137614678899083,0.8,0.6,0.6428571428571429,0,0,0.6363636363636364,44,1636.511592715397,1607.6394501180382,28.87214259735879,8.005457375030781,7.480938833570411,9.398745828698555,7.986917677993196,9.400339558573853,6.0,6.0,8.005457375030781,7.480938833570411,9.398745828698555,7.986917677993196,9.400339558573853,6.0,6.0,1
829723,2015,Kolkata Knight Riders,Chennai Super Kings,Eden Gardens,Kolkata Knight Riders,field,0.509090909090909,0.6198347107438017,0.4,0.8,0.3333333333333333,1,0,0.35714285714285715,42,1592.9660092074062,1651.185033626029,-58.219024418622894,8.005457375030781,7.480938833570411,9.398745828698555,7.986917677993196,9.400339558573853,6.0,6.0,8.005457375030781,7.480938833570411,9.398745828698555,7.986917677993196,9.400339558573853,6.0,6.0,1
829767,2015,Delhi Capitals,Punjab Kings,Feroz Shah Kotla,Delhi Capitals,field,0.42342342342342343,0.5132743362831859,0.6,0.2,0.4,1,0,0.4318181818181818,44,1376.0747641264745,1534.2421744045082,-158.16741027803369,8.005457375030781,7.480938833570411,9.398745828698555,7.986917677993196,9.400339558573853,6.0,6.0,8.005457375030781,7.480938833570411,9.398745828698555,7.986917677993196,9.400339558573853,6.0,6.0,1
829769,2015,Mumbai Indians,Rajasthan Royals,Wankhede Stadium,Rajasthan Royals,field,0.5555555555555556,0.5495495495495496,0.4,0.6,0.6,0,0,0.525,40,1531.3623707372226,1556.1644587854566,-24.802088048234054,8.005457375030781,7.480938833570411,9.398745828698555,7.986917677993196,9.400339558573853,6.0,6.0,8.005457375030781,7.480938833570411,9.398745828698555,7.986917677993196,9.400339558573853,6.0,6.0,1
829771,2015,Royal Challengers Bengaluru,Kolkata Knight Riders,M Chinnaswamy Stadium,Royal Challengers Bengaluru,field,0.49557522123893805,0.5135135135135135,0.4,0.6,0.4666666666666667,1,0,0.4222222222222222,45,1494.706158984087,1611.6222790002153,-116.91612001612816,8.005457375030781,7.480938833570411,9.398745828698555,7.986917677993196,9.400339558573853,6.0,6.0,8.005457375030781,7.480938833570411,9.398745828698555,7.986917677993196,9.400339558573853,6.0,6.0,1
829773,2015,Sunrisers Hyderabad,Chennai Super Kings,"Rajiv Gandhi International Stadium, Uppal",Chennai Super Kings,field,0.5,0.6147540983606558,0.4,0.6,0.2,0,0,0.3333333333333333,30,1510.9435351365262,1632.5287638332202,-121.585228696694,8.005457375030781,7.480938833570411,9.398745828698555,7.986917677993196,9.400339558573853,6.0,6.0,8.005457375030781,7.480938833570411,9.398745828698555,7.986917677993196,9.400339558573853,6.0,6.0,1
829775,2015,Punjab Kings,Mumbai Indians,"Punjab Cricket Association Stadium, Mohali",Mumbai Indians,bat,0.5087719298245614,0.559322033898305,0.2,0.6,0.5333333333333333,0,1,0.40625,32,1511.4229949438068,1548.5026128747202,-37.0796179309134,8.005457375030781,7.480938833570411,9.398745828698555,7.986917677993196,9.400339558573853,6.0,6.0,8.005457375030781,7.480938833570411,9.398745828698555,7.986917677993196,9.400339558573853,6.0,6.0,0
829777,2015,Rajasthan Royals,Delhi Capitals,Brabourne Stadium,Delhi Capitals,field,0.5446428571428571,0.42857142857142855,0.4,0.6,0.6,0,0,0.42857142857142855,7,1539.024216647959,1398.893943587176,140.1302730607831,8.005457375030781,7.480938833570411,9.398745828698555,7.986917677993196,9.400339558573853,6.0,6.0,8.005457375030781,7.480938833570411,9.398745828698555,7.986917677993196,9.400339558573853,6.0,6.0,1
829779,2015,Chennai Super Kings,Royal Challengers Bengaluru,"MA Chidambaram Stadium, Chepauk",Chennai Super Kings,bat,0.6097560975609756,0.5,0.6,0.6,0.5882352941176471,1,1,0.6444444444444445,45,1611.1474586726395,1515.8959123601342,95.2515463125053,8.005457375030781,7.480938833570411,9.398745828698555,7.986917677993196,9.400339558573853,6.0,6.0,8.005457375030781,7.480938833570411,9.398745828698555,7.986917677993196,9.400339558573853,6.0,6.0,1
829781,2015,Kolkata Knight Riders,Sunrisers Hyderabad,Eden Gardens,Sunrisers Hyderabad,field,0.5089285714285714,0.5128205128205128,0.4,0.6,0.6,0,0,0.3488372093023256,43,1590.4325256241682,1532.324840297107,58.10768532706129,8.005457375030781,7.480938833570411,9.398745828698555,7.986917677993196,9.400339558573853,6.0,6.0,8.005457375030781,7.480938833570411,9.398745828698555,7.986917677993196,9.400339558573853,6.0,6.0,1
829783,2015,Mumbai Indians,Delhi Capitals,Wankhede Stadium,Delhi Capitals,bat,0.5630252100840336,0.4247787610619469,0.8,0.4,0.4666666666666667,0,1,0.5365853658536586,41,1562.8014870464735,1389.0186214185446,173.7828656279289,8.005457375030781,7.480938833570411,9.398745828698555,7.986917677993196,9.400339558573853,6.0,6.0,8.005457375030781,7.480938833570411,9.398745828698555,7.986917677993196,9.400339558573853,6.0,6.0,1
829785,2015,Royal Challengers Bengaluru,Punjab Kings,M Chinnaswamy Stadium,Punjab Kings,field,0.4956521739130435,0.5043478260869565,0.6,0.2,0.35714285714285715,0,0,0.41304347826086957,46,1504.1757161383166,1497.1241207720534,7.0515953662632,8.005457375030781,7.480938833570411,9.398745828698555,7.986917677993196,9.400339558573853,6.0,6.0,8.005457375030781,7.480938833570411,9.398745828698555,7.986917677993196,9.400339558573853,6.0,6.0,1
829761,2015,Kolkata Knight Riders,Delhi Capitals,Eden Gardens,Kolkata Knight Riders,bat,0.5132743362831859,0.42105263157894735,0.4,0.4,0.5714285714285714,1,1,0.36363636363636365,44,1603.7812421330282,1380.4148524914158,223.3663896416124,8.005457375030781,7.480938833570411,9.398745828698555,7.986917677993196,9.400339558573853,6.0,6.0,8.005457375030781,7.480938833570411,9.398745828698555,7.986917677993196,9.400339558573853,6.0,6.0,1
829787,2015,Rajasthan Royals,Sunrisers Hyderabad,Brabourne Stadium,Rajasthan Royals,field,0.5486725663716814,0.5,0.4,0.6,0.6666666666666666,1,0,0.5,8,1548.8995388165904,1518.976123788247,29.92341502834347,8.005457375030781,7.480938833570411,9.398745828698555,7.986917677993196,9.400339558573853,6.0,6.0,8.005457375030781,7.480938833570411,9.398745828698555,7.986917677993196,9.400339558573853,6.0,6.0,0
829789,2015,Chennai Super Kings,Mumbai Indians,"MA Chidambaram Stadium, Chepauk",Chennai Super Kings,bat,0.6129032258064516,0.5666666666666667,0.6,0.8,0.5263157894736842,1,1,0.6521739130434783,46,1622.867654894457,1571.4052559736024,51.46239892085464,8.005457375030781,7.480938833570411,9.398745828698555,7.986917677993196,9.400339558573853,6.0,6.0,8.005457375030781,7.480938833570411,9.398745828698555,7.986917677993196,9.400339558573853,6.0,6.0,0
829791,2015,Kolkata Knight Riders,Punjab Kings,Eden Gardens,Punjab Kings,bat,0.5175438596491229,0.5,0.6,0.0,0.625,0,1,0.37777777777777777,45,1610.7113062051549,1481.4488141567906,129.26249204836427,8.005457375030781,7.480938833570411,9.398745828698555,7.986917677993196,9.400339558573853,6.0,6.0,8.005457375030781,7.480938833570411,9.398745828698555,7.986917677993196,9.400339558573853,6.0,6.0,1
829793,2015,Delhi Capitals,Sunrisers Hyderabad,Shaheed Veer Narayan Singh International Stadium,Sunrisers Hyderabad,bat,0.41739130434782606,0.5121951219512195,0.2,0.6,0.2,0,1,0.5,2,1373.484788419289,1536.3507507637175,-162.86596234442845,8.005457375030781,7.480938833570411,9.398745828698555,7.986917677993196,9.400339558573853,6.0,6.0,8.005457375030781,7.480938833570411,9.398745828698555,7.986917677993196,9.400339558573853,6.0,6.0,0
829795,2015,Mumbai Indians,Royal Challengers Bengaluru,Wankhede Stadium,Royal Challengers Bengaluru,bat,0.5702479338842975,0.5,1.0,0.8,0.5625,0,1,0.5238095238095238,42,1589.7580059001261,1519.8510227535794,69.90698314654674,8.005457375030781,7.480938833570411,9.398745828698555,7.986917677993196,9.400339558573853,6.0,6.0,8.005457375030781,7.480938833570411,9.398745828698555,7.986917677993196,9.400339558573853,6.0,6.0,0
829797,2015,Chennai Super Kings,Rajasthan Royals,"MA Chidambaram Stadium, Chepauk",Chennai Super Kings,bat,0.608,0.543859649122807,0.4,0.2,0.625,1,1,0.6382978723404256,47,1604.514904967933,1531.5249118411198,72.98999312681326,8.005457375030781,7.480938833570411,9.398745828698555,7.986917677993196,9.400339558573853,6.0,6.0,8.005457375030781,7.480938833570411,9.398745828698555,7.986917677993196,9.400339558573853,6.0,6.0,1
829799,2015,Sunrisers Hyderabad,Punjab Kings,"Rajiv Gandhi International Stadium, Uppal",Sunrisers Hyderabad,bat,0.5238095238095238,0.49572649572649574,0.8,0.0,0.6,1,1,0.3548387096774194,31,1545.3555241515526,1471.1413136334234,74.21421051812922,8.005457375030781,7.480938833570411,9.398745828698555,7.986917677993196,9.400339558573853,6.0,6.0,8.005457375030781,7.480938833570411,9.398745828698555,7.986917677993196,9.400339558573853,6.0,6.0,1
829801,2015,Delhi Capitals,Chennai Super Kings,Shaheed Veer Narayan Singh International Stadium,Chennai Super Kings,bat,0.41379310344827586,0.6111111111111112,0.2,0.4,0.26666666666666666,0,1,0.6666666666666666,3,1364.480015031454,1617.2021838511496,-252.72216881969553,8.005457375030781,7.480938833570411,9.398745828698555,7.986917677993196,9.400339558573853,6.0,6.0,8.005457375030781,7.480938833570411,9.398745828698555,7.986917677993196,9.400339558573853,6.0,6.0,1
829803,2015,Punjab Kings,Royal Challengers Bengaluru,"Punjab Cricket Association Stadium, Mohali",Royal Challengers Bengaluru,field,0.4915254237288136,0.5042735042735043,0.0,0.8,0.6,0,0,0.42424242424242425,33,1458.5079557211247,1539.0276057275012,-80.51965000637642,8.005457375030781,7.480938833570411,9.398745828698555,7.986917677993196,9.400339558573853,6.0,6.0,8.005457375030781,7.480938833570411,9.398745828698555,7.986917677993196,9.400339558573853,6.0,6.0,1
829805,2015,Mumbai Indians,Kolkata Knight Riders,Wankhede Stadium,Kolkata Knight Riders,field,0.5655737704918032,0.5217391304347826,0.8,0.8,0.6666666666666666,0,0,0.5348837209302325,43,1570.5814229262044,1621.0188067285221,-50.437383802317754,8.005457375030781,7.480938833570411,9.398745828698555,7.986917677993196,9.400339558573853,6.0,6.0,8.005457375030781,7.480938833570411,9.398745828698555,7.986917677993196,9.400339558573853,6.0,6.0,1
829807,2015,Sunrisers Hyderabad,Royal Challengers Bengaluru,"Rajiv Gandhi International Stadium, Uppal",Sunrisers Hyderabad,bat,0.5348837209302325,0.5,0.8,0.6,0.6,1,1,0.375,32,1557.9888820638512,1519.3845296635573,38.60435240029392,8.005457375030781,7.480938833570411,9.398745828698555,7.986917677993196,9.400339558573853,6.0,6.0,8.005457375030781,7.480938833570411,9.398745828698555,7.986917677993196,9.400339558573853,6.0,6.0,0
829809,2015,Punjab Kings,Chennai Super Kings,"Punjab Cricket Association Stadium, Mohali",Punjab Kings,bat,0.4957983193277311,0.6062992125984252,0.2,0.4,0.4375,1,1,0.4411764705882353,34,1478.1510317850687,1591.2586999300624,-113.1076681449938,8.005457375030781,7.480938833570411,9.398745828698555,7.986917677993196,9.400339558573853,6.0,6.0,8.005457375030781,7.480938833570411,9.398745828698555,7.986917677993196,9.400339558573853,6.0,6.0,0
829811,2015,Rajasthan Royals,Kolkata Knight Riders,Brabourne Stadium,Rajasthan Royals,bat,0.5391304347826087,0.5172413793103449,0.2,0.6,0.5714285714285714,1,1,0.5555555555555556,9,1518.8376329579032,1602.7122597273283,-83.87462676942505,8.005457375030781,7.480938833570411,9.398745828698555,7.986917677993196,9.400339558573853,6.0,6.0,8.005457375030781,7.480938833570411,9.398745828698555,7.986917677993196,9.400339558573853,6.0,6.0,1
829815,2015,Sunrisers Hyderabad,Mumbai Indians,"Rajiv Gandhi International Stadium, Uppal",Sunrisers Hyderabad,bat,0.5227272727272727,0.5691056910569106,0.6,0.8,0.4,1,1,0.36363636363636365,33,1540.2183661706883,1588.8879699273982,-48.669603756709876,8.005457375030781,7.480938833570411,9.398745828698555,7.986917677993196,9.400339558573853,6.0,6.0,8.005457375030781,7.480938833570411,9.398745828698555,7.986917677993196,9.400339558573853,6.0,6.0,0
829817,2015,Chennai Super Kings,Mumbai Indians,Wankhede Stadium,Mumbai Indians,bat,0.609375,0.5725806451612904,0.6,0.8,0.5,0,1,0.5454545454545454,44,1602.2264337045167,1602.66119819486,-0.43476449034324105,8.005457375030781,7.480938833570411,9.398745828698555,7.986917677993196,9.400339558573853,6.0,6.0,8.005457375030781,7.480938833570411,9.398745828698555,7.986917677993196,9.400339558573853,6.0,6.0,0
829819,2015,Royal Challengers Bengaluru,Rajasthan Royals,Maharashtra Cricket Association Stadium,Royal Challengers Bengaluru,bat,0.5042016806722689,0.5431034482758621,0.6,0.4,0.5,1,1,0.5,4,1537.15504555672,1538.6268755087629,-1.4718299520427536,8.005457375030781,7.480938833570411,9.398745828698555,7.986917677993196,9.400339558573853,6.0,6.0,8.005457375030781,7.480938833570411,9.398745828698555,7.986917677993196,9.400339558573853,6.0,6.0,1
829821,2015,Chennai Super Kings,Royal Challengers Bengaluru,JSCA International Stadium Complex,Chennai Super Kings,field,0.6046511627906976,0.5083333333333333,0.4,0.8,0.6111111111111112,1,0,0.3333333333333333,6,1586.2464553387547,1553.2228254254023,33.02362991335235,8.005457375030781,7.480938833570411,9.398745828698555,7.986917677993196,9.400339558573853,6.0,6.0,8.005457375030781,7.480938833570411,9.398745828698555,7.986917677993196,9.400339558573853,6.0,6.0,1
829823,2015,Mumbai Indians,Chennai Super Kings,Eden Gardens,Chennai Super Kings,field,0.576,0.6076923076923076,0.8,0.6,0.5238095238095238,0,0,0.3695652173913043,46,1618.641176560622,1600.730224328954,17.910952231668034,8.005457375030781,7.480938833570411,9.398745828698555,7.986917677993196,9.400339558573853,6.0,6.0,8.005457375030781,7.480938833570411,9.398745828698555,7.986917677993196,9.400339558573853,6.0,6.0,1
980901,2016,Mumbai Indians,Rising Pune Supergiants,Wankhede Stadium,Mumbai Indians,bat,0.5793650793650794,0.5,0.8,0.5,0.5,1,1,0.5555555555555556,45,1633.8170766403148,1500.0,133.81707664031478,8.005457375030781,7.480938833570411,9.398745828698555,7.986917677993196,9.400339558573853,6.0,6.0,8.005457375030781,7.480938833570411,9.398745828698555,7.986917677993196,9.400339558573853,6.0,6.0,0
980903,2016,Kolkata Knight Riders,Delhi Capitals,Eden Gardens,Kolkata Knight Riders,field,0.5128205128205128,0.4188034188034188,0.6,0.2,0.6,1,0,0.3829787234042553,47,1582.9230171764686,1390.4234989525412,192.49951822392745,8.005457375030781,7.480938833570411,9.398745828698555,7.986917677993196,9.400339558573853,6.0,6.0,8.005457375030781,7.480938833570411,9.398745828698555,7.986917677993196,9.400339558573853,6.0,6.0,1
980905,2016,Punjab Kings,Gujarat Lions,"Punjab Cricket Association IS Bindra Stadium, Mohali",Gujarat Lions,field,0.49166666666666664,0.5,0.2,0.5,0.5,0,0,0.5,0,1467.1832980106144,1500.0,-32.81670198938559,8.005457375030781,7.480938833570411,9.398745828698555,7.986917677993196,9.400339558573853,6.0,6.0,8.005457375030781,7.480938833570411,9.398745828698555,7.986917677993196,9.400339558573853,6.0,6.0,0
980907,2016,Royal Challengers Bengaluru,Sunrisers Hyderabad,M Chinnaswamy Stadium,Sunrisers Hyderabad,field,0.5041322314049587,0.5111111111111111,0.6,0.6,0.5,0,0,0.425531914893617,47,1538.739056435203,1526.4451379032266,12.293918531976487,8.005457375030781,7.480938833570411,9.398745828698555,7.986917677993196,9.400339558573853,6.0,6.0,8.005457375030781,7.480938833570411,9.398745828698555,7.986917677993196,9.400339558573853,6.0,6.0,1
980909,2016,Kolkata Knight Riders,Mumbai Indians,Eden Gardens,Mumbai Indians,field,0.5169491525423728,0.5748031496062992,0.6,0.8,0.3125,0,0,0.375,48,1590.866128687871,1611.942241401884,-21.076112714013107,8.005457375030781,7.480938833570411,9.398745828698555,7.986917677993196,9.400339558573853,6.0,6.0,8.005457375030781,7.480938833570411,9.398745828698555,7.986917677993196,9.400339558573853,6.0,6.0,0
980911,2016,Gujarat Lions,Rising Pune Supergiants,Saurashtra Cricket Association Stadium,Rising Pune Supergiants,bat,1.0,1.0,1.0,1.0,0.5,0,1,0.5,0,1514.4932133284794,1521.8748352384307,-7.381621909951264,8.005457375030781,7.480938833570411,9.398745828698555,7.986917677993196,9.400339558573853,6.0,6.0,8.005457375030781,7.480938833570411,9.398745828698555,7.986917677993196,9.400339558573853,6.0,6.0,1
980913,2016,Delhi Capitals,Punjab Kings,Feroz Shah Kotla,Delhi Capitals,field,0.4152542372881356,0.48760330578512395,0.2,0.2,0.4375,1,0,0.4222222222222222,45,1382.4803874411389,1452.690084682135,-70.20969724099609,8.005457375030781,7.480938833570411,9.398745828698555,7.986917677993196,9.400339558573853,6.0,6.0,8.005457375030781,7.480938833570411,9.398745828698555,7.986917677993196,9.400339558573853,6.0,6.0,1
980915,2016,Sunrisers Hyderabad,Kolkata Knight Riders,"Rajiv Gandhi International Stadium, Uppal",Sunrisers Hyderabad,bat,0.5,0.5126050420168067,0.4,0.4,0.3333333333333333,1,1,0.35294117647058826,34,1511.011057601626,1575.835530747499,-64.82447314587307,8.005457375030781,7.480938833570411,9.398745828698555,7.986917677993196,9.400339558573853,6.0,6.0,8.005457375030781,7.480938833570411,9.398745828698555,7.986917677993196,9.400339558573853,6.0,6.0,0
980917,2016,Mumbai Indians,Gujarat Lions,Wankhede Stadium,Gujarat Lions,field,0.578125,1.0,0.8,1.0,0.5,0,0,0.5434782608695652,46,1626.972839342256,1530.83309844085,96.13974090140596,8.005457375030781,7.480938833570411,9.398745828698555,7.986917677993196,9.400339558573853,6.0,6.0,8.005457375030781,7.480938833570411,9.398745828698555,7.986917677993196,9.400339558573853,6.0,6.0,0
980919,2016,Punjab Kings,Rising Pune Supergiants,"Punjab Cricket Association IS Bindra Stadium, Mohali",Rising Pune Supergiants,bat,0.48360655737704916,0.5,0.2,0.5,0.5,0,1,0.0,1,1433.5001130170688,1505.53495012606,-72.03483710899127,8.005457375030781,7.480938833570411,9.398745828698555,7.986917677993196,9.400339558573853,6.0,6.0,8.005457375030781,7.480938833570411,9.398745828698555,7.986917677993196,9.400339558573853,6.0,6.0,1
980921,2016,Royal Challengers Bengaluru,Delhi Capitals,M Chinnaswamy Stadium,Delhi Capitals,field,0.5081967213114754,0.42016806722689076,0.6,0.4,0.6428571428571429,0,0,0.4375,48,1554.1731367368038,1401.670359106205,152.50277763059876,8.005457375030781,7.480938833570411,9.398745828698555,7.986917677993196,9.400339558573853,6.0,6.0,8.005457375030781,7.480938833570411,9.398745828698555,7.986917677993196,9.400339558573853,6.0,6.0,0
980923,2016,Sunrisers Hyderabad,Mumbai Indians,"Rajiv Gandhi International Stadium, Uppal",Sunrisers Hyderabad,field,0.48936170212765956,0.5736434108527132,0.2,0.6,0.3333333333333333,1,0,0.34285714285714286,35,1497.9621693905146,1606.655085313039,-108.69291592252443,8.005457375030781,7.480938833570411,9.398745828698555,7.986917677993196,9.400339558573853,6.0,6.0,8.005457375030781,7.480938833570411,9.398745828698555,7.986917677993196,9.400339558573853,6.0,6.0,1
980925,2016,Punjab Kings,Kolkata Knight Riders,"Punjab Cricket Association IS Bindra Stadium, Mohali",Kolkata Knight Riders,field,0.4878048780487805,0.5166666666666667,0.4,0.4,0.35294117647058826,0,0,0.0,2,1452.7707093033064,1588.8844189586102,-136.11370965530386,8.005457375030781,7.480938833570411,9.398745828698555,7.986917677993196,9.400339558573853,6.0,6.0,8.005457375030781,7.480938833570411,9.398745828698555,7.986917677993196,9.400339558573853,6.0,6.0,0
980927,2016,Mumbai Indians,Royal Challengers Bengaluru,Wankhede Stadium,Mumbai Indians,field,0.5692307692307692,0.5040650406504065,0.4,0.6,0.5294117647058824,1,0,0.5319148936170213,47,1585.8067398147596,1531.5689127955902,54.237827019169345,8.005457375030781,7.480938833570411,9.398745828698555,7.986917677993196,9.400339558573853,6.0,6.0,8.005457375030781,7.480938833570411,9.398745828698555,7.986917677993196,9.400339558573853,6.0,6.0,1
980929,2016,Gujarat Lions,Sunrisers Hyderabad,Saurashtra Cricket Association Stadium,Sunrisers Hyderabad,field,1.0,0.5,1.0,0.2,0.5,0,0,0.0,1,1551.150852470067,1518.8105148887942,32.340337581272934,8.005457375030781,7.480938833570411,9.398745828698555,7.986917677993196,9.400339558573853,6.0,6.0,8.005457375030781,7.480938833570411,9.398745828698555,7.986917677993196,9.400339558573853,6.0,6.0,0
980931,2016,Rising Pune Supergiants,Royal Challengers Bengaluru,Maharashtra Cricket Association Stadium,Rising Pune Supergiants,field,0.3333333333333333,0.5,0.3333333333333333,0.4,0.5,1,0,0.6,5,1486.2643538398224,1518.0465628610232,-31.782209021200742,8.005457375030781,7.480938833570411,9.398745828698555,7.986917677993196,9.400339558573853,6.0,6.0,8.005457375030781,7.480938833570411,9.398745828698555,7.986917677993196,9.400339558573853,6.0,6.0,0
980933,2016,Delhi Capitals,Mumbai Indians,Feroz Shah Kotla,Mumbai Indians,field,0.425,0.5725190839694656,0.6,0.4,0.5,0,0,0.41304347826086957,46,1424.2745830474187,1599.3290897493266,-175.05450670190794,8.005457375030781,7.480938833570411,9.398745828698555,7.986917677993196,9.400339558573853,6.0,6.0,8.005457375030781,7.480938833570411,9.398745828698555,7.986917677993196,9.400339558573853,6.0,6.0,1
980935,2016,Sunrisers Hyderabad,Punjab Kings,"Rajiv Gandhi International Stadium, Uppal",Sunrisers Hyderabad,field,0.5102040816326531,0.4838709677419355,0.4,0.2,0.6666666666666666,1,0,0.3333333333333333,36,1536.2955559321886,1442.7368265298062,93.55872940238237,8.005457375030781,7.480938833570411,9.398745828698555,7.986917677993196,9.400339558573853,6.0,6.0,8.005457375030781,7.480938833570411,9.398745828698555,7.986917677993196,9.400339558573853,6.0,6.0,1
980937,2016,Gujarat Lions,Royal Challengers Bengaluru,Saurashtra Cricket Association Stadium,Royal Challengers Bengaluru,bat,0.75,0.504,0.75,0.4,0.5,0,1,0.0,2,1533.6658114266727,1532.5870069455773,1.0788044810954034,8.005457375030781,7.480938833570411,9.398745828698555,7.986917677993196,9.400339558573853,6.0,6.0,8.005457375030781,7.480938833570411,9.398745828698555,7.986917677993196,9.400339558573853,6.0,6.0,1
980939,2016,Rising Pune Supergiants,Kolkata Knight Riders,Maharashtra Cricket Association Stadium,Kolkata Knight Riders,field,0.25,0.5206611570247934,0.25,0.6,0.5,0,0,0.6666666666666666,6,1471.7239097552683,1598.9183017321104,-127.1943919768421,8.005457375030781,7.480938833570411,9.398745828698555,7.986917677993196,9.400339558573853,6.0,6.0,8.005457375030781,7.480938833570411,9.398745828698555,7.986917677993196,9.400339558573853,6.0,6.0,0
980941,2016,Punjab Kings,Mumbai Indians,"Punjab Cricket Association IS Bindra Stadium, Mohali",Punjab Kings,field,0.48,0.5681818181818182,0.2,0.4,0.5,1,0,0.0,3,1430.944157134829,1575.8868892804012,-144.9427321455721,8.005457375030781,7.480938833570411,9.398745828698555,7.986917677993196,9.400339558573853,6.0,6.0,8.005457375030781,7.480938833570411,9.398745828698555,7.986917677993196,9.400339558573853,6.0,6.0,0
980943,2016,Sunrisers Hyderabad,Rising Pune Supergiants,"Rajiv Gandhi International Stadium, Uppal",Rising Pune Supergiants,field,0.52,0.2,0.6,0.2,0.5,0,0,0.32432432432432434,37,1548.0882253271657,1461.333049596978,86.7551757301876,8.005457375030781,7.480938833570411,9.398745828698555,7.986917677993196,9.400339558573853,6.0,6.0,8.005457375030781,7.480938833570411,9.398745828698555,7.986917677993196,9.400339558573853,6.0,6.0,0
980945,2016,Delhi Capitals,Gujarat Lions,Feroz Shah Kotla,Delhi Capitals,field,0.4297520661157025,0.8,0.8,0.8,0.5,1,0,0.425531914893617,47,1447.716783516344,1549.6161308040064,-101.8993472876623,8.005457375030781,7.480938833570411,9.398745828698555,7.986917677993196,9.400339558573853,6.0,6.0,8.005457375030781,7.480938833570411,9.398745828698555,7.986917677993196,9.400339558573853,6.0,6.0,0
980947,2016,Mumbai Indians,Kolkata Knight Riders,Wankhede Stadium,Mumbai Indians,field,0.5714285714285714,0.5245901639344263,0.4,0.8,0.7058823529411765,1,0,0.5208333333333334,48,1585.5740733558598,1609.3091618904007,-23.735088534540864,8.005457375030781,7.480938833570411,9.398745828698555,7.986917677993196,9.400339558573853,6.0,6.0,8.005457375030781,7.480938833570411,9.398745828698555,7.986917677993196,9.400339558573853,6.0,6.0,1
980949,2016,Rising Pune Supergiants,Gujarat Lions,Maharashtra Cricket Association Stadium,Gujarat Lions,field,0.3333333333333333,0.8333333333333334,0.2,0.8,0.0,0,0,0.5714285714285714,7,1481.2472578746072,1561.0535705588445,-79.80631268423735,8.005457375030781,7.480938833570411,9.398745828698555,7.986917677993196,9.400339558573853,6.0,6.0,8.005457375030781,7.480938833570411,9.398745828698555,7.986917677993196,9.400339558573853,6.0,6.0,0
980951,2016,Delhi Capitals,Kolkata Knight Riders,Feroz Shah Kotla,Kolkata Knight Riders,field,0.4262295081967213,0.5203252032520326,0.6,0.6,0.375,0,0,0.4375,48,1436.279343761506,1592.2178178907698,-155.9384741292638,8.005457375030781,7.480938833570411,9.398745828698555,7.986917677993196,9.400339558573853,6.0,6.0,8.005457375030781,7.480938833570411,9.398745828698555,7.986917677993196,9.400339558573853,6.0,6.0,1
980953,2016,Sunrisers Hyderabad,Royal Challengers Bengaluru,"Rajiv Gandhi International Stadium, Uppal",Royal Challengers Bengaluru,field,0.5098039215686274,0.5,0.6,0.4,0.42857142857142855,0,0,0.3157894736842105,38,1528.1740170495366,1516.6366875682436,11.537329481293,8.005457375030781,7.480938833570411,9.398745828698555,7.986917677993196,9.400339558573853,6.0,6.0,8.005457375030781,7.480938833570411,9.398745828698555,7.986917677993196,9.400339558573853,6.0,6.0,1
980955,2016,Gujarat Lions,Punjab Kings,Saurashtra Cricket Association Stadium,Gujarat Lions,field,0.8571428571428571,0.47619047619047616,0.8,0.2,1.0,1,0,0.0,3,1573.4416563283125,1421.2569730593705,152.18468326894208,8.005457375030781,7.480938833570411,9.398745828698555,7.986917677993196,9.400339558573853,6.0,6.0,8.005457375030781,7.480938833570411,9.398745828698555,7.986917677993196,9.400339558573853,6.0,6.0,0
980957,2016,Rising Pune Supergiants,Mumbai Indians,Maharashtra Cricket Association Stadium,Mumbai Indians,field,0.2857142857142857,0.5746268656716418,0.2,0.6,1.0,0,0,0.5,8,1468.8591721051391,1602.6654173554907,-133.8062452503516,8.005457375030781,7.480938833570411,9.398745828698555,7.986917677993196,9.400339558573853,6.0,6.0,8.005457375030781,7.480938833570411,9.398745828698555,7.986917677993196,9.400339558573853,6.0,6.0,0
980959,2016,Royal Challengers Bengaluru,Kolkata Knight Riders,M Chinnaswamy Stadium,Kolkata Knight Riders,field,0.49606299212598426,0.5161290322580645,0.2,0.6,0.5,0,0,0.42857142857142855,49,1501.1678060166112,1569.4828686593426,-68.31506264273139,8.005457375030781,7.480938833570411,9.398745828698555,7.986917677993196,9.400339558573853,6.0,6.0,8.005457375030781,7.480938833570411,9.398745828698555,7.986917677993196,9.400339558573853,6.0,6.0,0
980961,2016,Gujarat Lions,Delhi Capitals,Saurashtra Cricket Association Stadium,Delhi Capitals,field,0.75,0.43089430894308944,0.6,0.8,1.0,0,0,0.25,4,1550.8495899907412,1459.0142929929332,91.83529699780797,8.005457375030781,7.480938833570411,9.398745828698555,7.986917677993196,9.400339558573853,6.0,6.0,8.005457375030781,7.480938833570411,9.398745828698555,7.986917677993196,9.400339558573853,6.0,6.0,0
980963,2016,Kolkata Knight Riders,Punjab Kings,Eden Gardens,Punjab Kings,field,0.52,0.48031496062992124,0.6,0.4,0.6666666666666666,0,0,0.3673469387755102,49,1582.3767702938014,1443.8490393969419,138.52773089685957,8.005457375030781,7.480938833570411,9.398745828698555,7.986917677993196,9.400339558573853,6.0,6.0,8.005457375030781,7.480938833570411,9.398745828698555,7.986917677993196,9.400339558573853,6.0,6.0,1
980965,2016,Delhi Capitals,Rising Pune Supergiants,Feroz Shah Kotla,Rising Pune Supergiants,field,0.43548387096774194,0.25,0.8,0.2,0.5,0,0,0.4489795918367347,49,1479.1476487067607,1458.733575782986,20.41407292377471,8.005457375030781,7.480938833570411,9.398745828698555,7.986917677993196,9.400339558573853,6.0,6.0,8.005457375030781,7.480938833570411,9.398745828698555,7.986917677993196,9.400339558573853,6.0,6.0,0
980967,2016,Sunrisers Hyderabad,Gujarat Lions,"Rajiv Gandhi International Stadium, Uppal",Sunrisers Hyderabad,field,0.5192307692307693,0.6666666666666666,0.8,0.6,1.0,1,0,0.3333333333333333,39,1543.642898601169,1530.7162342769138,12.92666432425517,8.005457375030781,7.480938833570411,9.398745828698555,7.986917677993196,9.400339558573853,6.0,6.0,8.005457375030781,7.480938833570411,9.398745828698555,7.986917677993196,9.400339558573853,6.0,6.0,1
980969,2016,Royal Challengers Bengaluru,Rising Pune Supergiants,M Chinnaswamy Stadium,Royal Challengers Bengaluru,field,0.4921875,0.3333333333333333,0.2,0.4,1.0,1,0,0.42,50,1488.2739043821523,1475.672598230438,12.601306151714198,8.005457375030781,7.480938833570411,9.398745828698555,7.986917677993196,9.400339558573853,6.0,6.0,8.005457375030781,7.480938833570411,9.398745828698555,7.986917677993196,9.400339558573853,6.0,6.0,1
980971,2016,Punjab Kings,Delhi Capitals,"Punjab Cricket Association IS Bindra Stadium, Mohali",Delhi Capitals,field,0.4765625,0.432,0.2,0.6,0.5294117647058824,0,0,0.25,4,1433.9106203598087,1462.2086262593086,-28.298005899499913,8.005457375030781,7.480938833570411,9.398745828698555,7.986917677993196,9.400339558573853,6.0,6.0,8.005457375030781,7.480938833570411,9.398745828698555,7.986917677993196,9.400339558573853,6.0,6.0,1
980973,2016,Mumbai Indians,Sunrisers Hyderabad,Dr. Y.S. Rajasekhara Reddy ACA-VDCA Cricket Stadium,Mumbai Indians,field,0.5777777777777777,0.5283018867924528,0.8,0.8,0.5714285714285714,1,0,0.6,5,1612.7910136776438,1559.0478782428459,53.74313543479798,8.005457375030781,7.480938833570411,9.398745828698555,7.986917677993196,9.400339558573853,6.0,6.0,8.005457375030781,7.480938833570411,9.398745828698555,7.986917677993196,9.400339558573853,6.0,6.0,0
980975,2016,Kolkata Knight Riders,Gujarat Lions,Eden Gardens,Gujarat Lions,field,0.5238095238095238,0.6,0.6,0.4,0.5,0,0,0.38,50,1592.3151893309346,1515.311254635237,77.00393469569758,8.005457375030781,7.480938833570411,9.398745828698555,7.986917677993196,9.400339558573853,6.0,6.0,8.005457375030781,7.480938833570411,9.398745828698555,7.986917677993196,9.400339558573853,6.0,6.0,0
980977,2016,Punjab Kings,Royal Challengers Bengaluru,"Punjab Cricket Association IS Bindra Stadium, Mohali",Punjab Kings,field,0.4806201550387597,0.49612403100775193,0.4,0.4,0.625,1,0,0.4,5,1451.2109176528734,1503.6938471161418,-52.48292946326842,8.005457375030781,7.480938833570411,9.398745828698555,7.986917677993196,9.400339558573853,6.0,6.0,8.005457375030781,7.480938833570411,9.398745828698555,7.986917677993196,9.400339558573853,6.0,6.0,0
980979,2016,Rising Pune Supergiants,Sunrisers Hyderabad,Dr. Y.S. Rajasekhara Reddy ACA-VDCA Cricket Stadium,Sunrisers Hyderabad,bat,0.3,0.5370370370370371,0.4,0.8,1.0,0,1,0.6666666666666666,6,1460.2526554964486,1577.5032883164886,-117.25063282003998,8.005457375030781,7.480938833570411,9.398745828698555,7.986917677993196,9.400339558573853,6.0,6.0,8.005457375030781,7.480938833570411,9.398745828698555,7.986917677993196,9.400339558573853,6.0,6.0,0
980981,2016,Royal Challengers Bengaluru,Mumbai Indians,M Chinnaswamy Stadium,Mumbai Indians,field,0.5,0.5735294117647058,0.4,0.6,0.4444444444444444,0,0,0.4117647058823529,51,1517.2951362147055,1594.335603604001,-77.0404673892956,8.005457375030781,7.480938833570411,9.398745828698555,7.986917677993196,9.400339558573853,6.0,6.0,8.005457375030781,7.480938833570411,9.398745828698555,7.986917677993196,9.400339558573853,6.0,6.0,0
980983,2016,Sunrisers Hyderabad,Delhi Capitals,"Rajiv Gandhi International Stadium, Uppal",Delhi Capitals,field,0.5454545454545454,0.42857142857142855,0.8,0.4,0.8333333333333334,0,0,0.325,40,1588.2997550987668,1444.908328966244,143.39142613252284,8.005457375030781,7.480938833570411,9.398745828698555,7.986917677993196,9.400339558573853,6.0,6.0,8.005457375030781,7.480938833570411,9.398745828698555,7.986917677993196,9.400339558573853,6.0,6.0,0
980985,2016,Mumbai Indians,Punjab Kings,Dr. Y.S. Rajasekhara Reddy ACA-VDCA Cricket Stadium,Mumbai Indians,bat,0.5766423357664233,0.47692307692307695,0.8,0.4,0.5294117647058824,1,1,0.7142857142857143,7,1606.8447853663515,1437.6096285543097,169.23515681204185,8.005457375030781,7.480938833570411,9.398745828698555,7.986917677993196,9.400339558573853,6.0,6.0,8.005457375030781,7.480938833570411,9.398745828698555,7.986917677993196,9.400339558573853,6.0,6.0,0
980987,2016,Royal Challengers Bengaluru,Gujarat Lions,M Chinnaswamy Stadium,Gujarat Lions,field,0.4961832061068702,0.6363636363636364,0.4,0.4,0.0,0,0,0.40384615384615385,52,1504.785954452355,1534.8004705267053,-30.01451607435024,8.005457375030781,7.480938833570411,9.398745828698555,7.986917677993196,9.400339558573853,6.0,6.0,8.005457375030781,7.480938833570411,9.398745828698555,7.986917677993196,9.400339558573853,6.0,6.0,1
980989,2016,Kolkata Knight Riders,Rising Pune Supergiants,Eden Gardens,Rising Pune Supergiants,bat,0.5196850393700787,0.2727272727272727,0.4,0.2,1.0,0,1,0.37254901960784315,51,1572.825973439466,1449.4561887141704,123.36978472529563,8.005457375030781,7.480938833570411,9.398745828698555,7.986917677993196,9.400339558573853,6.0,6.0,8.005457375030781,7.480938833570411,9.398745828698555,7.986917677993196,9.400339558573853,6.0,6.0,1
980993,2016,Mumbai Indians,Delhi Capitals,Dr. Y.S. Rajasekhara Reddy ACA-VDCA Cricket Stadium,Delhi Capitals,field,0.572463768115942,0.4330708661417323,0.6,0.6,0.47058823529411764,0,0,0.625,8,1583.6142242824264,1467.1607197042154,116.4535045782111,8.005457375030781,7.480938833570411,9.398745828698555,7.986917677993196,9.400339558573853,6.0,6.0,8.005457375030781,7.480938833570411,9.398745828698555,7.986917677993196,9.400339558573853,6.0,6.0,1
980991,2016,Punjab Kings,Sunrisers Hyderabad,"Punjab Cricket Association IS Bindra Stadium, Mohali",Punjab Kings,bat,0.48091603053435117,0.5357142857142857,0.6,0.8,0.2857142857142857,1,1,0.5,6,1460.8401896382347,1566.0473643607954,-105.2071747225607,8.005457375030781,7.480938833570411,9.398745828698555,7.986917677993196,9.400339558573853,6.0,6.0,8.005457375030781,7.480938833570411,9.398745828698555,7.986917677993196,9.400339558573853,6.0,6.0,0
980995,2016,Kolkata Knight Riders,Royal Challengers Bengaluru,Eden Gardens,Royal Challengers Bengaluru,field,0.5234375,0.5,0.6,0.6,0.5294117647058824,0,0,0.36538461538461536,52,1583.3719090914133,1522.164745725152,61.207163366261284,8.005457375030781,7.480938833570411,9.398745828698555,7.986917677993196,9.400339558573853,6.0,6.0,8.005457375030781,7.480938833570411,9.398745828698555,7.986917677993196,9.400339558573853,6.0,6.0,0
980997,2016,Rising Pune Supergiants,Delhi Capitals,Dr. Y.S. Rajasekhara Reddy ACA-VDCA Cricket Stadium,Rising Pune Supergiants,field,0.25,0.4296875,0.2,0.4,1.0,1,0,0.6666666666666666,9,1438.910253062223,1456.3314020262756,-17.421148964052463,8.005457375030781,7.480938833570411,9.398745828698555,7.986917677993196,9.400339558573853,6.0,6.0,8.005457375030781,7.480938833570411,9.398745828698555,7.986917677993196,9.400339558573853,6.0,6.0,1
980999,2016,Royal Challengers Bengaluru,Punjab Kings,M Chinnaswamy Stadium,Punjab Kings,field,0.5037593984962406,0.4772727272727273,0.8,0.4,0.4117647058823529,0,0,0.41509433962264153,53,1540.954637595875,1449.542310862445,91.41232673343006,8.005457375030781,7.480938833570411,9.398745828698555,7.986917677993196,9.400339558573853,6.0,6.0,8.005457375030781,7.480938833570411,9.398745828698555,7.986917677993196,9.400339558573853,6.0,6.0,1
981001,2016,Gujarat Lions,Kolkata Knight Riders,Green Park,Gujarat Lions,field,0.5833333333333334,0.5193798449612403,0.2,0.6,1.0,1,0,0.5,0,1517.4216792539085,1564.5820172206902,-47.16033796678175,8.005457375030781,7.480938833570411,9.398745828698555,7.986917677993196,9.400339558573853,6.0,6.0,8.005457375030781,7.480938833570411,9.398745828698555,7.986917677993196,9.400339558573853,6.0,6.0,1
981003,2016,Delhi Capitals,Sunrisers Hyderabad,Shaheed Veer Narayan Singh International Stadium,Delhi Capitals,field,0.4263565891472868,0.543859649122807,0.2,0.8,0.2857142857142857,1,0,0.5,4,1439.5298001593508,1577.3452431365852,-137.8154429772344,8.005457375030781,7.480938833570411,9.398745828698555,7.986917677993196,9.400339558573853,6.0,6.0,8.005457375030781,7.480938833570411,9.398745828698555,7.986917677993196,9.400339558573853,6.0,6.0,1
981005,2016,Rising Pune Supergiants,Punjab Kings,Dr. Y.S. Rajasekhara Reddy ACA-VDCA Cricket Stadium,Punjab Kings,bat,0.3076923076923077,0.47368421052631576,0.4,0.4,0.0,0,1,0.6,10,1455.7118549291479,1437.657482299272,18.054372629875843,8.005457375030781,7.480938833570411,9.398745828698555,7.986917677993196,9.400339558573853,6.0,6.0,8.005457375030781,7.480938833570411,9.398745828698555,7.986917677993196,9.400339558573853,6.0,6.0,1
981007,2016,Gujarat Lions,Mumbai Indians,Green Park,Gujarat Lions,field,0.6153846153846154,0.5755395683453237,0.4,0.6,1.0,1,0,0.0,1,1535.5802521673334,1594.4435419603662,-58.86328979303289,8.005457375030781,7.480938833570411,9.398745828698555,7.986917677993196,9.400339558573853,6.0,6.0,8.005457375030781,7.480938833570411,9.398745828698555,7.986917677993196,9.400339558573853,6.0,6.0,1
981009,2016,Kolkata Knight Riders,Sunrisers Hyderabad,Eden Gardens,Sunrisers Hyderabad,field,0.5153846153846153,0.5344827586206896,0.4,0.6,0.7142857142857143,0,0,0.3584905660377358,53,1546.4234443072653,1555.3117780787186,-8.88833377145329,8.005457375030781,7.480938833570411,9.398745828698555,7.986917677993196,9.400339558573853,6.0,6.0,8.005457375030781,7.480938833570411,9.398745828698555,7.986917677993196,9.400339558573853,6.0,6.0,1
981011,2016,Delhi Capitals,Royal Challengers Bengaluru,Shaheed Veer Narayan Singh International Stadium,Royal Challengers Bengaluru,field,0.4307692307692308,0.5074626865671642,0.4,0.8,0.4,0,0,0.4,5,1461.5632652172173,1552.839466159048,-91.27620094183067,8.005457375030781,7.480938833570411,9.398745828698555,7.986917677993196,9.400339558573853,6.0,6.0,8.005457375030781,7.480938833570411,9.398745828698555,7.986917677993196,9.400339558573853,6.0,6.0,0
981013,2016,Gujarat Lions,Royal Challengers Bengaluru,M Chinnaswamy Stadium,Royal Challengers Bengaluru,field,0.6428571428571429,0.5111111111111111,0.6,0.8,0.5,0,0,0.42592592592592593,54,1554.2653648253622,1564.730149447766,-10.46478462240384,8.005457375030781,7.480938833570411,9.398745828698555,7.986917677993196,9.400339558573853,6.0,6.0,8.005457375030781,7.480938833570411,9.398745828698555,7.986917677993196,9.400339558573853,6.0,6.0,0
981015,2016,Sunrisers Hyderabad,Kolkata Knight Riders,Feroz Shah Kotla,Kolkata Knight Riders,field,0.5254237288135594,0.5190839694656488,0.4,0.4,0.25,0,0,0.44,50,1538.9025444554795,1562.8326779305044,-23.93013347502483,8.005457375030781,7.480938833570411,9.398745828698555,7.986917677993196,9.400339558573853,6.0,6.0,8.005457375030781,7.480938833570411,9.398745828698555,7.986917677993196,9.400339558573853,6.0,6.0,1
981017,2016,Gujarat Lions,Sunrisers Hyderabad,Feroz Shah Kotla,Sunrisers Hyderabad,field,0.6,0.5333333333333333,0.6,0.4,0.0,0,0,0.45098039215686275,51,1538.7471402837307,1556.0028284741238,-17.25568819039313,8.005457375030781,7.480938833570411,9.398745828698555,7.986917677993196,9.400339558573853,6.0,6.0,8.005457375030781,7.480938833570411,9.398745828698555,7.986917677993196,9.400339558573853,6.0,6.0,0
981019,2016,Royal Challengers Bengaluru,Sunrisers Hyderabad,M Chinnaswamy Stadium,Sunrisers Hyderabad,bat,0.5147058823529411,0.5409836065573771,1.0,0.6,0.5,0,1,0.41818181818181815,55,1580.2483739893976,1571.2088274124546,9.03954657694294,8.005457375030781,7.480938833570411,9.398745828698555,7.986917677993196,9.400339558573853,6.0,6.0,8.005457375030781,7.480938833570411,9.398745828698555,7.986917677993196,9.400339558573853,6.0,6.0,0
1082591,2017,Sunrisers Hyderabad,Royal Challengers Bengaluru,"Rajiv Gandhi International Stadium, Uppal",Royal Challengers Bengaluru,field,0.5483870967741935,0.5109489051094891,0.6,0.8,0.5555555555555556,0,0,0.3170731707317073,41,1587.6250200093152,1563.832181392537,23.792838616778226,8.005457375030781,7.480938833570411,9.398745828698555,7.986917677993196,9.400339558573853,6.0,6.0,8.005457375030781,7.480938833570411,9.398745828698555,7.986917677993196,9.400339558573853,6.0,6.0,1
1082592,2017,Rising Pune Supergiants,Mumbai Indians,Maharashtra Cricket Association Stadium,Rising Pune Supergiants,field,0.35714285714285715,0.5714285714285714,0.4,0.4,0.5,1,0,0.4444444444444444,9,1470.8811679175542,1575.7584293023374,-104.8772613847832,8.005457375030781,7.480938833570411,9.398745828698555,7.986917677993196,9.400339558573853,6.0,6.0,8.005457375030781,7.480938833570411,9.398745828698555,7.986917677993196,9.400339558573853,6.0,6.0,1
1082593,2017,Gujarat Lions,Kolkata Knight Riders,Saurashtra Cricket Association Stadium,Kolkata Knight Riders,field,0.5625,0.5151515151515151,0.4,0.4,1.0,0,0,0.2,5,1523.5411413453999,1545.73239391186,-22.191252566460207,8.005457375030781,7.480938833570411,9.398745828698555,7.986917677993196,9.400339558573853,6.0,6.0,8.005457375030781,7.480938833570411,9.398745828698555,7.986917677993196,9.400339558573853,6.0,6.0,0
1082595,2017,Royal Challengers Bengaluru,Delhi Capitals,M.Chinnaswamy Stadium,Royal Challengers Bengaluru,bat,0.5072463768115942,0.42748091603053434,0.6,0.4,0.625,1,1,0.5,0,1548.9261724785122,1449.6725819284993,99.25359055001286,8.005457375030781,7.480938833570411,9.398745828698555,7.986917677993196,9.400339558573853,6.0,6.0,8.005457375030781,7.480938833570411,9.398745828698555,7.986917677993196,9.400339558573853,6.0,6.0,1
1082594,2017,Punjab Kings,Rising Pune Supergiants,Holkar Cricket Stadium,Punjab Kings,field,0.4701492537313433,0.4,0.2,0.6,0.5,1,0,0.0,2,1422.4881693108657,1491.5694043800293,-69.08123506916354,8.005457375030781,7.480938833570411,9.398745828698555,7.986917677993196,9.400339558573853,6.0,6.0,8.005457375030781,7.480938833570411,9.398745828698555,7.986917677993196,9.400339558573853,6.0,6.0,1
1082596,2017,Sunrisers Hyderabad,Gujarat Lions,"Rajiv Gandhi International Stadium, Uppal",Sunrisers Hyderabad,field,0.5555555555555556,0.5294117647058824,0.8,0.4,1.0,1,0,0.3333333333333333,42,1602.53102892334,1508.561698855787,93.96933006755307,8.005457375030781,7.480938833570411,9.398745828698555,7.986917677993196,9.400339558573853,6.0,6.0,8.005457375030781,7.480938833570411,9.398745828698555,7.986917677993196,9.400339558573853,6.0,6.0,1
1082597,2017,Mumbai Indians,Kolkata Knight Riders,Wankhede Stadium,Mumbai Indians,field,0.5673758865248227,0.518796992481203,0.4,0.4,0.7222222222222222,1,0,0.5102040816326531,49,1555.0701928398623,1560.711836401473,-5.6416435616106355,8.005457375030781,7.480938833570411,9.398745828698555,7.986917677993196,9.400339558573853,6.0,6.0,8.005457375030781,7.480938833570411,9.398745828698555,7.986917677993196,9.400339558573853,6.0,6.0,1
1082598,2017,Punjab Kings,Royal Challengers Bengaluru,Holkar Cricket Stadium,Royal Challengers Bengaluru,bat,0.4740740740740741,0.5107913669064749,0.4,0.6,0.5555555555555556,0,1,0.0,3,1441.6282069085964,1560.4757875565454,-118.84758064794892,8.005457375030781,7.480938833570411,9.398745828698555,7.986917677993196,9.400339558573853,6.0,6.0,8.005457375030781,7.480938833570411,9.398745828698555,7.986917677993196,9.400339558573853,6.0,6.0,1
1082599,2017,Rising Pune Supergiants,Delhi Capitals,Maharashtra Cricket Association Stadium,Rising Pune Supergiants,field,0.375,0.42424242424242425,0.6,0.2,1.0,1,0,0.4,10,1472.4293667822985,1438.1229668504661,34.3063999318324,8.005457375030781,7.480938833570411,9.398745828698555,7.986917677993196,9.400339558573853,6.0,6.0,8.005457375030781,7.480938833570411,9.398745828698555,7.986917677993196,9.400339558573853,6.0,6.0,0
1082600,2017,Mumbai Indians,Sunrisers Hyderabad,Wankhede Stadium,Mumbai Indians,field,0.5704225352112676,0.5625,0.4,1.0,0.5,1,0,0.5,50,1571.3299772950031,1614.3061024260942,-42.97612513109107,8.005457375030781,7.480938833570411,9.398745828698555,7.986917677993196,9.400339558573853,6.0,6.0,8.005457375030781,7.480938833570411,9.398745828698555,7.986917677993196,9.400339558573853,6.0,6.0,1
1082601,2017,Kolkata Knight Riders,Punjab Kings,Eden Gardens,Kolkata Knight Riders,field,0.5149253731343284,0.47794117647058826,0.4,0.4,0.6842105263157895,1,0,0.37037037037037035,54,1544.4520519463322,1462.897405219511,81.55464672682115,8.005457375030781,7.480938833570411,9.398745828698555,7.986917677993196,9.400339558573853,6.0,6.0,8.005457375030781,7.480938833570411,9.398745828698555,7.986917677993196,9.400339558573853,6.0,6.0,1
1082602,2017,Royal Challengers Bengaluru,Mumbai Indians,M Chinnaswamy Stadium,Mumbai Indians,field,0.5071428571428571,0.5734265734265734,0.4,0.6,0.42105263157894735,0,0,0.42857142857142855,56,1539.2065892456308,1589.2990685254335,-50.092479279802774,8.005457375030781,7.480938833570411,9.398745828698555,7.986917677993196,9.400339558573853,6.0,6.0,8.005457375030781,7.480938833570411,9.398745828698555,7.986917677993196,9.400339558573853,6.0,6.0,0
1082603,2017,Gujarat Lions,Rising Pune Supergiants,Saurashtra Cricket Association Stadium,Gujarat Lions,field,0.5,0.35294117647058826,0.2,0.6,1.0,1,0,0.16666666666666666,6,1496.7866253530328,1454.854613271715,41.93201208131791,8.005457375030781,7.480938833570411,9.398745828698555,7.986917677993196,9.400339558573853,6.0,6.0,8.005457375030781,7.480938833570411,9.398745828698555,7.986917677993196,9.400339558573853,6.0,6.0,1
1082604,2017,Kolkata Knight Riders,Sunrisers Hyderabad,Eden Gardens,Sunrisers Hyderabad,field,0.5185185185185185,0.5538461538461539,0.6,0.8,0.6666666666666666,0,0,0.36363636363636365,55,1556.7638143359711,1596.3370111956638,-39.573196859692644,8.005457375030781,7.480938833570411,9.398745828698555,7.986917677993196,9.400339558573853,6.0,6.0,8.005457375030781,7.480938833570411,9.398745828698555,7.986917677993196,9.400339558573853,6.0,6.0,1
1082605,2017,Delhi Capitals,Punjab Kings,Feroz Shah Kotla,Delhi Capitals,bat,0.42857142857142855,0.4744525547445255,0.4,0.4,0.4444444444444444,1,1,0.4423076923076923,52,1455.6977203610497,1450.585642829872,5.112077531177647,8.005457375030781,7.480938833570411,9.398745828698555,7.986917677993196,9.400339558573853,6.0,6.0,8.005457375030781,7.480938833570411,9.398745828698555,7.986917677993196,9.400339558573853,6.0,6.0,1
1082606,2017,Mumbai Indians,Gujarat Lions,Wankhede Stadium,Mumbai Indians,field,0.5763888888888888,0.5263157894736842,0.6,0.2,0.0,1,0,0.49019607843137253,51,1603.0080770979014,1510.8649064258302,92.14317067207116,8.005457375030781,7.480938833570411,9.398745828698555,7.986917677993196,9.400339558573853,6.0,6.0,8.005457375030781,7.480938833570411,9.398745828698555,7.986917677993196,9.400339558573853,6.0,6.0,1
1082607,2017,Royal Challengers Bengaluru,Rising Pune Supergiants,M Chinnaswamy Stadium,Royal Challengers Bengaluru,field,0.5035460992907801,0.3333333333333333,0.2,0.4,1.0,1,0,0.42105263157894735,57,1525.497580673163,1440.7763321989175,84.72124847424539,8.005457375030781,7.480938833570411,9.398745828698555,7.986917677993196,9.400339558573853,6.0,6.0,8.005457375030781,7.480938833570411,9.398745828698555,7.986917677993196,9.400339558573853,6.0,6.0,0
1082608,2017,Delhi Capitals,Kolkata Knight Riders,Feroz Shah Kotla,Delhi Capitals,bat,0.43283582089552236,0.5220588235294118,0.6,0.6,0.4117647058823529,1,1,0.4528301886792453,53,1471.4623174782405,1574.578387120789,-103.11606964254861,8.005457375030781,7.480938833570411,9.398745828698555,7.986917677993196,9.400339558573853,6.0,6.0,8.005457375030781,7.480938833570411,9.398745828698555,7.986917677993196,9.400339558573853,6.0,6.0,0
1082609,2017,Sunrisers Hyderabad,Punjab Kings,"Rajiv Gandhi International Stadium, Uppal",Punjab Kings,field,0.5454545454545454,0.47101449275362317,0.6,0.4,0.75,0,0,0.32558139534883723,43,1578.5224384108458,1434.8210457126813,143.70139269816445,8.005457375030781,7.480938833570411,9.398745828698555,7.986917677993196,9.400339558573853,6.0,6.0,8.005457375030781,7.480938833570411,9.398745828698555,7.986917677993196,9.400339558573853,6.0,6.0,1
1082610,2017,Gujarat Lions,Royal Challengers Bengaluru,Saurashtra Cricket Association Stadium,Gujarat Lions,field,0.5,0.5,0.2,0.2,0.3333333333333333,1,0,0.14285714285714285,7,1499.01149101257,1505.6715578045053,-6.660066791935151,8.005457375030781,7.480938833570411,9.398745828698555,7.986917677993196,9.400339558573853,6.0,6.0,8.005457375030781,7.480938833570411,9.398745828698555,7.986917677993196,9.400339558573853,6.0,6.0,0
1082611,2017,Sunrisers Hyderabad,Delhi Capitals,"Rajiv Gandhi International Stadium, Uppal",Sunrisers Hyderabad,bat,0.5522388059701493,0.42962962962962964,0.6,0.4,0.625,1,1,0.3409090909090909,44,1588.2579571839885,1460.076301972141,128.18165521184756,8.005457375030781,7.480938833570411,9.398745828698555,7.986917677993196,9.400339558573853,6.0,6.0,8.005457375030781,7.480938833570411,9.398745828698555,7.986917677993196,9.400339558573853,6.0,6.0,1
1082612,2017,Punjab Kings,Mumbai Indians,Holkar Cricket Stadium,Mumbai Indians,field,0.4676258992805755,0.5793103448275863,0.4,0.8,0.5,0,0,0.0,4,1425.0855269395386,1614.8614925111615,-189.77596557162292,8.005457375030781,7.480938833570411,9.398745828698555,7.986917677993196,9.400339558573853,6.0,6.0,8.005457375030781,7.480938833570411,9.398745828698555,7.986917677993196,9.400339558573853,6.0,6.0,0
1082613,2017,Kolkata Knight Riders,Gujarat Lions,Eden Gardens,Gujarat Lions,field,0.5255474452554745,0.47619047619047616,0.8,0.2,0.3333333333333333,0,0,0.375,56,1585.9644026268886,1483.3181608609214,102.64624176596726,8.005457375030781,7.480938833570411,9.398745828698555,7.986917677993196,9.400339558573853,6.0,6.0,8.005457375030781,7.480938833570411,9.398745828698555,7.986917677993196,9.400339558573853,6.0,6.0,0
1082614,2017,Mumbai Indians,Delhi Capitals,Wankhede Stadium,Delhi Capitals,field,0.5821917808219178,0.4264705882352941,1.0,0.4,0.5,0,0,0.4807692307692308,52,1622.8985937512164,1449.7252794975034,173.173314253713,8.005457375030781,7.480938833570411,9.398745828698555,7.986917677993196,9.400339558573853,6.0,6.0,8.005457375030781,7.480938833570411,9.398745828698555,7.986917677993196,9.400339558573853,6.0,6.0,1
1082615,2017,Rising Pune Supergiants,Sunrisers Hyderabad,Maharashtra Cricket Association Stadium,Rising Pune Supergiants,field,0.3684210526315789,0.5588235294117647,0.4,0.6,0.5,1,0,0.45454545454545453,11,1460.6023550675752,1598.6089796586261,-138.00662459105092,8.005457375030781,7.480938833570411,9.398745828698555,7.986917677993196,9.400339558573853,6.0,6.0,8.005457375030781,7.480938833570411,9.398745828698555,7.986917677993196,9.400339558573853,6.0,6.0,1
1082616,2017,Gujarat Lions,Punjab Kings,Saurashtra Cricket Association Stadium,Gujarat Lions,field,0.5,0.4642857142857143,0.4,0.2,0.5,1,0,0.25,8,1503.9123005266736,1417.0484256994837,86.86387482718987,8.005457375030781,7.480938833570411,9.398745828698555,7.986917677993196,9.400339558573853,6.0,6.0,8.005457375030781,7.480938833570411,9.398745828698555,7.986917677993196,9.400339558573853,6.0,6.0,0
1082617,2017,Kolkata Knight Riders,Royal Challengers Bengaluru,Eden Gardens,Royal Challengers Bengaluru,field,0.5217391304347826,0.5034965034965035,0.6,0.4,0.5,0,0,0.3684210526315789,57,1565.3702629611364,1521.364887956154,44.0053750049824,8.005457375030781,7.480938833570411,9.398745828698555,7.986917677993196,9.400339558573853,6.0,6.0,8.005457375030781,7.480938833570411,9.398745828698555,7.986917677993196,9.400339558573853,6.0,6.0,1
1082618,2017,Mumbai Indians,Rising Pune Supergiants,Wankhede Stadium,Mumbai Indians,field,0.5850340136054422,0.4,1.0,0.4,0.3333333333333333,1,0,0.49056603773584906,53,1631.5244530278974,1482.6433708510172,148.88108217688023,8.005457375030781,7.480938833570411,9.398745828698555,7.986917677993196,9.400339558573853,6.0,6.0,8.005457375030781,7.480938833570411,9.398745828698555,7.986917677993196,9.400339558573853,6.0,6.0,0
1082620,2017,Rising Pune Supergiants,Kolkata Knight Riders,Maharashtra Cricket Association Stadium,Kolkata Knight Riders,field,0.42857142857142855,0.5251798561151079,0.6,0.8,0.0,0,0,0.4166666666666667,12,1505.1086325634803,1579.3545080620206,-74.24587549854027,8.005457375030781,7.480938833570411,9.398745828698555,7.986917677993196,9.400339558573853,6.0,6.0,8.005457375030781,7.480938833570411,9.398745828698555,7.986917677993196,9.400339558573853,6.0,6.0,0
1082621,2017,Royal Challengers Bengaluru,Gujarat Lions,M Chinnaswamy Stadium,Gujarat Lions,field,0.5,0.4782608695652174,0.2,0.4,0.75,0,0,0.43103448275862066,58,1507.3806428552698,1483.9933864155867,23.387256439683142,8.005457375030781,7.480938833570411,9.398745828698555,7.986917677993196,9.400339558573853,6.0,6.0,8.005457375030781,7.480938833570411,9.398745828698555,7.986917677993196,9.400339558573853,6.0,6.0,0
1082622,2017,Kolkata Knight Riders,Delhi Capitals,Eden Gardens,Kolkata Knight Riders,field,0.5285714285714286,0.4233576642335766,0.8,0.4,0.6111111111111112,1,0,0.3793103448275862,58,1591.9864723370888,1441.0994202208224,150.88705211626643,8.005457375030781,7.480938833570411,9.398745828698555,7.986917677993196,9.400339558573853,6.0,6.0,8.005457375030781,7.480938833570411,9.398745828698555,7.986917677993196,9.400339558573853,6.0,6.0,1
1082623,2017,Punjab Kings,Sunrisers Hyderabad,"Punjab Cricket Association IS Bindra Stadium, Mohali",Punjab Kings,field,0.46808510638297873,0.5507246376811594,0.2,0.4,0.2222222222222222,1,0,0.42857142857142855,7,1436.9673398105706,1576.567963875184,-139.60062406461338,8.005457375030781,7.480938833570411,9.398745828698555,7.986917677993196,9.400339558573853,6.0,6.0,8.005457375030781,7.480938833570411,9.398745828698555,7.986917677993196,9.400339558573853,6.0,6.0,0
1082624,2017,Rising Pune Supergiants,Royal Challengers Bengaluru,Maharashtra Cricket Association Stadium,Royal Challengers Bengaluru,field,0.4090909090909091,0.496551724137931,0.6,0.2,0.3333333333333333,0,0,0.38461538461538464,13,1492.4766682884122,1490.3052436746264,2.1714246137858026,8.005457375030781,7.480938833570411,9.398745828698555,7.986917677993196,9.400339558573853,6.0,6.0,8.005457375030781,7.480938833570411,9.398745828698555,7.986917677993196,9.400339558573853,6.0,6.0,1
1082625,2017,Gujarat Lions,Mumbai Indians,Saurashtra Cricket Association Stadium,Gujarat Lions,bat,0.5,0.581081081081081,0.4,0.8,0.6666666666666666,1,1,0.3333333333333333,9,1501.06878559623,1609.0591913154342,-107.99040571920409,8.005457375030781,7.480938833570411,9.398745828698555,7.986917677993196,9.400339558573853,6.0,6.0,8.005457375030781,7.480938833570411,9.398745828698555,7.986917677993196,9.400339558573853,6.0,6.0,0
1082626,2017,Punjab Kings,Delhi Capitals,"Punjab Cricket Association IS Bindra Stadium, Mohali",Punjab Kings,field,0.4647887323943662,0.42028985507246375,0.2,0.2,0.5263157894736842,1,0,0.5,8,1427.0711883134,1431.6417959902517,-4.5706076768517505,8.005457375030781,7.480938833570411,9.398745828698555,7.986917677993196,9.400339558573853,6.0,6.0,8.005457375030781,7.480938833570411,9.398745828698555,7.986917677993196,9.400339558573853,6.0,6.0,1
1082627,2017,Sunrisers Hyderabad,Kolkata Knight Riders,"Rajiv Gandhi International Stadium, Uppal",Kolkata Knight Riders,field,0.5571428571428572,0.5319148936170213,0.6,0.8,0.3,0,0,0.35555555555555557,45,1586.4641153723546,1601.4440965676595,-14.979981195304845,8.005457375030781,7.480938833570411,9.398745828698555,7.986917677993196,9.400339558573853,6.0,6.0,8.005457375030781,7.480938833570411,9.398745828698555,7.986917677993196,9.400339558573853,6.0,6.0,1
1082628,2017,Mumbai Indians,Royal Challengers Bengaluru,Wankhede Stadium,Royal Challengers Bengaluru,bat,0.5838926174496645,0.4931506849315068,0.8,0.2,0.6,0,1,0.5,54,1620.2402449716647,1474.4052401715746,145.83500480009002,8.005457375030781,7.480938833570411,9.398745828698555,7.986917677993196,9.400339558573853,6.0,6.0,8.005457375030781,7.480938833570411,9.398745828698555,7.986917677993196,9.400339558573853,6.0,6.0,1
1082629,2017,Rising Pune Supergiants,Gujarat Lions,Maharashtra Cricket Association Stadium,Rising Pune Supergiants,field,0.43478260869565216,0.48,0.8,0.4,0.0,1,0,0.42857142857142855,14,1508.3766717914639,1489.8877319399996,18.488939851464238,8.005457375030781,7.480938833570411,9.398745828698555,7.986917677993196,9.400339558573853,6.0,6.0,8.005457375030781,7.480938833570411,9.398745828698555,7.986917677993196,9.400339558573853,6.0,6.0,1
1082630,2017,Delhi Capitals,Sunrisers Hyderabad,Feroz Shah Kotla,Delhi Capitals,field,0.4172661870503597,0.5633802816901409,0.0,0.8,0.3333333333333333,1,0,0.4444444444444444,54,1415.4313238695663,1603.1535418439205,-187.72221797435418,8.005457375030781,7.480938833570411,9.398745828698555,7.986917677993196,9.400339558573853,6.0,6.0,8.005457375030781,7.480938833570411,9.398745828698555,7.986917677993196,9.400339558573853,6.0,6.0,1
1082631,2017,Kolkata Knight Riders,Rising Pune Supergiants,Eden Gardens,Rising Pune Supergiants,field,0.528169014084507,0.4583333333333333,0.6,0.8,1.0,0,0,0.3728813559322034,59,1584.7546700960936,1523.526027469444,61.228642626649616,8.005457375030781,7.480938833570411,9.398745828698555,7.986917677993196,9.400339558573853,6.0,6.0,8.005457375030781,7.480938833570411,9.398745828698555,7.986917677993196,9.400339558573853,6.0,6.0,0
1082632,2017,Delhi Capitals,Gujarat Lions,Feroz Shah Kotla,Delhi Capitals,field,0.42142857142857143,0.46153846153846156,0.2,0.4,0.5,1,0,0.43636363636363634,55,1439.3228607913034,1474.7383762620195,-35.41551547071617,8.005457375030781,7.480938833570411,9.398745828698555,7.986917677993196,9.400339558573853,6.0,6.0,8.005457375030781,7.480938833570411,9.398745828698555,7.986917677993196,9.400339558573853,6.0,6.0,1
1082633,2017,Royal Challengers Bengaluru,Punjab Kings,M Chinnaswamy Stadium,Royal Challengers Bengaluru,field,0.4897959183673469,0.46853146853146854,0.2,0.4,0.42105263157894735,1,0,0.423728813559322,59,1464.7527149699747,1443.2816604340853,21.47105453588938,8.005457375030781,7.480938833570411,9.398745828698555,7.986917677993196,9.400339558573853,6.0,6.0,8.005457375030781,7.480938833570411,9.398745828698555,7.986917677993196,9.400339558573853,6.0,6.0,0
1082634,2017,Sunrisers Hyderabad,Rising Pune Supergiants,"Rajiv Gandhi International Stadium, Uppal",Sunrisers Hyderabad,field,0.5555555555555556,0.48,0.6,0.8,0.3333333333333333,1,0,0.3695652173913043,46,1579.2620049221835,1542.3168784117279,36.945126510455566,8.005457375030781,7.480938833570411,9.398745828698555,7.986917677993196,9.400339558573853,6.0,6.0,8.005457375030781,7.480938833570411,9.398745828698555,7.986917677993196,9.400339558573853,6.0,6.0,0
1082635,2017,Delhi Capitals,Mumbai Indians,Feroz Shah Kotla,Delhi Capitals,field,0.425531914893617,0.5866666666666667,0.4,0.8,0.47368421052631576,1,0,0.42857142857142855,56,1456.9481801259458,1629.8927701732646,-172.9445900473188,8.005457375030781,7.480938833570411,9.398745828698555,7.986917677993196,9.400339558573853,6.0,6.0,8.005457375030781,7.480938833570411,9.398745828698555,7.986917677993196,9.400339558573853,6.0,6.0,0
1082636,2017,Royal Challengers Bengaluru,Kolkata Knight Riders,M Chinnaswamy Stadium,Kolkata Knight Riders,field,0.4864864864864865,0.5244755244755245,0.0,0.6,0.47368421052631576,0,0,0.43333333333333335,60,1447.7651931877322,1565.9638191538097,-118.19862596607754,8.005457375030781,7.480938833570411,9.398745828698555,7.986917677993196,9.400339558573853,6.0,6.0,8.005457375030781,7.480938833570411,9.398745828698555,7.986917677993196,9.400339558573853,6.0,6.0,0
1082637,2017,Punjab Kings,Gujarat Lions,"Punjab Cricket Association IS Bindra Stadium, Mohali",Gujarat Lions,field,0.4722222222222222,0.4444444444444444,0.6,0.2,0.6666666666666666,0,0,0.4444444444444444,9,1460.2691822163279,1457.113056927377,3.1561252889507614,8.005457375030781,7.480938833570411,9.398745828698555,7.986917677993196,9.400339558573853,6.0,6.0,8.005457375030781,7.480938833570411,9.398745828698555,7.986917677993196,9.400339558573853,6.0,6.0,0
1082638,2017,Sunrisers Hyderabad,Mumbai Indians,"Rajiv Gandhi International Stadium, Uppal",Mumbai Indians,bat,0.547945205479452,0.5894039735099338,0.4,0.8,0.4444444444444444,0,1,0.3829787234042553,47,1561.56700289235,1638.5269277206444,-76.95992482829433,8.005457375030781,7.480938833570411,9.398745828698555,7.986917677993196,9.400339558573853,6.0,6.0,8.005457375030781,7.480938833570411,9.398745828698555,7.986917677993196,9.400339558573853,6.0,6.0,1
1082639,2017,Punjab Kings,Kolkata Knight Riders,"Punjab Cricket Association IS Bindra Stadium, Mohali",Kolkata Knight Riders,field,0.4689655172413793,0.5277777777777778,0.6,0.6,0.3,0,0,0.4,10,1444.1238412733176,1576.7212814540994,-132.59744018078186,8.005457375030781,7.480938833570411,9.398745828698555,7.986917677993196,9.400339558573853,6.0,6.0,8.005457375030781,7.480938833570411,9.398745828698555,7.986917677993196,9.400339558573853,6.0,6.0,1
1082640,2017,Gujarat Lions,Delhi Capitals,Green Park,Delhi Capitals,field,0.4642857142857143,0.4225352112676056,0.4,0.4,0.3333333333333333,0,0,0.0,2,1473.2583978703874,1448.314022578566,24.944375291821416,8.005457375030781,7.480938833570411,9.398745828698555,7.986917677993196,9.400339558573853,6.0,6.0,8.005457375030781,7.480938833570411,9.398745828698555,7.986917677993196,9.400339558573853,6.0,6.0,0
1082641,2017,Mumbai Indians,Punjab Kings,Wankhede Stadium,Mumbai Indians,field,0.5855263157894737,0.4726027397260274,0.6,0.6,0.5263157894736842,1,0,0.4909090909090909,55,1619.0396422263368,1465.9500199563158,153.08962227002098,8.005457375030781,7.480938833570411,9.398745828698555,7.986917677993196,9.400339558573853,6.0,6.0,8.005457375030781,7.480938833570411,9.398745828698555,7.986917677993196,9.400339558573853,6.0,6.0,0
1082642,2017,Delhi Capitals,Rising Pune Supergiants,Feroz Shah Kotla,Delhi Capitals,bat,0.42657342657342656,0.5,0.6,0.8,0.3333333333333333,1,1,0.43859649122807015,57,1465.4607838164934,1560.0118804415613,-94.55109662506788,8.005457375030781,7.480938833570411,9.398745828698555,7.986917677993196,9.400339558573853,6.0,6.0,8.005457375030781,7.480938833570411,9.398745828698555,7.986917677993196,9.400339558573853,6.0,6.0,1
1082643,2017,Gujarat Lions,Sunrisers Hyderabad,Green Park,Sunrisers Hyderabad,field,0.4482758620689655,0.5540540540540541,0.2,0.6,0.0,0,0,0.0,3,1456.11163663246,1581.0542883866576,-124.94265175419764,8.005457375030781,7.480938833570411,9.398745828698555,7.986917677993196,9.400339558573853,6.0,6.0,8.005457375030781,7.480938833570411,9.398745828698555,7.986917677993196,9.400339558573853,6.0,6.0,0
1082644,2017,Kolkata Knight Riders,Mumbai Indians,Eden Gardens,Kolkata Knight Riders,field,0.5241379310344828,0.5816993464052288,0.4,0.6,0.2631578947368421,1,0,0.36666666666666664,60,1554.8951027711012,1596.4130131263114,-41.51791035521023,8.005457375030781,7.480938833570411,9.398745828698555,7.986917677993196,9.400339558573853,6.0,6.0,8.005457375030781,7.480938833570411,9.398745828698555,7.986917677993196,9.400339558573853,6.0,6.0,0
1082645,2017,Rising Pune Supergiants,Punjab Kings,Maharashtra Cricket Association Stadium,Rising Pune Supergiants,field,0.48148148148148145,0.47619047619047616,0.8,0.8,0.3333333333333333,1,0,0.4,15,1539.762041711041,1488.5766490563412,51.185392654699854,8.005457375030781,7.480938833570411,9.398745828698555,7.986917677993196,9.400339558573853,6.0,6.0,8.005457375030781,7.480938833570411,9.398745828698555,7.986917677993196,9.400339558573853,6.0,6.0,1
1082646,2017,Delhi Capitals,Royal Challengers Bengaluru,Feroz Shah Kotla,Royal Challengers Bengaluru,bat,0.4305555555555556,0.48322147651006714,0.8,0.0,0.35294117647058826,0,1,0.4482758620689655,58,1485.7106225470136,1437.0077308874424,48.70289165957115,8.005457375030781,7.480938833570411,9.398745828698555,7.986917677993196,9.400339558573853,6.0,6.0,8.005457375030781,7.480938833570411,9.398745828698555,7.986917677993196,9.400339558573853,6.0,6.0,0
1082647,2017,Mumbai Indians,Rising Pune Supergiants,Wankhede Stadium,Mumbai Indians,field,0.5844155844155844,0.5,0.6,0.8,0.25,1,0,0.5,56,1610.5100918691878,1553.4217740218583,57.08831784732956,8.005457375030781,7.480938833570411,9.398745828698555,7.986917677993196,9.400339558573853,6.0,6.0,8.005457375030781,7.480938833570411,9.398745828698555,7.986917677993196,9.400339558573853,6.0,6.0,0
1082648,2017,Sunrisers Hyderabad,Kolkata Knight Riders,M Chinnaswamy Stadium,Kolkata Knight Riders,field,0.56,0.5205479452054794,0.6,0.2,0.36363636363636365,0,0,0.4262295081967213,61,1591.536306538436,1540.7980240282247,50.73828251021132,8.005457375030781,7.480938833570411,9.398745828698555,7.986917677993196,9.400339558573853,6.0,6.0,8.005457375030781,7.480938833570411,9.398745828698555,7.986917677993196,9.400339558573853,6.0,6.0,0
1082649,2017,Mumbai Indians,Kolkata Knight Riders,M Chinnaswamy Stadium,Mumbai Indians,field,0.5806451612903226,0.5238095238095238,0.4,0.4,0.75,1,0,0.41935483870967744,62,1591.9044850732496,1559.1181382574816,32.786346815767956,8.005457375030781,7.480938833570411,9.398745828698555,7.986917677993196,9.400339558573853,6.0,6.0,8.005457375030781,7.480938833570411,9.398745828698555,7.986917677993196,9.400339558573853,6.0,6.0,1
1082650,2017,Mumbai Indians,Rising Pune Supergiants,"Rajiv Gandhi International Stadium, Uppal",Mumbai Indians,bat,0.5833333333333334,0.5172413793103449,0.4,0.8,0.2,1,1,0.375,48,1606.3990839228063,1572.0273808177965,34.37170310500983,8.005457375030781,7.480938833570411,9.398745828698555,7.986917677993196,9.400339558573853,6.0,6.0,8.005457375030781,7.480938833570411,9.398745828698555,7.986917677993196,9.400339558573853,6.0,6.0,1
1136561,2018,Mumbai Indians,Chennai Super Kings,Wankhede Stadium,Chennai Super Kings,field,0.5859872611464968,0.6030534351145038,0.6,0.4,0.5454545454545454,0,0,0.5087719298245614,57,1620.8213522767453,1585.554324249261,35.26702802748423,8.005457375030781,7.480938833570411,9.398745828698555,7.986917677993196,9.400339558573853,6.0,6.0,8.005457375030781,7.480938833570411,9.398745828698555,7.986917677993196,9.400339558573853,6.0,6.0,0
1136562,2018,Delhi Capitals,Punjab Kings,Punjab Cricket Association IS Bindra Stadium,Punjab Kings,field,0.42758620689655175,0.47297297297297297,0.6,0.6,0.45,0,0,0.5,0,1467.482347562227,1474.916916745524,-7.4345691832970715,8.005457375030781,7.480938833570411,9.398745828698555,7.986917677993196,9.400339558573853,6.0,6.0,8.005457375030781,7.480938833570411,9.398745828698555,7.986917677993196,9.400339558573853,6.0,6.0,0
1136563,2018,Royal Challengers Bengaluru,Kolkata Knight Riders,Eden Gardens,Kolkata Knight Riders,field,0.4866666666666667,0.5202702702702703,0.2,0.4,0.45,0,0,0.3770491803278688,61,1455.236005872229,1544.623539407925,-89.38753353569587,8.005457375030781,7.480938833570411,9.398745828698555,7.986917677993196,9.400339558573853,6.0,6.0,8.005457375030781,7.480938833570411,9.398745828698555,7.986917677993196,9.400339558573853,6.0,6.0,0
1136564,2018,Rajasthan Royals,Sunrisers Hyderabad,Rajiv Gandhi International Stadium,Sunrisers Hyderabad,field,0.5384615384615384,0.5526315789473685,0.4,0.4,0.5714285714285714,0,0,0.5,0,1522.5590956400806,1573.2161923091792,-50.657096669098564,8.005457375030781,7.480938833570411,9.398745828698555,7.986917677993196,9.400339558573853,6.0,6.0,8.005457375030781,7.480938833570411,9.398745828698555,7.986917677993196,9.400339558573853,6.0,6.0,0
1136565,2018,Kolkata Knight Riders,Chennai Super Kings,MA Chidambaram Stadium,Chennai Super Kings,field,0.5234899328859061,0.6060606060606061,0.4,0.6,0.375,0,0,0.5,0,1556.595574616915,1603.1728757533483,-46.577301136433334,8.005457375030781,7.480938833570411,9.398745828698555,7.986917677993196,9.400339558573853,6.0,6.0,8.005457375030781,7.480938833570411,9.398745828698555,7.986917677993196,9.400339558573853,6.0,6.0,0
1136566,2018,Rajasthan Royals,Delhi Capitals,Sawai Mansingh Stadium,Delhi Capitals,field,0.5338983050847458,0.4246575342465753,0.2,0.4,0.625,0,0,0.30303030303030304,33,1508.8755496141084,1451.824669878429,57.05087973567947,8.005457375030781,7.480938833570411,9.398745828698555,7.986917677993196,9.400339558573853,6.0,6.0,8.005457375030781,7.480938833570411,9.398745828698555,7.986917677993196,9.400339558573853,6.0,6.0,1
1136567,2018,Mumbai Indians,Sunrisers Hyderabad,Rajiv Gandhi International Stadium,Sunrisers Hyderabad,field,0.5822784810126582,0.5584415584415584,0.6,0.6,0.5,0,0,0.0,1,1603.202800772658,1586.8997383351514,16.303062437506696,8.005457375030781,7.480938833570411,9.398745828698555,7.986917677993196,9.400339558573853,6.0,6.0,8.005457375030781,7.480938833570411,9.398745828698555,7.986917677993196,9.400339558573853,6.0,6.0,0
1136568,2018,Punjab Kings,Royal Challengers Bengaluru,M.Chinnaswamy Stadium,Royal Challengers Bengaluru,field,0.47651006711409394,0.48344370860927155,0.6,0.2,0.6,0,0,1.0,1,1490.5745944293221,1443.263970663239,47.310623766083154,8.005457375030781,7.480938833570411,9.398745828698555,7.986917677993196,9.400339558573853,6.0,6.0,8.005457375030781,7.480938833570411,9.398745828698555,7.986917677993196,9.400339558573853,6.0,6.0,0
1136569,2018,Mumbai Indians,Delhi Capitals,Wankhede Stadium,Delhi Capitals,field,0.5786163522012578,0.4217687074829932,0.4,0.4,0.55,0,0,0.5,58,1586.4525675573486,1438.4285982794486,148.02396927790005,8.005457375030781,7.480938833570411,9.398745828698555,7.986917677993196,9.400339558573853,6.0,6.0,8.005457375030781,7.480938833570411,9.398745828698555,7.986917677993196,9.400339558573853,6.0,6.0,0
1136570,2018,Kolkata Knight Riders,Sunrisers Hyderabad,Eden Gardens,Sunrisers Hyderabad,field,0.52,0.5641025641025641,0.4,0.8,0.6666666666666666,0,0,0.3709677419354839,62,1542.7277804393225,1603.6499715504608,-60.92219111113832,8.005457375030781,7.480938833570411,9.398745828698555,7.986917677993196,9.400339558573853,6.0,6.0,8.005457375030781,7.480938833570411,9.398745828698555,7.986917677993196,9.400339558573853,6.0,6.0,0
1136571,2018,Rajasthan Royals,Royal Challengers Bengaluru,M.Chinnaswamy Stadium,Royal Challengers Bengaluru,field,0.5378151260504201,0.4868421052631579,0.4,0.4,0.4666666666666667,0,0,0.5,2,1522.2716212130888,1461.429338129462,60.84228308362685,8.005457375030781,7.480938833570411,9.398745828698555,7.986917677993196,9.400339558573853,6.0,6.0,8.005457375030781,7.480938833570411,9.398745828698555,7.986917677993196,9.400339558573853,6.0,6.0,1
1136572,2018,Punjab Kings,Chennai Super Kings,Punjab Cricket Association IS Bindra Stadium,Chennai Super Kings,field,0.47333333333333333,0.6090225563909775,0.6,0.6,0.4117647058823529,0,0,0.0,1,1472.4092269630992,1617.0406699309408,-144.63144296784162,8.005457375030781,7.480938833570411,9.398745828698555,7.986917677993196,9.400339558573853,6.0,6.0,8.005457375030781,7.480938833570411,9.398745828698555,7.986917677993196,9.400339558573853,6.0,6.0,1
1136573,2018,Kolkata Knight Riders,Delhi Capitals,Eden Gardens,Delhi Capitals,field,0.5165562913907285,0.42567567567567566,0.4,0.4,0.631578947368421,0,0,0.36507936507936506,63,1529.5049460447833,1460.8608004927576,68.64414555202575,8.005457375030781,7.480938833570411,9.398745828698555,7.986917677993196,9.400339558573853,6.0,6.0,8.005457375030781,7.480938833570411,9.398745828698555,7.986917677993196,9.400339558573853,6.0,6.0,1
1136574,2018,Mumbai Indians,Royal Challengers Bengaluru,Wankhede Stadium,Royal Challengers Bengaluru,field,0.575,0.48366013071895425,0.4,0.4,0.6190476190476191,0,0,0.4915254237288136,59,1564.0203653440396,1448.2029345581761,115.81743078586351,8.005457375030781,7.480938833570411,9.398745828698555,7.986917677993196,9.400339558573853,6.0,6.0,8.005457375030781,7.480938833570411,9.398745828698555,7.986917677993196,9.400339558573853,6.0,6.0,1
1136575,2018,Rajasthan Royals,Kolkata Knight Riders,Sawai Mansingh Stadium,Kolkata Knight Riders,field,0.5416666666666666,0.5197368421052632,0.6,0.4,0.6,0,0,0.3235294117647059,34,1535.4980247843746,1542.384266675208,-6.886241890833389,8.005457375030781,7.480938833570411,9.398745828698555,7.986917677993196,9.400339558573853,6.0,6.0,8.005457375030781,7.480938833570411,9.398745828698555,7.986917677993196,9.400339558573853,6.0,6.0,0
1136576,2018,Punjab Kings,Sunrisers Hyderabad,Punjab Cricket Association IS Bindra Stadium,Punjab Kings,bat,0.4768211920529801,0.569620253164557,0.6,0.8,0.2,1,1,0.5,2,1494.709934812389,1616.872805945,-122.16287113261092,8.005457375030781,7.480938833570411,9.398745828698555,7.986917677993196,9.400339558573853,6.0,6.0,8.005457375030781,7.480938833570411,9.398745828698555,7.986917677993196,9.400339558573853,6.0,6.0,1
1136577,2018,Chennai Super Kings,Rajasthan Royals,Maharashtra Cricket Association Stadium,Rajasthan Royals,field,0.6044776119402985,0.5371900826446281,0.6,0.4,0.6470588235294118,0,0,0.375,16,1594.739962081651,1519.815106423146,74.92485565850484,8.005457375030781,7.480938833570411,9.398745828698555,7.986917677993196,9.400339558573853,6.0,6.0,8.005457375030781,7.480938833570411,9.398745828698555,7.986917677993196,9.400339558573853,6.0,6.0,1
1136578,2018,Kolkata Knight Riders,Punjab Kings,Eden Gardens,Punjab Kings,field,0.5228758169934641,0.48026315789473684,0.6,0.6,0.6666666666666666,0,0,0.375,64,1558.0671850364365,1516.1148190597398,41.95236597669668,8.005457375030781,7.480938833570411,9.398745828698555,7.986917677993196,9.400339558573853,6.0,6.0,8.005457375030781,7.480938833570411,9.398745828698555,7.986917677993196,9.400339558573853,6.0,6.0,0
1136579,2018,Delhi Capitals,Royal Challengers Bengaluru,M.Chinnaswamy Stadium,Royal Challengers Bengaluru,field,0.4228187919463087,0.4805194805194805,0.2,0.4,0.3333333333333333,0,0,0.6666666666666666,3,1447.981479862333,1437.3473683065713,10.634111555761592,8.005457375030781,7.480938833570411,9.398745828698555,7.986917677993196,9.400339558573853,6.0,6.0,8.005457375030781,7.480938833570411,9.398745828698555,7.986917677993196,9.400339558573853,6.0,6.0,0
1136580,2018,Chennai Super Kings,Sunrisers Hyderabad,Rajiv Gandhi International Stadium,Sunrisers Hyderabad,field,0.6074074074074074,0.5625,0.6,0.6,0.6666666666666666,0,0,0.0,2,1607.3420560215968,1595.4679216976492,11.874134323947601,8.005457375030781,7.480938833570411,9.398745828698555,7.986917677993196,9.400339558573853,6.0,6.0,8.005457375030781,7.480938833570411,9.398745828698555,7.986917677993196,9.400339558573853,6.0,6.0,1
1136581,2018,Mumbai Indians,Rajasthan Royals,Sawai Mansingh Stadium,Mumbai Indians,bat,0.577639751552795,0.5327868852459017,0.4,0.4,0.625,1,1,0.3142857142857143,35,1574.8759315956445,1507.2130124832001,67.66291911244434,8.005457375030781,7.480938833570411,9.398745828698555,7.986917677993196,9.400339558573853,6.0,6.0,8.005457375030781,7.480938833570411,9.398745828698555,7.986917677993196,9.400339558573853,6.0,6.0,0
1136582,2018,Punjab Kings,Delhi Capitals,Arun Jaitley Stadium,Delhi Capitals,field,0.48366013071895425,0.42,0.8,0.2,0.5714285714285714,0,0,0.5,0,1534.0374617902103,1431.491913795484,102.54554799472635,8.005457375030781,7.480938833570411,9.398745828698555,7.986917677993196,9.400339558573853,6.0,6.0,8.005457375030781,7.480938833570411,9.398745828698555,7.986917677993196,9.400339558573853,6.0,6.0,1
1136583,2018,Sunrisers Hyderabad,Mumbai Indians,Wankhede Stadium,Mumbai Indians,field,0.5555555555555556,0.5740740740740741,0.6,0.2,0.5454545454545454,0,0,0.5,60,1580.014532987841,1555.7987442253018,24.215788762539205,8.005457375030781,7.480938833570411,9.398745828698555,7.986917677993196,9.400339558573853,6.0,6.0,8.005457375030781,7.480938833570411,9.398745828698555,7.986917677993196,9.400339558573853,6.0,6.0,1
1136584,2018,Royal Challengers Bengaluru,Chennai Super Kings,M.Chinnaswamy Stadium,Chennai Super Kings,field,0.4838709677419355,0.6102941176470589,0.4,0.8,0.3684210526315789,0,0,0.5,4,1453.8369343734203,1622.795444731405,-168.95851035798478,8.005457375030781,7.480938833570411,9.398745828698555,7.986917677993196,9.400339558573853,6.0,6.0,8.005457375030781,7.480938833570411,9.398745828698555,7.986917677993196,9.400339558573853,6.0,6.0,0
1136585,2018,Sunrisers Hyderabad,Punjab Kings,Rajiv Gandhi International Stadium,Punjab Kings,field,0.5609756097560976,0.487012987012987,0.6,0.8,0.7272727272727273,0,0,0.3333333333333333,3,1594.9011570098523,1545.4475772870442,49.45357972280817,8.005457375030781,7.480938833570411,9.398745828698555,7.986917677993196,9.400339558573853,6.0,6.0,8.005457375030781,7.480938833570411,9.398745828698555,7.986917677993196,9.400339558573853,6.0,6.0,1
1136586,2018,Delhi Capitals,Kolkata Knight Riders,Arun Jaitley Stadium,Kolkata Knight Riders,field,0.41721854304635764,0.5194805194805194,0.2,0.4,0.35,0,0,1.0,1,1420.08179829865,1540.144542305966,-120.06274400731604,8.005457375030781,7.480938833570411,9.398745828698555,7.986917677993196,9.400339558573853,6.0,6.0,8.005457375030781,7.480938833570411,9.398745828698555,7.986917677993196,9.400339558573853,6.0,6.0,1
1136587,2018,Chennai Super Kings,Mumbai Indians,Maharashtra Cricket Association Stadium,Mumbai Indians,field,0.6131386861313869,0.5705521472392638,0.8,0.2,0.4782608695652174,0,0,0.4117647058823529,17,1631.5750255292683,1540.9121202032904,90.66290532597782,8.005457375030781,7.480938833570411,9.398745828698555,7.986917677993196,9.400339558573853,6.0,6.0,8.005457375030781,7.480938833570411,9.398745828698555,7.986917677993196,9.400339558573853,6.0,6.0,0
1136588,2018,Sunrisers Hyderabad,Rajasthan Royals,Sawai Mansingh Stadium,Sunrisers Hyderabad,bat,0.5662650602409639,0.5365853658536586,0.6,0.6,0.5,1,1,0.3055555555555556,36,1608.6389923188165,1526.2901998535428,82.34879246527362,8.005457375030781,7.480938833570411,9.398745828698555,7.986917677993196,9.400339558573853,6.0,6.0,8.005457375030781,7.480938833570411,9.398745828698555,7.986917677993196,9.400339558573853,6.0,6.0,1
1136589,2018,Royal Challengers Bengaluru,Kolkata Knight Riders,M.Chinnaswamy Stadium,Kolkata Knight Riders,field,0.4807692307692308,0.5161290322580645,0.4,0.4,0.42857142857142855,0,0,0.4,5,1445.057353575557,1518.8255104292332,-73.76815685367615,8.005457375030781,7.480938833570411,9.398745828698555,7.986917677993196,9.400339558573853,6.0,6.0,8.005457375030781,7.480938833570411,9.398745828698555,7.986917677993196,9.400339558573853,6.0,6.0,0
1136590,2018,Chennai Super Kings,Delhi Capitals,Maharashtra Cricket Association Stadium,Delhi Capitals,field,0.6086956521739131,0.42105263157894735,0.6,0.4,0.6875,0,0,0.3888888888888889,18,1611.492101054289,1441.400830175383,170.09127087890602,8.005457375030781,7.480938833570411,9.398745828698555,7.986917677993196,9.400339558573853,6.0,6.0,8.005457375030781,7.480938833570411,9.398745828698555,7.986917677993196,9.400339558573853,6.0,6.0,1
1136591,2018,Royal Challengers Bengaluru,Mumbai Indians,M.Chinnaswamy Stadium,Mumbai Indians,field,0.47770700636942676,0.573170731707317,0.2,0.4,0.36363636363636365,0,0,0.3333333333333333,6,1432.4043583053758,1560.9950446782698,-128.59068637289397,8.005457375030781,7.480938833570411,9.398745828698555,7.986917677993196,9.400339558573853,6.0,6.0,8.005457375030781,7.480938833570411,9.398745828698555,7.986917677993196,9.400339558573853,6.0,6.0,1
1136592,2018,Delhi Capitals,Rajasthan Royals,Arun Jaitley Stadium,Rajasthan Royals,field,0.41830065359477125,0.532258064516129,0.2,0.4,0.35294117647058826,0,0,1.0,2,1432.6627302237507,1514.0130476131808,-81.35031738943007,8.005457375030781,7.480938833570411,9.398745828698555,7.986917677993196,9.400339558573853,6.0,6.0,8.005457375030781,7.480938833570411,9.398745828698555,7.986917677993196,9.400339558573853,6.0,6.0,1
1136593,2018,Chennai Super Kings,Kolkata Knight Riders,Eden Gardens,Kolkata Knight Riders,field,0.6115107913669064,0.5192307692307693,0.8,0.6,0.6470588235294118,0,0,0.36923076923076925,65,1620.2302010059211,1531.4785056994144,88.75169530650669,8.005457375030781,7.480938833570411,9.398745828698555,7.986917677993196,9.400339558573853,6.0,6.0,8.005457375030781,7.480938833570411,9.398745828698555,7.986917677993196,9.400339558573853,6.0,6.0,0
1136594,2018,Punjab Kings,Mumbai Indians,Holkar Cricket Stadium,Mumbai Indians,field,0.4838709677419355,0.5696969696969697,0.8,0.4,0.5,0,0,0.0,5,1531.70974197808,1539.3295854502137,-7.6198434721336525,8.005457375030781,7.480938833570411,9.398745828698555,7.986917677993196,9.400339558573853,6.0,6.0,8.005457375030781,7.480938833570411,9.398745828698555,7.986917677993196,9.400339558573853,6.0,6.0,0
1136595,2018,Royal Challengers Bengaluru,Chennai Super Kings,Maharashtra Cricket Association Stadium,Chennai Super Kings,field,0.4810126582278481,0.6071428571428571,0.4,0.6,0.35,0,0,0.42105263157894735,19,1454.069817533432,1600.2296744902108,-146.15985695677887,8.005457375030781,7.480938833570411,9.398745828698555,7.986917677993196,9.400339558573853,6.0,6.0,8.005457375030781,7.480938833570411,9.398745828698555,7.986917677993196,9.400339558573853,6.0,6.0,0
1136596,2018,Delhi Capitals,Sunrisers Hyderabad,Rajiv Gandhi International Stadium,Delhi Capitals,bat,0.42207792207792205,0.5714285714285714,0.4,0.6,0.4,1,1,0.5,4,1452.3420569182476,1620.9161445591785,-168.57408764093088,8.005457375030781,7.480938833570411,9.398745828698555,7.986917677993196,9.400339558573853,6.0,6.0,8.005457375030781,7.480938833570411,9.398745828698555,7.986917677993196,9.400339558573853,6.0,6.0,0
1136597,2018,Mumbai Indians,Kolkata Knight Riders,Wankhede Stadium,Kolkata Knight Riders,field,0.572289156626506,0.5222929936305732,0.4,0.6,0.7619047619047619,0,0,0.5081967213114754,61,1554.97873494144,1551.4790322151248,3.499702726315263,8.005457375030781,7.480938833570411,9.398745828698555,7.986917677993196,9.400339558573853,6.0,6.0,8.005457375030781,7.480938833570411,9.398745828698555,7.986917677993196,9.400339558573853,6.0,6.0,1
1136598,2018,Rajasthan Royals,Punjab Kings,Holkar Cricket Stadium,Punjab Kings,field,0.528,0.4807692307692308,0.2,0.6,0.6,0,0,0.0,6,1494.3337209186839,1516.0605924868537,-21.726871568169827,8.005457375030781,7.480938833570411,9.398745828698555,7.986917677993196,9.400339558573853,6.0,6.0,8.005457375030781,7.480938833570411,9.398745828698555,7.986917677993196,9.400339558573853,6.0,6.0,0
1136599,2018,Sunrisers Hyderabad,Royal Challengers Bengaluru,Rajiv Gandhi International Stadium,Royal Challengers Bengaluru,field,0.5764705882352941,0.4779874213836478,0.8,0.4,0.6,0,0,0.4,5,1629.709830429669,1444.4298931772582,185.27993725241072,8.005457375030781,7.480938833570411,9.398745828698555,7.986917677993196,9.400339558573853,6.0,6.0,8.005457375030781,7.480938833570411,9.398745828698555,7.986917677993196,9.400339558573853,6.0,6.0,1
1136600,2018,Rajasthan Royals,Punjab Kings,Sawai Mansingh Stadium,Rajasthan Royals,bat,0.5238095238095238,0.4840764331210191,0.2,0.6,0.5625,1,1,0.32432432432432434,37,1479.3329780977087,1531.0613353078288,-51.728357210120066,8.005457375030781,7.480938833570411,9.398745828698555,7.986917677993196,9.400339558573853,6.0,6.0,8.005457375030781,7.480938833570411,9.398745828698555,7.986917677993196,9.400339558573853,6.0,6.0,1
1136601,2018,Mumbai Indians,Kolkata Knight Riders,Eden Gardens,Kolkata Knight Riders,field,0.5748502994011976,0.5189873417721519,0.6,0.4,0.7727272727272727,0,0,0.36363636363636365,66,1570.817573125582,1535.640194030983,35.17737909459902,8.005457375030781,7.480938833570411,9.398745828698555,7.986917677993196,9.400339558573853,6.0,6.0,8.005457375030781,7.480938833570411,9.398745828698555,7.986917677993196,9.400339558573853,6.0,6.0,1
1136602,2018,Delhi Capitals,Sunrisers Hyderabad,Arun Jaitley Stadium,Delhi Capitals,bat,0.41935483870967744,0.5813953488372093,0.4,1.0,0.36363636363636365,1,1,1.0,3,1443.5483710477572,1637.903698862673,-194.35532781491588,8.005457375030781,7.480938833570411,9.398745828698555,7.986917677993196,9.400339558573853,6.0,6.0,8.005457375030781,7.480938833570411,9.398745828698555,7.986917677993196,9.400339558573853,6.0,6.0,0
1136603,2018,Chennai Super Kings,Rajasthan Royals,Sawai Mansingh Stadium,Chennai Super Kings,bat,0.6099290780141844,0.5275590551181102,0.6,0.4,0.6666666666666666,1,1,0.34210526315789475,38,1609.8695988463844,1497.6977096728492,112.17188917353519,8.005457375030781,7.480938833570411,9.398745828698555,7.986917677993196,9.400339558573853,6.0,6.0,8.005457375030781,7.480938833570411,9.398745828698555,7.986917677993196,9.400339558573853,6.0,6.0,0
1136604,2018,Kolkata Knight Riders,Punjab Kings,Holkar Cricket Stadium,Punjab Kings,field,0.5157232704402516,0.4810126582278481,0.4,0.4,0.6363636363636364,0,0,0.0,7,1521.2546591903488,1512.6966037326883,8.55805545766043,8.005457375030781,7.480938833570411,9.398745828698555,7.986917677993196,9.400339558573853,6.0,6.0,8.005457375030781,7.480938833570411,9.398745828698555,7.986917677993196,9.400339558573853,6.0,6.0,1
1136605,2018,Delhi Capitals,Royal Challengers Bengaluru,Arun Jaitley Stadium,Royal Challengers Bengaluru,field,0.4166666666666667,0.475,0.4,0.2,0.3157894736842105,0,0,0.75,4,1435.6688802547167,1436.236024744254,-0.5671444895374407,8.005457375030781,7.480938833570411,9.398745828698555,7.986917677993196,9.400339558573853,6.0,6.0,8.005457375030781,7.480938833570411,9.398745828698555,7.986917677993196,9.400339558573853,6.0,6.0,0
1136606,2018,Sunrisers Hyderabad,Chennai Super Kings,Maharashtra Cricket Association Stadium,Chennai Super Kings,field,0.5862068965517241,0.6056338028169014,1.0,0.4,0.2857142857142857,0,0,0.4,20,1645.7831896557136,1588.8761967529326,56.906992902780985,8.005457375030781,7.480938833570411,9.398745828698555,7.986917677993196,9.400339558573853,6.0,6.0,8.005457375030781,7.480938833570411,9.398745828698555,7.986917677993196,9.400339558573853,6.0,6.0,0
1136607,2018,Mumbai Indians,Rajasthan Royals,Wankhede Stadium,Rajasthan Royals,field,0.5773809523809523,0.53125,0.8,0.4,0.5882352941176471,0,0,0.5161290322580645,62,1585.203107966216,1518.691111766301,66.51199619991507,8.005457375030781,7.480938833570411,9.398745828698555,7.986917677993196,9.400339558573853,6.0,6.0,8.005457375030781,7.480938833570411,9.398745828698555,7.986917677993196,9.400339558573853,6.0,6.0,0
1136608,2018,Punjab Kings,Royal Challengers Bengaluru,Holkar Cricket Stadium,Royal Challengers Bengaluru,field,0.4779874213836478,0.4782608695652174,0.2,0.4,0.5714285714285714,0,0,0.125,8,1497.0906370626099,1452.2099067985089,44.880730264100976,8.005457375030781,7.480938833570411,9.398745828698555,7.986917677993196,9.400339558573853,6.0,6.0,8.005457375030781,7.480938833570411,9.398745828698555,7.986917677993196,9.400339558573853,6.0,6.0,0
1136609,2018,Rajasthan Royals,Kolkata Knight Riders,Eden Gardens,Kolkata Knight Riders,field,0.5348837209302325,0.51875,0.6,0.6,0.5625,0,0,0.373134328358209,67,1537.7172252939745,1536.8606258604273,0.8565994335472169,8.005457375030781,7.480938833570411,9.398745828698555,7.986917677993196,9.400339558573853,6.0,6.0,8.005457375030781,7.480938833570411,9.398745828698555,7.986917677993196,9.400339558573853,6.0,6.0,0
1136610,2018,Mumbai Indians,Punjab Kings,Wankhede Stadium,Punjab Kings,field,0.5739644970414202,0.475,0.6,0.2,0.5238095238095238,0,0,0.5079365079365079,63,1566.1769944385428,1479.0352230677422,87.1417713708006,8.005457375030781,7.480938833570411,9.398745828698555,7.986917677993196,9.400339558573853,6.0,6.0,8.005457375030781,7.480938833570411,9.398745828698555,7.986917677993196,9.400339558573853,6.0,6.0,1
1136611,2018,Royal Challengers Bengaluru,Sunrisers Hyderabad,M.Chinnaswamy Stadium,Sunrisers Hyderabad,field,0.48148148148148145,0.5795454545454546,0.6,0.8,0.36363636363636365,0,0,0.42857142857142855,7,1470.2653207933765,1627.1857124195365,-156.92039162615993,8.005457375030781,7.480938833570411,9.398745828698555,7.986917677993196,9.400339558573853,6.0,6.0,8.005457375030781,7.480938833570411,9.398745828698555,7.986917677993196,9.400339558573853,6.0,6.0,1
1136612,2018,Delhi Capitals,Chennai Super Kings,Arun Jaitley Stadium,Chennai Super Kings,field,0.4140127388535032,0.6083916083916084,0.2,0.6,0.29411764705882354,0,0,0.6,5,1419.694998200462,1607.4736739891098,-187.7786757886479,8.005457375030781,7.480938833570411,9.398745828698555,7.986917677993196,9.400339558573853,6.0,6.0,8.005457375030781,7.480938833570411,9.398745828698555,7.986917677993196,9.400339558573853,6.0,6.0,1
1136613,2018,Rajasthan Royals,Royal Challengers Bengaluru,Sawai Mansingh Stadium,Rajasthan Royals,bat,0.5307692307692308,0.48466257668711654,0.6,0.6,0.5,1,1,0.3333333333333333,39,1521.677777512177,1493.0374325322066,28.64034497997045,8.005457375030781,7.480938833570411,9.398745828698555,7.986917677993196,9.400339558573853,6.0,6.0,8.005457375030781,7.480938833570411,9.398745828698555,7.986917677993196,9.400339558573853,6.0,6.0,1
1136614,2018,Sunrisers Hyderabad,Kolkata Knight Riders,Rajiv Gandhi International Stadium,Sunrisers Hyderabad,bat,0.5730337078651685,0.5217391304347826,0.6,0.6,0.38461538461538464,1,1,0.5,6,1604.4136006807064,1552.9000736422247,51.5135270384817,8.005457375030781,7.480938833570411,9.398745828698555,7.986917677993196,9.400339558573853,6.0,6.0,8.005457375030781,7.480938833570411,9.398745828698555,7.986917677993196,9.400339558573853,6.0,6.0,0
1136615,2018,Delhi Capitals,Mumbai Indians,Arun Jaitley Stadium,Delhi Capitals,bat,0.4177215189873418,0.5764705882352941,0.4,0.8,0.47619047619047616,1,1,0.6666666666666666,6,1443.5885024539523,1578.2460528284796,-134.65755037452732,8.005457375030781,7.480938833570411,9.398745828698555,7.986917677993196,9.400339558573853,6.0,6.0,8.005457375030781,7.480938833570411,9.398745828698555,7.986917677993196,9.400339558573853,6.0,6.0,1
1136616,2018,Punjab Kings,Chennai Super Kings,Maharashtra Cricket Association Stadium,Chennai Super Kings,field,0.4720496894409938,0.6041666666666666,0.2,0.4,0.4444444444444444,0,0,0.38095238095238093,21,1466.9661646778054,1583.5801697356194,-116.61400505781398,8.005457375030781,7.480938833570411,9.398745828698555,7.986917677993196,9.400339558573853,6.0,6.0,8.005457375030781,7.480938833570411,9.398745828698555,7.986917677993196,9.400339558573853,6.0,6.0,0
1136617,2018,Sunrisers Hyderabad,Chennai Super Kings,Wankhede Stadium,Chennai Super Kings,field,0.5666666666666667,0.6068965517241379,0.4,0.6,0.25,0,0,0.515625,64,1586.0585471788538,1594.4028690115817,-8.344321832727928,8.005457375030781,7.480938833570411,9.398745828698555,7.986917677993196,9.400339558573853,6.0,6.0,8.005457375030781,7.480938833570411,9.398745828698555,7.986917677993196,9.400339558573853,6.0,6.0,0
1136618,2018,Kolkata Knight Riders,Rajasthan Royals,Eden Gardens,Rajasthan Royals,field,0.5246913580246914,0.5343511450381679,0.6,0.8,0.47058823529411764,0,0,0.36764705882352944,68,1571.2551271440773,1536.3618203041042,34.89330683997309,8.005457375030781,7.480938833570411,9.398745828698555,7.986917677993196,9.400339558573853,6.0,6.0,8.005457375030781,7.480938833570411,9.398745828698555,7.986917677993196,9.400339558573853,6.0,6.0,1
1136619,2018,Sunrisers Hyderabad,Kolkata Knight Riders,Eden Gardens,Kolkata Knight Riders,field,0.5604395604395604,0.5276073619631901,0.2,0.8,0.35714285714285715,0,0,0.37681159420289856,69,1570.4427435334032,1585.653611864773,-15.210868331369738,8.005457375030781,7.480938833570411,9.398745828698555,7.986917677993196,9.400339558573853,6.0,6.0,8.005457375030781,7.480938833570411,9.398745828698555,7.986917677993196,9.400339558573853,6.0,6.0,1
1136620,2018,Sunrisers Hyderabad,Chennai Super Kings,Wankhede Stadium,Chennai Super Kings,field,0.5652173913043478,0.6095890410958904,0.2,0.6,0.2222222222222222,0,0,0.5076923076923077,65,1587.1427827035127,1610.0186726570323,-22.875889953519618,8.005457375030781,7.480938833570411,9.398745828698555,7.986917677993196,9.400339558573853,6.0,6.0,8.005457375030781,7.480938833570411,9.398745828698555,7.986917677993196,9.400339558573853,6.0,6.0,0
1175356,2019,Royal Challengers Bengaluru,Chennai Super Kings,MA Chidambaram Stadium,Chennai Super Kings,field,0.4817073170731707,0.6122448979591837,0.6,0.8,0.3333333333333333,0,0,0.0,1,1478.3533897402795,1624.966718691486,-146.61332895120654,8.005457375030781,7.480938833570411,9.398745828698555,7.986917677993196,9.400339558573853,6.0,6.0,8.005457375030781,7.480938833570411,9.398745828698555,7.986917677993196,9.400339558573853,6.0,6.0,0
1175357,2019,Sunrisers Hyderabad,Kolkata Knight Riders,Eden Gardens,Kolkata Knight Riders,field,0.5591397849462365,0.524390243902439,0.2,0.8,0.4,0,0,0.38571428571428573,70,1572.194736669059,1568.9535726946635,3.2411639743954765,8.005457375030781,7.480938833570411,9.398745828698555,7.986917677993196,9.400339558573853,6.0,6.0,8.005457375030781,7.480938833570411,9.398745828698555,7.986917677993196,9.400339558573853,6.0,6.0,0
1175358,2019,Delhi Capitals,Mumbai Indians,Wankhede Stadium,Mumbai Indians,field,0.42138364779874216,0.5730994152046783,0.4,0.6,0.5,0,0,0.5,66,1465.4967949488725,1556.3377603335593,-90.8409653846868,8.005457375030781,7.480938833570411,9.398745828698555,7.986917677993196,9.400339558573853,6.0,6.0,8.005457375030781,7.480938833570411,9.398745828698555,7.986917677993196,9.400339558573853,6.0,6.0,1
1175359,2019,Punjab Kings,Rajasthan Royals,Sawai Mansingh Stadium,Rajasthan Royals,field,0.4691358024691358,0.5303030303030303,0.0,0.6,0.4117647058823529,0,0,0.35,40,1456.143465401843,1521.9633355834085,-65.81987018156542,8.005457375030781,7.480938833570411,9.398745828698555,7.986917677993196,9.400339558573853,6.0,6.0,8.005457375030781,7.480938833570411,9.398745828698555,7.986917677993196,9.400339558573853,6.0,6.0,1
1175360,2019,Delhi Capitals,Chennai Super Kings,Arun Jaitley Stadium,Delhi Capitals,bat,0.425,0.6148648648648649,0.6,0.8,0.3333333333333333,1,1,0.7142857142857143,7,1485.587384421861,1634.5890687663064,-149.00168434444527,8.005457375030781,7.480938833570411,9.398745828698555,7.986917677993196,9.400339558573853,6.0,6.0,8.005457375030781,7.480938833570411,9.398745828698555,7.986917677993196,9.400339558573853,6.0,6.0,0
1175361,2019,Kolkata Knight Riders,Punjab Kings,Eden Gardens,Punjab Kings,field,0.5272727272727272,0.4723926380368098,0.8,0.2,0.6521739130434783,0,0,0.38028169014084506,71,1585.1028294819323,1475.1388339536202,109.96399552831213,8.005457375030781,7.480938833570411,9.398745828698555,7.986917677993196,9.400339558573853,6.0,6.0,8.005457375030781,7.480938833570411,9.398745828698555,7.986917677993196,9.400339558573853,6.0,6.0,1
1175362,2019,Mumbai Indians,Royal Challengers Bengaluru,M.Chinnaswamy Stadium,Royal Challengers Bengaluru,field,0.5697674418604651,0.47878787878787876,0.4,0.6,0.6086956521739131,0,0,0.5,8,1536.2471708605708,1468.731039665459,67.51613119511171,8.005457375030781,7.480938833570411,9.398745828698555,7.986917677993196,9.400339558573853,6.0,6.0,8.005457375030781,7.480938833570411,9.398745828698555,7.986917677993196,9.400339558573853,6.0,6.0,1
1175363,2019,Rajasthan Royals,Sunrisers Hyderabad,Rajiv Gandhi International Stadium,Rajasthan Royals,bat,0.5263157894736842,0.5531914893617021,0.4,0.2,0.4444444444444444,1,1,0.42857142857142855,7,1502.9679670316314,1556.0454798817902,-53.07751285015888,8.005457375030781,7.480938833570411,9.398745828698555,7.986917677993196,9.400339558573853,6.0,6.0,8.005457375030781,7.480938833570411,9.398745828698555,7.986917677993196,9.400339558573853,6.0,6.0,0
1175364,2019,Mumbai Indians,Punjab Kings,Punjab Cricket Association IS Bindra Stadium,Punjab Kings,field,0.5722543352601156,0.4695121951219512,0.4,0.2,0.5454545454545454,0,0,0.6666666666666666,3,1549.1764938154554,1464.0402808855515,85.13621292990388,8.005457375030781,7.480938833570411,9.398745828698555,7.986917677993196,9.400339558573853,6.0,6.0,8.005457375030781,7.480938833570411,9.398745828698555,7.986917677993196,9.400339558573853,6.0,6.0,0
1175365,2019,Kolkata Knight Riders,Delhi Capitals,Arun Jaitley Stadium,Delhi Capitals,field,0.5301204819277109,0.422360248447205,0.8,0.6,0.6190476190476191,0,0,0.625,8,1596.201382550001,1476.057292572496,120.14408997750502,8.005457375030781,7.480938833570411,9.398745828698555,7.986917677993196,9.400339558573853,6.0,6.0,8.005457375030781,7.480938833570411,9.398745828698555,7.986917677993196,9.400339558573853,6.0,6.0,0
1175366,2019,Sunrisers Hyderabad,Royal Challengers Bengaluru,Rajiv Gandhi International Stadium,Royal Challengers Bengaluru,field,0.5578947368421052,0.4759036144578313,0.4,0.4,0.5833333333333334,0,0,0.375,8,1569.6200097189155,1455.8017167105745,113.81829300834102,8.005457375030781,7.480938833570411,9.398745828698555,7.986917677993196,9.400339558573853,6.0,6.0,8.005457375030781,7.480938833570411,9.398745828698555,7.986917677993196,9.400339558573853,6.0,6.0,1
1175367,2019,Chennai Super Kings,Rajasthan Royals,MA Chidambaram Stadium,Rajasthan Royals,field,0.6174496644295302,0.5223880597014925,1.0,0.2,0.631578947368421,0,0,0.0,2,1644.1191606156717,1489.393437194506,154.72572342116564,8.005457375030781,7.480938833570411,9.398745828698555,7.986917677993196,9.400339558573853,6.0,6.0,8.005457375030781,7.480938833570411,9.398745828698555,7.986917677993196,9.400339558573853,6.0,6.0,1
1175368,2019,Punjab Kings,Delhi Capitals,Punjab Cricket Association IS Bindra Stadium,Delhi Capitals,field,0.4727272727272727,0.42592592592592593,0.4,0.8,0.5909090909090909,0,0,0.5,4,1483.8843156935918,1497.3796563039016,-13.495340610309768,8.005457375030781,7.480938833570411,9.398745828698555,7.986917677993196,9.400339558573853,6.0,6.0,8.005457375030781,7.480938833570411,9.398745828698555,7.986917677993196,9.400339558573853,6.0,6.0,1
1175369,2019,Royal Challengers Bengaluru,Rajasthan Royals,Sawai Mansingh Stadium,Rajasthan Royals,field,0.47305389221556887,0.5185185185185185,0.2,0.2,0.47058823529411764,0,0,0.36585365853658536,41,1444.8634521936096,1480.0823654460576,-35.21891325244792,8.005457375030781,7.480938833570411,9.398745828698555,7.986917677993196,9.400339558573853,6.0,6.0,8.005457375030781,7.480938833570411,9.398745828698555,7.986917677993196,9.400339558573853,6.0,6.0,0
1175370,2019,Mumbai Indians,Chennai Super Kings,Wankhede Stadium,Chennai Super Kings,field,0.5689655172413793,0.62,0.4,1.0,0.5416666666666666,0,0,0.5074626865671642,67,1529.332459007415,1653.4302323641202,-124.09777335670515,8.005457375030781,7.480938833570411,9.398745828698555,7.986917677993196,9.400339558573853,6.0,6.0,8.005457375030781,7.480938833570411,9.398745828698555,7.986917677993196,9.400339558573853,6.0,6.0,1
1175371,2019,Delhi Capitals,Sunrisers Hyderabad,Arun Jaitley Stadium,Sunrisers Hyderabad,field,0.4233128834355828,0.5625,0.6,0.6,0.3333333333333333,0,0,0.5555555555555556,9,1480.7584852687764,1580.5582742358804,-99.79978896710395,8.005457375030781,7.480938833570411,9.398745828698555,7.986917677993196,9.400339558573853,6.0,6.0,8.005457375030781,7.480938833570411,9.398745828698555,7.986917677993196,9.400339558573853,6.0,6.0,0
1175372,2019,Royal Challengers Bengaluru,Kolkata Knight Riders,M.Chinnaswamy Stadium,Kolkata Knight Riders,field,0.47023809523809523,0.5269461077844312,0.0,0.6,0.4090909090909091,0,0,0.5555555555555556,9,1430.4798105741866,1574.8790188185953,-144.39920824440878,8.005457375030781,7.480938833570411,9.398745828698555,7.986917677993196,9.400339558573853,6.0,6.0,8.005457375030781,7.480938833570411,9.398745828698555,7.986917677993196,9.400339558573853,6.0,6.0,0
1178393,2019,Chennai Super Kings,Punjab Kings,MA Chidambaram Stadium,Chennai Super Kings,bat,0.6158940397350994,0.4759036144578313,0.8,0.6,0.5789473684210527,1,1,0.3333333333333333,3,1631.9465596601447,1500.505486728717,131.4410729314277,8.005457375030781,7.480938833570411,9.398745828698555,7.986917677993196,9.400339558573853,6.0,6.0,8.005457375030781,7.480938833570411,9.398745828698555,7.986917677993196,9.400339558573853,6.0,6.0,1
1178394,2019,Mumbai Indians,Sunrisers Hyderabad,Rajiv Gandhi International Stadium,Sunrisers Hyderabad,field,0.5714285714285714,0.5670103092783505,0.4,0.6,0.4166666666666667,0,0,0.4444444444444444,9,1550.8161317113907,1592.0846921478421,-41.26856043645148,8.005457375030781,7.480938833570411,9.398745828698555,7.986917677993196,9.400339558573853,6.0,6.0,8.005457375030781,7.480938833570411,9.398745828698555,7.986917677993196,9.400339558573853,6.0,6.0,1
1178395,2019,Royal Challengers Bengaluru,Delhi Capitals,M.Chinnaswamy Stadium,Delhi Capitals,field,0.46745562130177515,0.42073170731707316,0.0,0.4,0.7,0,0,0.5,10,1420.7714797264393,1469.2320673568147,-48.46058763037536,8.005457375030781,7.480938833570411,9.398745828698555,7.986917677993196,9.400339558573853,6.0,6.0,8.005457375030781,7.480938833570411,9.398745828698555,7.986917677993196,9.400339558573853,6.0,6.0,0
1178396,2019,Rajasthan Royals,Kolkata Knight Riders,Sawai Mansingh Stadium,Kolkata Knight Riders,field,0.5220588235294118,0.5297619047619048,0.2,0.6,0.5,0,0,0.35714285714285715,42,1494.4660070654807,1584.5873496663426,-90.12134260086191,8.005457375030781,7.480938833570411,9.398745828698555,7.986917677993196,9.400339558573853,6.0,6.0,8.005457375030781,7.480938833570411,9.398745828698555,7.986917677993196,9.400339558573853,6.0,6.0,0
1178397,2019,Sunrisers Hyderabad,Punjab Kings,Punjab Cricket Association IS Bindra Stadium,Punjab Kings,field,0.5612244897959183,0.47305389221556887,0.6,0.6,0.75,0,0,0.6,5,1574.1930924168687,1490.285417899921,83.90767451694774,8.005457375030781,7.480938833570411,9.398745828698555,7.986917677993196,9.400339558573853,6.0,6.0,8.005457375030781,7.480938833570411,9.398745828698555,7.986917677993196,9.400339558573853,6.0,6.0,0
1178398,2019,Kolkata Knight Riders,Chennai Super Kings,MA Chidambaram Stadium,Chennai Super Kings,field,0.5325443786982249,0.618421052631579,0.8,0.8,0.3888888888888889,0,0,0.5,4,1596.5277502938188,1642.1666284889407,-45.63887819512183,8.005457375030781,7.480938833570411,9.398745828698555,7.986917677993196,9.400339558573853,6.0,6.0,8.005457375030781,7.480938833570411,9.398745828698555,7.986917677993196,9.400339558573853,6.0,6.0,0
1178399,2019,Punjab Kings,Mumbai Indians,Wankhede Stadium,Mumbai Indians,field,0.47619047619047616,0.5738636363636364,0.6,0.6,0.4782608695652174,0,0,0.5147058823529411,68,1510.0760969638277,1568.707731442364,-58.6316344785364,8.005457375030781,7.480938833570411,9.398745828698555,7.986917677993196,9.400339558573853,6.0,6.0,8.005457375030781,7.480938833570411,9.398745828698555,7.986917677993196,9.400339558573853,6.0,6.0,0
1178400,2019,Rajasthan Royals,Chennai Super Kings,Sawai Mansingh Stadium,Chennai Super Kings,field,0.5182481751824818,0.6209150326797386,0.2,0.8,0.35,0,0,0.3488372093023256,43,1482.5256064380044,1656.0768863491976,-173.5512799111932,8.005457375030781,7.480938833570411,9.398745828698555,7.986917677993196,9.400339558573853,6.0,6.0,8.005457375030781,7.480938833570411,9.398745828698555,7.986917677993196,9.400339558573853,6.0,6.0,0
1178401,2019,Kolkata Knight Riders,Delhi Capitals,Eden Gardens,Delhi Capitals,field,0.5294117647058824,0.42424242424242425,0.6,0.4,0.5909090909090909,0,0,0.3888888888888889,72,1582.617492433562,1483.0147355227746,99.60275691078732,8.005457375030781,7.480938833570411,9.398745828698555,7.986917677993196,9.400339558573853,6.0,6.0,8.005457375030781,7.480938833570411,9.398745828698555,7.986917677993196,9.400339558573853,6.0,6.0,0
1178402,2019,Mumbai Indians,Rajasthan Royals,Wankhede Stadium,Rajasthan Royals,field,0.576271186440678,0.5144927536231884,0.8,0.2,0.5555555555555556,0,0,0.5072463768115942,69,1582.0329876139408,1473.913448980085,108.11953863385588,8.005457375030781,7.480938833570411,9.398745828698555,7.986917677993196,9.400339558573853,6.0,6.0,8.005457375030781,7.480938833570411,9.398745828698555,7.986917677993196,9.400339558573853,6.0,6.0,0
1178403,2019,Punjab Kings,Royal Challengers Bengaluru,Punjab Cricket Association IS Bindra Stadium,Royal Challengers Bengaluru,field,0.47337278106508873,0.4647058823529412,0.6,0.0,0.5454545454545454,0,0,0.5,6,1496.750840792251,1406.9888115604795,89.76202923177152,8.005457375030781,7.480938833570411,9.398745828698555,7.986917677993196,9.400339558573853,6.0,6.0,8.005457375030781,7.480938833570411,9.398745828698555,7.986917677993196,9.400339558573853,6.0,6.0,0
1178404,2019,Kolkata Knight Riders,Chennai Super Kings,Eden Gardens,Chennai Super Kings,field,0.5263157894736842,0.6233766233766234,0.4,0.8,0.3684210526315789,0,0,0.3835616438356164,73,1562.152275994278,1664.689043807117,-102.53676781283912,8.005457375030781,7.480938833570411,9.398745828698555,7.986917677993196,9.400339558573853,6.0,6.0,8.005457375030781,7.480938833570411,9.398745828698555,7.986917677993196,9.400339558573853,6.0,6.0,0
1178405,2019,Delhi Capitals,Sunrisers Hyderabad,Rajiv Gandhi International Stadium,Sunrisers Hyderabad,field,0.42771084337349397,0.5555555555555556,0.6,0.6,0.3076923076923077,0,0,0.5,10,1503.4799519620585,1554.402413352962,-50.922461390903436,8.005457375030781,7.480938833570411,9.398745828698555,7.986917677993196,9.400339558573853,6.0,6.0,8.005457375030781,7.480938833570411,9.398745828698555,7.986917677993196,9.400339558573853,6.0,6.0,1
1178406,2019,Royal Challengers Bengaluru,Mumbai Indians,Wankhede Stadium,Mumbai Indians,field,0.4678362573099415,0.5730337078651685,0.2,0.6,0.375,0,0,0.5,70,1427.0329251179658,1561.2086345297832,-134.17570941181748,8.005457375030781,7.480938833570411,9.398745828698555,7.986917677993196,9.400339558573853,6.0,6.0,8.005457375030781,7.480938833570411,9.398745828698555,7.986917677993196,9.400339558573853,6.0,6.0,0
1178407,2019,Punjab Kings,Rajasthan Royals,Punjab Cricket Association IS Bindra Stadium,Rajasthan Royals,field,0.47058823529411764,0.5179856115107914,0.4,0.4,0.4444444444444444,0,0,0.42857142857142855,7,1476.7067272347647,1494.7378020642425,-18.031074829477802,8.005457375030781,7.480938833570411,9.398745828698555,7.986917677993196,9.400339558573853,6.0,6.0,8.005457375030781,7.480938833570411,9.398745828698555,7.986917677993196,9.400339558573853,6.0,6.0,1
1178408,2019,Chennai Super Kings,Sunrisers Hyderabad,Rajiv Gandhi International Stadium,Chennai Super Kings,bat,0.6258064516129033,0.55,0.8,0.4,0.8,1,1,0.5454545454545454,11,1676.0995303743669,1536.0739963581848,140.02553401618206,8.005457375030781,7.480938833570411,9.398745828698555,7.986917677993196,9.400339558573853,6.0,6.0,8.005457375030781,7.480938833570411,9.398745828698555,7.986917677993196,9.400339558573853,6.0,6.0,0
1178409,2019,Mumbai Indians,Delhi Capitals,Arun Jaitley Stadium,Mumbai Indians,bat,0.5754189944134078,0.4311377245508982,0.8,0.6,0.4782608695652174,1,1,0.5,10,1571.3195156855572,1521.8083689568357,49.51114672872154,8.005457375030781,7.480938833570411,9.398745828698555,7.986917677993196,9.400339558573853,6.0,6.0,8.005457375030781,7.480938833570411,9.398745828698555,7.986917677993196,9.400339558573853,6.0,6.0,1
1178410,2019,Royal Challengers Bengaluru,Kolkata Knight Riders,Eden Gardens,Kolkata Knight Riders,field,0.46511627906976744,0.5232558139534884,0.2,0.4,0.391304347826087,0,0,0.3783783783783784,74,1416.9220439621918,1550.7417894270282,-133.8197454648364,8.005457375030781,7.480938833570411,9.398745828698555,7.986917677993196,9.400339558573853,6.0,6.0,8.005457375030781,7.480938833570411,9.398745828698555,7.986917677993196,9.400339558573853,6.0,6.0,1
1178411,2019,Mumbai Indians,Rajasthan Royals,Sawai Mansingh Stadium,Rajasthan Royals,field,0.5777777777777777,0.5142857142857142,0.8,0.4,0.5263157894736842,0,0,0.3409090909090909,44,1585.0547529909475,1477.908185067749,107.14656792319852,8.005457375030781,7.480938833570411,9.398745828698555,7.986917677993196,9.400339558573853,6.0,6.0,8.005457375030781,7.480938833570411,9.398745828698555,7.986917677993196,9.400339558573853,6.0,6.0,0
1178412,2019,Punjab Kings,Delhi Capitals,Arun Jaitley Stadium,Delhi Capitals,field,0.47368421052631576,0.42857142857142855,0.4,0.6,0.6086956521739131,0,0,0.5454545454545454,11,1493.5363442312582,1508.0731316514455,-14.536787420187238,8.005457375030781,7.480938833570411,9.398745828698555,7.986917677993196,9.400339558573853,6.0,6.0,8.005457375030781,7.480938833570411,9.398745828698555,7.986917677993196,9.400339558573853,6.0,6.0,0
1178414,2019,Royal Challengers Bengaluru,Chennai Super Kings,M.Chinnaswamy Stadium,Chennai Super Kings,field,0.4682080924855491,0.6217948717948718,0.4,0.8,0.3181818181818182,0,0,0.45454545454545453,11,1438.7969855344393,1653.9789696548105,-215.18198412037123,8.005457375030781,7.480938833570411,9.398745828698555,7.986917677993196,9.400339558573853,6.0,6.0,8.005457375030781,7.480938833570411,9.398745828698555,7.986917677993196,9.400339558573853,6.0,6.0,1
1178413,2019,Kolkata Knight Riders,Sunrisers Hyderabad,Rajiv Gandhi International Stadium,Sunrisers Hyderabad,field,0.5202312138728323,0.5544554455445545,0.2,0.4,0.625,0,0,0.5,12,1528.8668478547806,1558.1945570777411,-29.327709222960493,8.005457375030781,7.480938833570411,9.398745828698555,7.986917677993196,9.400339558573853,6.0,6.0,8.005457375030781,7.480938833570411,9.398745828698555,7.986917677993196,9.400339558573853,6.0,6.0,0
1178415,2019,Rajasthan Royals,Delhi Capitals,Sawai Mansingh Stadium,Delhi Capitals,field,0.5177304964539007,0.4319526627218935,0.4,0.8,0.6111111111111112,0,0,0.3333333333333333,45,1498.6917705269768,1523.4040782218128,-24.712307694836,8.005457375030781,7.480938833570411,9.398745828698555,7.986917677993196,9.400339558573853,6.0,6.0,8.005457375030781,7.480938833570411,9.398745828698555,7.986917677993196,9.400339558573853,6.0,6.0,0
1178416,2019,Sunrisers Hyderabad,Chennai Super Kings,MA Chidambaram Stadium,Chennai Super Kings,field,0.5588235294117647,0.6178343949044586,0.4,0.6,0.2727272727272727,0,0,0.4,5,1572.847164861867,1629.1682369342257,-56.321072072358675,8.005457375030781,7.480938833570411,9.398745828698555,7.986917677993196,9.400339558573853,6.0,6.0,8.005457375030781,7.480938833570411,9.398745828698555,7.986917677993196,9.400339558573853,6.0,6.0,0
1178417,2019,Royal Challengers Bengaluru,Punjab Kings,M.Chinnaswamy Stadium,Punjab Kings,field,0.47126436781609193,0.47093023255813954,0.6,0.4,0.4782608695652174,0,0,0.5,12,1463.607718255024,1478.2053976608909,-14.597679405866756,8.005457375030781,7.480938833570411,9.398745828698555,7.986917677993196,9.400339558573853,6.0,6.0,8.005457375030781,7.480938833570411,9.398745828698555,7.986917677993196,9.400339558573853,6.0,6.0,1
1178418,2019,Kolkata Knight Riders,Rajasthan Royals,Eden Gardens,Rajasthan Royals,field,0.5172413793103449,0.5140845070422535,0.0,0.4,0.5263157894736842,0,0,0.38666666666666666,75,1514.2142400706548,1483.8278990489023,30.386341021752514,8.005457375030781,7.480938833570411,9.398745828698555,7.986917677993196,9.400339558573853,6.0,6.0,8.005457375030781,7.480938833570411,9.398745828698555,7.986917677993196,9.400339558573853,6.0,6.0,0
1178419,2019,Mumbai Indians,Chennai Super Kings,MA Chidambaram Stadium,Chennai Super Kings,field,0.574585635359116,0.620253164556962,0.6,0.6,0.56,0,0,0.3333333333333333,6,1564.2711675317196,1642.597038390405,-78.32587085868545,8.005457375030781,7.480938833570411,9.398745828698555,7.986917677993196,9.400339558573853,6.0,6.0,8.005457375030781,7.480938833570411,9.398745828698555,7.986917677993196,9.400339558573853,6.0,6.0,1
1178420,2019,Sunrisers Hyderabad,Rajasthan Royals,Sawai Mansingh Stadium,Rajasthan Royals,field,0.5533980582524272,0.5174825174825175,0.4,0.6,0.6,0,0,0.32608695652173914,46,1559.4183634056876,1501.2236847622426,58.19467864344506,8.005457375030781,7.480938833570411,9.398745828698555,7.986917677993196,9.400339558573853,6.0,6.0,8.005457375030781,7.480938833570411,9.398745828698555,7.986917677993196,9.400339558573853,6.0,6.0,0
1178422,2019,Kolkata Knight Riders,Mumbai Indians,Eden Gardens,Mumbai Indians,field,0.5142857142857142,0.5769230769230769,0.0,0.6,0.21739130434782608,0,0,0.3815789473684211,76,1496.8184543573147,1583.818317327936,-86.99986297062128,8.005457375030781,7.480938833570411,9.398745828698555,7.986917677993196,9.400339558573853,6.0,6.0,8.005457375030781,7.480938833570411,9.398745828698555,7.986917677993196,9.400339558573853,6.0,6.0,1
1178421,2019,Delhi Capitals,Royal Challengers Bengaluru,Arun Jaitley Stadium,Delhi Capitals,bat,0.43529411764705883,0.4742857142857143,0.8,0.8,0.3333333333333333,1,1,0.5,12,1538.2679496998874,1480.2795709403947,57.98837875949266,8.005457375030781,7.480938833570411,9.398745828698555,7.986917677993196,9.400339558573853,6.0,6.0,8.005457375030781,7.480938833570411,9.398745828698555,7.986917677993196,9.400339558573853,6.0,6.0,1
1178423,2019,Sunrisers Hyderabad,Punjab Kings,Rajiv Gandhi International Stadium,Punjab Kings,field,0.5480769230769231,0.4682080924855491,0.4,0.2,0.6923076923076923,0,0,0.46153846153846156,13,1540.7631838888578,1461.5335449755203,79.22963891333757,8.005457375030781,7.480938833570411,9.398745828698555,7.986917677993196,9.400339558573853,6.0,6.0,8.005457375030781,7.480938833570411,9.398745828698555,7.986917677993196,9.400339558573853,6.0,6.0,1
1178425,2019,Chennai Super Kings,Delhi Capitals,MA Chidambaram Stadium,Delhi Capitals,field,0.6163522012578616,0.43859649122807015,0.4,0.8,0.6842105263157895,0,0,0.42857142857142855,7,1623.0498885941886,1551.6220099201998,71.42787867398874,8.005457375030781,7.480938833570411,9.398745828698555,7.986917677993196,9.400339558573853,6.0,6.0,8.005457375030781,7.480938833570411,9.398745828698555,7.986917677993196,9.400339558573853,6.0,6.0,1
1178426,2019,Mumbai Indians,Sunrisers Hyderabad,Wankhede Stadium,Mumbai Indians,bat,0.5737704918032787,0.5523809523809524,0.6,0.6,0.46153846153846156,1,1,0.49295774647887325,71,1563.893516993467,1553.1764825387618,10.7170344547053,8.005457375030781,7.480938833570411,9.398745828698555,7.986917677993196,9.400339558573853,6.0,6.0,8.005457375030781,7.480938833570411,9.398745828698555,7.986917677993196,9.400339558573853,6.0,6.0,1
1178427,2019,Punjab Kings,Kolkata Knight Riders,Punjab Cricket Association IS Bindra Stadium,Kolkata Knight Riders,field,0.46551724137931033,0.5170454545454546,0.2,0.2,0.3333333333333333,0,0,0.5,8,1449.1202463256163,1516.7432546917837,-67.62300836616737,8.005457375030781,7.480938833570411,9.398745828698555,7.986917677993196,9.400339558573853,6.0,6.0,8.005457375030781,7.480938833570411,9.398745828698555,7.986917677993196,9.400339558573853,6.0,6.0,0
1178428,2019,Rajasthan Royals,Delhi Capitals,Arun Jaitley Stadium,Rajasthan Royals,bat,0.5208333333333334,0.436046511627907,0.6,0.6,0.5789473684210527,1,1,0.5384615384615384,13,1519.8788642790723,1538.8658131316236,-18.986948852551222,8.005457375030781,7.480938833570411,9.398745828698555,7.986917677993196,9.400339558573853,6.0,6.0,8.005457375030781,7.480938833570411,9.398745828698555,7.986917677993196,9.400339558573853,6.0,6.0,0
1178429,2019,Sunrisers Hyderabad,Royal Challengers Bengaluru,M.Chinnaswamy Stadium,Royal Challengers Bengaluru,field,0.5471698113207547,0.4715909090909091,0.4,0.6,0.6153846153846154,0,0,0.5384615384615384,13,1537.6698637430763,1466.9255107200822,70.74435302299412,8.005457375030781,7.480938833570411,9.398745828698555,7.986917677993196,9.400339558573853,6.0,6.0,8.005457375030781,7.480938833570411,9.398745828698555,7.986917677993196,9.400339558573853,6.0,6.0,0
1178430,2019,Chennai Super Kings,Punjab Kings,Punjab Cricket Association IS Bindra Stadium,Punjab Kings,field,0.61875,0.46285714285714286,0.4,0.2,0.6,0,0,0.4444444444444444,9,1635.8060853827649,1436.195663682563,199.61042170020187,8.005457375030781,7.480938833570411,9.398745828698555,7.986917677993196,9.400339558573853,6.0,6.0,8.005457375030781,7.480938833570411,9.398745828698555,7.986917677993196,9.400339558573853,6.0,6.0,0
1178431,2019,Kolkata Knight Riders,Mumbai Indians,Wankhede Stadium,Mumbai Indians,field,0.519774011299435,0.5760869565217391,0.4,0.6,0.25,0,0,0.5,72,1529.6678373348373,1579.4001357891525,-49.73229845431524,8.005457375030781,7.480938833570411,9.398745828698555,7.986917677993196,9.400339558573853,6.0,6.0,8.005457375030781,7.480938833570411,9.398745828698555,7.986917677993196,9.400339558573853,6.0,6.0,0
1181764,2019,Chennai Super Kings,Mumbai Indians,MA Chidambaram Stadium,Chennai Super Kings,bat,0.6149068322981367,0.5783783783783784,0.4,0.6,0.4230769230769231,1,1,0.5,8,1611.5072903651305,1593.125393633977,18.381896731153574,8.005457375030781,7.480938833570411,9.398745828698555,7.986917677993196,9.400339558573853,6.0,6.0,8.005457375030781,7.480938833570411,9.398745828698555,7.986917677993196,9.400339558573853,6.0,6.0,0
1181766,2019,Sunrisers Hyderabad,Delhi Capitals,Dr. Y.S. Rajasekhara Reddy ACA-VDCA Cricket Stadium,Delhi Capitals,field,0.5420560747663551,0.4393063583815029,0.2,0.8,0.6428571428571429,0,0,0.5454545454545454,11,1518.4562562487868,1553.99230123034,-35.53604498155323,8.005457375030781,7.480938833570411,9.398745828698555,7.986917677993196,9.400339558573853,6.0,6.0,8.005457375030781,7.480938833570411,9.398745828698555,7.986917677993196,9.400339558573853,6.0,6.0,0
1181767,2019,Delhi Capitals,Chennai Super Kings,Dr. Y.S. Rajasekhara Reddy ACA-VDCA Cricket Stadium,Chennai Super Kings,field,0.4425287356321839,0.6111111111111112,0.8,0.4,0.3,0,0,0.5,12,1568.3614887769038,1594.6615617078276,-26.30007293092376,8.005457375030781,7.480938833570411,9.398745828698555,7.986917677993196,9.400339558573853,6.0,6.0,8.005457375030781,7.480938833570411,9.398745828698555,7.986917677993196,9.400339558573853,6.0,6.0,0
1181768,2019,Mumbai Indians,Chennai Super Kings,Rajiv Gandhi International Stadium,Mumbai Indians,bat,0.5806451612903226,0.6134969325153374,0.8,0.4,0.5925925925925926,1,1,0.5,14,1609.97112229128,1609.4527066786761,0.5184156126038033,8.005457375030781,7.480938833570411,9.398745828698555,7.986917677993196,9.400339558573853,6.0,6.0,8.005457375030781,7.480938833570411,9.398745828698555,7.986917677993196,9.400339558573853,6.0,6.0,1
1216492,2020/21,Mumbai Indians,Chennai Super Kings,Sheikh Zayed Stadium,Chennai Super Kings,field,0.5828877005347594,0.6097560975609756,0.8,0.4,0.6071428571428571,0,0,0.5714285714285714,7,1625.9472483877666,1593.4765805821894,32.47066780557725,8.005457375030781,7.480938833570411,9.398745828698555,7.986917677993196,9.400339558573853,6.0,6.0,8.005457375030781,7.480938833570411,9.398745828698555,7.986917677993196,9.400339558573853,6.0,6.0,0
1216493,2020/21,Delhi Capitals,Punjab Kings,Dubai International Cricket Stadium,Punjab Kings,field,0.44,0.4659090909090909,0.6,0.2,0.4166666666666667,0,0,0.42857142857142855,7,1553.5703438060552,1460.4944587001974,93.07588510585788,8.005457375030781,7.480938833570411,9.398745828698555,7.986917677993196,9.400339558573853,6.0,6.0,8.005457375030781,7.480938833570411,9.398745828698555,7.986917677993196,9.400339558573853,6.0,6.0,1
1216534,2020/21,Royal Challengers Bengaluru,Sunrisers Hyderabad,Dubai International Cricket Stadium,Sunrisers Hyderabad,field,0.4745762711864407,0.5370370370370371,0.8,0.2,0.42857142857142855,0,0,0.5,8,1486.1391182143718,1504.087068702223,-17.94795048785113,8.005457375030781,7.480938833570411,9.398745828698555,7.986917677993196,9.400339558573853,6.0,6.0,8.005457375030781,7.480938833570411,9.398745828698555,7.986917677993196,9.400339558573853,6.0,6.0,1
1216496,2020/21,Rajasthan Royals,Chennai Super Kings,Sharjah Cricket Stadium,Chennai Super Kings,field,0.5172413793103449,0.6121212121212121,0.6,0.4,0.3333333333333333,0,0,0.3333333333333333,6,1504.752376180356,1610.9675716423444,-106.21519546198851,8.005457375030781,7.480938833570411,9.398745828698555,7.986917677993196,9.400339558573853,6.0,6.0,8.005457375030781,7.480938833570411,9.398745828698555,7.986917677993196,9.400339558573853,6.0,6.0,1
1216508,2020/21,Mumbai Indians,Kolkata Knight Riders,Sheikh Zayed Stadium,Kolkata Knight Riders,field,0.5797872340425532,0.5168539325842697,0.8,0.4,0.76,0,0,0.5,8,1608.4562573276116,1515.9425794900128,92.51367783759883,8.005457375030781,7.480938833570411,9.398745828698555,7.986917677993196,9.400339558573853,6.0,6.0,8.005457375030781,7.480938833570411,9.398745828698555,7.986917677993196,9.400339558573853,6.0,6.0,1
1216510,2020/21,Punjab Kings,Royal Challengers Bengaluru,Dubai International Cricket Stadium,Royal Challengers Bengaluru,field,0.4632768361581921,0.47752808988764045,0.2,0.8,0.5,0,0,0.5555555555555556,9,1448.6810834890396,1502.964917437929,-54.28383394888942,8.005457375030781,7.480938833570411,9.398745828698555,7.986917677993196,9.400339558573853,6.0,6.0,8.005457375030781,7.480938833570411,9.398745828698555,7.986917677993196,9.400339558573853,6.0,6.0,1
1216539,2020/21,Delhi Capitals,Chennai Super Kings,Dubai International Cricket Stadium,Chennai Super Kings,field,0.4431818181818182,0.608433734939759,0.6,0.4,0.2857142857142857,0,0,0.6,10,1565.383719017213,1590.2230748450095,-24.839355827796453,8.005457375030781,7.480938833570411,9.398745828698555,7.986917677993196,9.400339558573853,6.0,6.0,8.005457375030781,7.480938833570411,9.398745828698555,7.986917677993196,9.400339558573853,6.0,6.0,1
1216545,2020/21,Sunrisers Hyderabad,Kolkata Knight Riders,Sheikh Zayed Stadium,Sunrisers Hyderabad,bat,0.5321100917431193,0.5139664804469274,0.2,0.4,0.4117647058823529,1,1,0.5555555555555556,9,1487.2612694786658,1504.1050761618446,-16.843806683178855,8.005457375030781,7.480938833570411,9.398745828698555,7.986917677993196,9.400339558573853,6.0,6.0,8.005457375030781,7.480938833570411,9.398745828698555,7.986917677993196,9.400339558573853,6.0,6.0,0
1216527,2020/21,Punjab Kings,Rajasthan Royals,Sharjah Cricket Stadium,Rajasthan Royals,field,0.46629213483146065,0.5205479452054794,0.4,0.6,0.47368421052631576,0,0,0.42857142857142855,7,1467.1608014041824,1525.4968729776908,-58.336071573508434,8.005457375030781,7.480938833570411,9.398745828698555,7.986917677993196,9.400339558573853,6.0,6.0,8.005457375030781,7.480938833570411,9.398745828698555,7.986917677993196,9.400339558573853,6.0,6.0,0
1216547,2020/21,Royal Challengers Bengaluru,Mumbai Indians,Dubai International Cricket Stadium,Mumbai Indians,field,0.4748603351955307,0.582010582010582,0.6,0.8,0.36,0,0,0.6363636363636364,11,1484.4851995227862,1620.2937606557798,-135.80856113299365,8.005457375030781,7.480938833570411,9.398745828698555,7.986917677993196,9.400339558573853,6.0,6.0,8.005457375030781,7.480938833570411,9.398745828698555,7.986917677993196,9.400339558573853,6.0,6.0,1
1216532,2020/21,Sunrisers Hyderabad,Delhi Capitals,Sheikh Zayed Stadium,Delhi Capitals,field,0.5272727272727272,0.4463276836158192,0.0,0.8,0.6,0,0,0.5,10,1472.0363483027406,1582.52566867,-110.48932036725932,8.005457375030781,7.480938833570411,9.398745828698555,7.986917677993196,9.400339558573853,6.0,6.0,8.005457375030781,7.480938833570411,9.398745828698555,7.986917677993196,9.400339558573853,6.0,6.0,1
1216504,2020/21,Kolkata Knight Riders,Rajasthan Royals,Dubai International Cricket Stadium,Rajasthan Royals,field,0.5166666666666667,0.5238095238095238,0.6,0.8,0.5,0,0,0.6666666666666666,12,1519.3299973377698,1538.8353618206434,-19.505364482873574,8.005457375030781,7.480938833570411,9.398745828698555,7.986917677993196,9.400339558573853,6.0,6.0,8.005457375030781,7.480938833570411,9.398745828698555,7.986917677993196,9.400339558573853,6.0,6.0,1
1216503,2020/21,Mumbai Indians,Punjab Kings,Sheikh Zayed Stadium,Punjab Kings,field,0.5789473684210527,0.46368715083798884,0.6,0.4,0.5416666666666666,0,0,0.5454545454545454,11,1598.3397461065422,1453.8223125612299,144.51743354531231,8.005457375030781,7.480938833570411,9.398745828698555,7.986917677993196,9.400339558573853,6.0,6.0,8.005457375030781,7.480938833570411,9.398745828698555,7.986917677993196,9.400339558573853,6.0,6.0,1
1216516,2020/21,Sunrisers Hyderabad,Chennai Super Kings,Dubai International Cricket Stadium,Sunrisers Hyderabad,bat,0.5315315315315315,0.6047904191616766,0.2,0.4,0.25,1,1,0.6923076923076923,13,1492.959706876757,1573.0811251922225,-80.12141831546546,8.005457375030781,7.480938833570411,9.398745828698555,7.986917677993196,9.400339558573853,6.0,6.0,8.005457375030781,7.480938833570411,9.398745828698555,7.986917677993196,9.400339558573853,6.0,6.0,1
1216514,2020/21,Rajasthan Royals,Royal Challengers Bengaluru,Sheikh Zayed Stadium,Rajasthan Royals,bat,0.5202702702702703,0.4777777777777778,0.6,0.6,0.5555555555555556,1,1,0.5833333333333334,12,1521.9380491114541,1506.4392140720238,15.498835039430332,8.005457375030781,7.480938833570411,9.398745828698555,7.986917677993196,9.400339558573853,6.0,6.0,8.005457375030781,7.480938833570411,9.398745828698555,7.986917677993196,9.400339558573853,6.0,6.0,0
1216515,2020/21,Delhi Capitals,Kolkata Knight Riders,Sharjah Cricket Stadium,Kolkata Knight Riders,field,0.4438202247191011,0.5193370165745856,0.6,0.6,0.43478260869565216,0,0,0.375,8,1561.6023100959835,1536.227310046959,25.375000049024493,8.005457375030781,7.480938833570411,9.398745828698555,7.986917677993196,9.400339558573853,6.0,6.0,8.005457375030781,7.480938833570411,9.398745828698555,7.986917677993196,9.400339558573853,6.0,6.0,1
1216513,2020/21,Punjab Kings,Chennai Super Kings,Dubai International Cricket Stadium,Punjab Kings,bat,0.46111111111111114,0.6011904761904762,0.4,0.2,0.42857142857142855,1,1,0.7142857142857143,14,1444.1185836982734,1553.4554421314435,-109.33685843317016,8.005457375030781,7.480938833570411,9.398745828698555,7.986917677993196,9.400339558573853,6.0,6.0,8.005457375030781,7.480938833570411,9.398745828698555,7.986917677993196,9.400339558573853,6.0,6.0,0
1216538,2020/21,Mumbai Indians,Sunrisers Hyderabad,Sharjah Cricket Stadium,Mumbai Indians,bat,0.581151832460733,0.5357142857142857,0.6,0.4,0.5,1,1,0.4444444444444444,9,1608.0434749694987,1512.585389937536,95.45808503196258,8.005457375030781,7.480938833570411,9.398745828698555,7.986917677993196,9.400339558573853,6.0,6.0,8.005457375030781,7.480938833570411,9.398745828698555,7.986917677993196,9.400339558573853,6.0,6.0,1
1216519,2020/21,Delhi Capitals,Royal Challengers Bengaluru,Dubai International Cricket Stadium,Royal Challengers Bengaluru,field,0.44692737430167595,0.48066298342541436,0.6,0.8,0.36363636363636365,0,0,0.6666666666666666,15,1576.4358214887168,1523.152488730215,53.28333275850173,8.005457375030781,7.480938833570411,9.398745828698555,7.986917677993196,9.400339558573853,6.0,6.0,8.005457375030781,7.480938833570411,9.398745828698555,7.986917677993196,9.400339558573853,6.0,6.0,1
1216511,2020/21,Mumbai Indians,Rajasthan Royals,Sheikh Zayed Stadium,Mumbai Indians,bat,0.5833333333333334,0.5167785234899329,0.6,0.4,0.5,1,1,0.5384615384615384,13,1619.7548416787988,1505.2247744532629,114.53006722553596,8.005457375030781,7.480938833570411,9.398745828698555,7.986917677993196,9.400339558573853,6.0,6.0,8.005457375030781,7.480938833570411,9.398745828698555,7.986917677993196,9.400339558573853,6.0,6.0,1
1216501,2020/21,Kolkata Knight Riders,Chennai Super Kings,Sheikh Zayed Stadium,Kolkata Knight Riders,bat,0.5164835164835165,0.6035502958579881,0.4,0.4,0.35,1,1,0.5714285714285714,14,1521.3937986542257,1564.580180084167,-43.18638142994132,8.005457375030781,7.480938833570411,9.398745828698555,7.986917677993196,9.400339558573853,6.0,6.0,8.005457375030781,7.480938833570411,9.398745828698555,7.986917677993196,9.400339558573853,6.0,6.0,1
1216542,2020/21,Sunrisers Hyderabad,Punjab Kings,Dubai International Cricket Stadium,Sunrisers Hyderabad,bat,0.5309734513274337,0.4585635359116022,0.4,0.2,0.7142857142857143,1,1,0.6875,16,1500.874023228236,1432.9938457455498,67.88017748268612,8.005457375030781,7.480938833570411,9.398745828698555,7.986917677993196,9.400339558573853,6.0,6.0,8.005457375030781,7.480938833570411,9.398745828698555,7.986917677993196,9.400339558573853,6.0,6.0,1
1216500,2020/21,Delhi Capitals,Rajasthan Royals,Sharjah Cricket Stadium,Rajasthan Royals,field,0.45,0.5133333333333333,0.8,0.4,0.45,0,0,0.5,10,1590.0010916150054,1494.3159886521803,95.68510296282511,8.005457375030781,7.480938833570411,9.398745828698555,7.986917677993196,9.400339558573853,6.0,6.0,8.005457375030781,7.480938833570411,9.398745828698555,7.986917677993196,9.400339558573853,6.0,6.0,1
1216523,2020/21,Kolkata Knight Riders,Punjab Kings,Sheikh Zayed Stadium,Kolkata Knight Riders,bat,0.5191256830601093,0.45604395604395603,0.6,0.2,0.68,1,1,0.6,15,1539.3724251822566,1420.0806669984026,119.29175818385397,8.005457375030781,7.480938833570411,9.398745828698555,7.986917677993196,9.400339558573853,6.0,6.0,8.005457375030781,7.480938833570411,9.398745828698555,7.986917677993196,9.400339558573853,6.0,6.0,1
1216525,2020/21,Royal Challengers Bengaluru,Chennai Super Kings,Dubai International Cricket Stadium,Royal Challengers Bengaluru,bat,0.47802197802197804,0.6,0.6,0.2,0.34782608695652173,1,1,0.7058823529411765,17,1509.5872186039264,1546.6015535561362,-37.014334952209765,8.005457375030781,7.480938833570411,9.398745828698555,7.986917677993196,9.400339558573853,6.0,6.0,8.005457375030781,7.480938833570411,9.398745828698555,7.986917677993196,9.400339558573853,6.0,6.0,1
1216507,2020/21,Sunrisers Hyderabad,Rajasthan Royals,Dubai International Cricket Stadium,Sunrisers Hyderabad,bat,0.5350877192982456,0.5099337748344371,0.6,0.2,0.5454545454545454,1,1,0.7222222222222222,18,1513.7872019753831,1482.6143236941273,31.172878281255862,8.005457375030781,7.480938833570411,9.398745828698555,7.986917677993196,9.400339558573853,6.0,6.0,8.005457375030781,7.480938833570411,9.398745828698555,7.986917677993196,9.400339558573853,6.0,6.0,0
1216529,2020/21,Delhi Capitals,Mumbai Indians,Sheikh Zayed Stadium,Delhi Capitals,bat,0.4530386740331492,0.5854922279792746,0.8,0.8,0.5,1,1,0.625,16,1601.7027565730584,1630.6636274798814,-28.960870906822947,8.005457375030781,7.480938833570411,9.398745828698555,7.986917677993196,9.400339558573853,6.0,6.0,8.005457375030781,7.480938833570411,9.398745828698555,7.986917677993196,9.400339558573853,6.0,6.0,0
1216540,2020/21,Royal Challengers Bengaluru,Kolkata Knight Riders,Sharjah Cricket Stadium,Royal Challengers Bengaluru,bat,0.4808743169398907,0.5217391304347826,0.6,0.8,0.4166666666666667,1,1,0.5454545454545454,11,1527.2853719648715,1550.0849978836104,-22.79962591873891,8.005457375030781,7.480938833570411,9.398745828698555,7.986917677993196,9.400339558573853,6.0,6.0,8.005457375030781,7.480938833570411,9.398745828698555,7.986917677993196,9.400339558573853,6.0,6.0,1
1216528,2020/21,Chennai Super Kings,Sunrisers Hyderabad,Dubai International Cricket Stadium,Chennai Super Kings,bat,0.5964912280701754,0.5304347826086957,0.2,0.6,0.6923076923076923,1,1,0.6842105263157895,19,1528.9034001951911,1496.355477694416,32.54792250077503,8.005457375030781,7.480938833570411,9.398745828698555,7.986917677993196,9.400339558573853,6.0,6.0,8.005457375030781,7.480938833570411,9.398745828698555,7.986917677993196,9.400339558573853,6.0,6.0,1
1216543,2020/21,Delhi Capitals,Rajasthan Royals,Dubai International Cricket Stadium,Delhi Capitals,bat,0.45054945054945056,0.5131578947368421,0.6,0.2,0.47619047619047616,1,1,0.7,20,1587.0333735780514,1500.0460479750943,86.98732560295707,8.005457375030781,7.480938833570411,9.398745828698555,7.986917677993196,9.400339558573853,6.0,6.0,8.005457375030781,7.480938833570411,9.398745828698555,7.986917677993196,9.400339558573853,6.0,6.0,1
1216531,2020/21,Royal Challengers Bengaluru,Punjab Kings,Sharjah Cricket Stadium,Royal Challengers Bengaluru,bat,0.483695652173913,0.453551912568306,0.8,0.0,0.48,1,1,0.5833333333333334,12,1544.3338289730636,1409.3680942970489,134.9657346760148,8.005457375030781,7.480938833570411,9.398745828698555,7.986917677993196,9.400339558573853,6.0,6.0,8.005457375030781,7.480938833570411,9.398745828698555,7.986917677993196,9.400339558573853,6.0,6.0,0
1216526,2020/21,Kolkata Knight Riders,Mumbai Indians,Sheikh Zayed Stadium,Kolkata Knight Riders,bat,0.518918918918919,0.5876288659793815,0.6,0.8,0.23076923076923078,1,1,0.5882352941176471,17,1533.0365408754183,1645.3330104748884,-112.29646959947013,8.005457375030781,7.480938833570411,9.398745828698555,7.986917677993196,9.400339558573853,6.0,6.0,8.005457375030781,7.480938833570411,9.398745828698555,7.986917677993196,9.400339558573853,6.0,6.0,0
1216509,2020/21,Chennai Super Kings,Delhi Capitals,Sharjah Cricket Stadium,Chennai Super Kings,bat,0.5988372093023255,0.453551912568306,0.4,0.8,0.6818181818181818,1,1,0.5384615384615384,13,1543.4088823924455,1599.109115874111,-55.700233481665464,8.005457375030781,7.480938833570411,9.398745828698555,7.986917677993196,9.400339558573853,6.0,6.0,8.005457375030781,7.480938833570411,9.398745828698555,7.986917677993196,9.400339558573853,6.0,6.0,0
1216522,2020/21,Rajasthan Royals,Royal Challengers Bengaluru,Dubai International Cricket Stadium,Rajasthan Royals,bat,0.5098039215686274,0.4810810810810811,0.2,0.6,0.5263157894736842,1,1,0.7142857142857143,21,1487.9703056790347,1522.4132833472534,-34.442977668218646,8.005457375030781,7.480938833570411,9.398745828698555,7.986917677993196,9.400339558573853,6.0,6.0,8.005457375030781,7.480938833570411,9.398745828698555,7.986917677993196,9.400339558573853,6.0,6.0,0
1216512,2020/21,Kolkata Knight Riders,Sunrisers Hyderabad,Sheikh Zayed Stadium,Sunrisers Hyderabad,field,0.5161290322580645,0.5258620689655172,0.4,0.4,0.6111111111111112,0,0,0.5555555555555556,18,1522.0351207398808,1481.8499954971617,40.185125242719096,8.005457375030781,7.480938833570411,9.398745828698555,7.986917677993196,9.400339558573853,6.0,6.0,8.005457375030781,7.480938833570411,9.398745828698555,7.986917677993196,9.400339558573853,6.0,6.0,1
1216517,2020/21,Mumbai Indians,Punjab Kings,Dubai International Cricket Stadium,Mumbai Indians,bat,0.5897435897435898,0.45652173913043476,1.0,0.2,0.56,1,1,0.6818181818181818,22,1656.334430610426,1431.2886399228591,225.04579068756675,8.005457375030781,7.480938833570411,9.398745828698555,7.986917677993196,9.400339558573853,6.0,6.0,8.005457375030781,7.480938833570411,9.398745828698555,7.986917677993196,9.400339558573853,6.0,6.0,0
1216533,2020/21,Chennai Super Kings,Rajasthan Royals,Sheikh Zayed Stadium,Chennai Super Kings,bat,0.5953757225433526,0.5064935064935064,0.4,0.2,0.6363636363636364,1,1,0.5789473684210527,19,1529.9522206306747,1473.551287658374,56.40093297230078,8.005457375030781,7.480938833570411,9.398745828698555,7.986917677993196,9.400339558573853,6.0,6.0,8.005457375030781,7.480938833570411,9.398745828698555,7.986917677993196,9.400339558573853,6.0,6.0,0
1216546,2020/21,Delhi Capitals,Punjab Kings,Dubai International Cricket Stadium,Delhi Capitals,bat,0.45652173913043476,0.4594594594594595,0.8,0.4,0.44,1,1,0.6521739130434783,23,1612.565777635882,1456.4109188810585,156.1548587548234,8.005457375030781,7.480938833570411,9.398745828698555,7.986917677993196,9.400339558573853,6.0,6.0,8.005457375030781,7.480938833570411,9.398745828698555,7.986917677993196,9.400339558573853,6.0,6.0,0
1216494,2020/21,Kolkata Knight Riders,Royal Challengers Bengaluru,Sheikh Zayed Stadium,Kolkata Knight Riders,bat,0.5187165775401069,0.4838709677419355,0.6,0.6,0.56,1,1,0.55,20,1536.1927356516371,1536.8323013679142,-0.6395657162770476,8.005457375030781,7.480938833570411,9.398745828698555,7.986917677993196,9.400339558573853,6.0,6.0,8.005457375030781,7.480938833570411,9.398745828698555,7.986917677993196,9.400339558573853,6.0,6.0,0
1216518,2020/21,Rajasthan Royals,Sunrisers Hyderabad,Dubai International Cricket Stadium,Sunrisers Hyderabad,field,0.5096774193548387,0.5213675213675214,0.4,0.2,0.5,0,0,0.625,24,1492.126068824747,1467.6923805854053,24.43368823934179,8.005457375030781,7.480938833570411,9.398745828698555,7.986917677993196,9.400339558573853,6.0,6.0,8.005457375030781,7.480938833570411,9.398745828698555,7.986917677993196,9.400339558573853,6.0,6.0,0
1216521,2020/21,Chennai Super Kings,Mumbai Indians,Sharjah Cricket Stadium,Mumbai Indians,field,0.5919540229885057,0.5867346938775511,0.2,0.8,0.41379310344827586,0,0,0.5,14,1511.3774394643015,1631.2121516522266,-119.8347121879251,8.005457375030781,7.480938833570411,9.398745828698555,7.986917677993196,9.400339558573853,6.0,6.0,8.005457375030781,7.480938833570411,9.398745828698555,7.986917677993196,9.400339558573853,6.0,6.0,0
1216497,2020/21,Kolkata Knight Riders,Delhi Capitals,Sheikh Zayed Stadium,Delhi Capitals,field,0.5159574468085106,0.4540540540540541,0.4,0.6,0.5416666666666666,0,0,0.5238095238095238,21,1520.2221887080545,1589.8226313085627,-69.60044260050813,8.005457375030781,7.480938833570411,9.398745828698555,7.986917677993196,9.400339558573853,6.0,6.0,8.005457375030781,7.480938833570411,9.398745828698555,7.986917677993196,9.400339558573853,6.0,6.0,1
1216498,2020/21,Punjab Kings,Sunrisers Hyderabad,Dubai International Cricket Stadium,Sunrisers Hyderabad,field,0.46236559139784944,0.5254237288135594,0.6,0.4,0.26666666666666666,0,0,0.6,25,1479.1540652083777,1484.8157421781798,-5.661676969802102,8.005457375030781,7.480938833570411,9.398745828698555,7.986917677993196,9.400339558573853,6.0,6.0,8.005457375030781,7.480938833570411,9.398745828698555,7.986917677993196,9.400339558573853,6.0,6.0,1
1216541,2020/21,Mumbai Indians,Rajasthan Royals,Sheikh Zayed Stadium,Mumbai Indians,bat,0.5888324873096447,0.5064102564102564,0.8,0.4,0.5238095238095238,1,1,0.5454545454545454,22,1641.9024625093145,1475.0027072319726,166.8997552773419,8.005457375030781,7.480938833570411,9.398745828698555,7.986917677993196,9.400339558573853,6.0,6.0,8.005457375030781,7.480938833570411,9.398745828698555,7.986917677993196,9.400339558573853,6.0,6.0,0
1216544,2020/21,Royal Challengers Bengaluru,Chennai Super Kings,Dubai International Cricket Stadium,Royal Challengers Bengaluru,bat,0.48663101604278075,0.5885714285714285,0.8,0.2,0.375,1,1,0.6153846153846154,26,1552.8028483114967,1500.6871286072135,52.115719704283265,8.005457375030781,7.480938833570411,9.398745828698555,7.986917677993196,9.400339558573853,6.0,6.0,8.005457375030781,7.480938833570411,9.398745828698555,7.986917677993196,9.400339558573853,6.0,6.0,0
1216520,2020/21,Kolkata Knight Riders,Punjab Kings,Sharjah Cricket Stadium,Punjab Kings,field,0.5185185185185185,0.46524064171123,0.4,0.8,0.6923076923076923,0,0,0.4666666666666667,15,1539.3852090304292,1495.4147719919822,43.97043703844702,8.005457375030781,7.480938833570411,9.398745828698555,7.986917677993196,9.400339558573853,6.0,6.0,8.005457375030781,7.480938833570411,9.398745828698555,7.986917677993196,9.400339558573853,6.0,6.0,0
1216524,2020/21,Sunrisers Hyderabad,Delhi Capitals,Dubai International Cricket Stadium,Delhi Capitals,field,0.5210084033613446,0.45161290322580644,0.2,0.4,0.625,0,0,0.5925925925925926,27,1468.5550353945753,1570.659610986188,-102.10457559161273,8.005457375030781,7.480938833570411,9.398745828698555,7.986917677993196,9.400339558573853,6.0,6.0,8.005457375030781,7.480938833570411,9.398745828698555,7.986917677993196,9.400339558573853,6.0,6.0,1
1216499,2020/21,Royal Challengers Bengaluru,Mumbai Indians,Sheikh Zayed Stadium,Mumbai Indians,field,0.48404255319148937,0.5858585858585859,0.6,0.6,0.38461538461538464,0,0,0.5217391304347826,23,1534.420670577317,1618.7577461226465,-84.33707554532953,8.005457375030781,7.480938833570411,9.398745828698555,7.986917677993196,9.400339558573853,6.0,6.0,8.005457375030781,7.480938833570411,9.398745828698555,7.986917677993196,9.400339558573853,6.0,6.0,0
1216536,2020/21,Kolkata Knight Riders,Chennai Super Kings,Dubai International Cricket Stadium,Chennai Super Kings,field,0.5157894736842106,0.5909090909090909,0.4,0.4,0.38095238095238093,0,0,0.6071428571428571,28,1521.3710375666628,1519.0693063413933,2.3017312252695774,8.005457375030781,7.480938833570411,9.398745828698555,7.986917677993196,9.400339558573853,6.0,6.0,8.005457375030781,7.480938833570411,9.398745828698555,7.986917677993196,9.400339558573853,6.0,6.0,0
1216537,2020/21,Punjab Kings,Rajasthan Royals,Sheikh Zayed Stadium,Rajasthan Royals,field,0.46808510638297873,0.5095541401273885,1.0,0.4,0.45,0,0,0.5,24,1513.4289434557486,1498.1474236186407,15.281519837107908,8.005457375030781,7.480938833570411,9.398745828698555,7.986917677993196,9.400339558573853,6.0,6.0,8.005457375030781,7.480938833570411,9.398745828698555,7.986917677993196,9.400339558573853,6.0,6.0,0
1216502,2020/21,Royal Challengers Bengaluru,Sunrisers Hyderabad,Sharjah Cricket Stadium,Sunrisers Hyderabad,field,0.48148148148148145,0.525,0.4,0.4,0.4666666666666667,0,0,0.4375,16,1522.2300088677437,1489.1262767602325,33.10373210751118,8.005457375030781,7.480938833570411,9.398745828698555,7.986917677993196,9.400339558573853,6.0,6.0,8.005457375030781,7.480938833570411,9.398745828698555,7.986917677993196,9.400339558573853,6.0,6.0,0
1216535,2020/21,Delhi Capitals,Mumbai Indians,Dubai International Cricket Stadium,Mumbai Indians,field,0.44919786096256686,0.5879396984924623,0.4,0.6,0.48,0,0,0.5862068965517241,29,1550.0883696205308,1630.9484078322198,-80.86003821168902,8.005457375030781,7.480938833570411,9.398745828698555,7.986917677993196,9.400339558573853,6.0,6.0,8.005457375030781,7.480938833570411,9.398745828698555,7.986917677993196,9.400339558573853,6.0,6.0,0
1216506,2020/21,Punjab Kings,Chennai Super Kings,Sheikh Zayed Stadium,Chennai Super Kings,field,0.4656084656084656,0.5932203389830508,0.8,0.4,0.4090909090909091,0,0,0.48,25,1496.7256569208307,1535.1753034308258,-38.44964650999509,8.005457375030781,7.480938833570411,9.398745828698555,7.986917677993196,9.400339558573853,6.0,6.0,8.005457375030781,7.480938833570411,9.398745828698555,7.986917677993196,9.400339558573853,6.0,6.0,0
1216530,2020/21,Kolkata Knight Riders,Rajasthan Royals,Dubai International Cricket Stadium,Rajasthan Royals,field,0.5130890052356021,0.5126582278481012,0.4,0.6,0.5238095238095238,0,0,0.5666666666666667,30,1505.2650404772303,1514.8507101535586,-9.58566967632828,8.005457375030781,7.480938833570411,9.398745828698555,7.986917677993196,9.400339558573853,6.0,6.0,8.005457375030781,7.480938833570411,9.398745828698555,7.986917677993196,9.400339558573853,6.0,6.0,1
1216505,2020/21,Royal Challengers Bengaluru,Delhi Capitals,Sheikh Zayed Stadium,Delhi Capitals,field,0.4789473684210526,0.44680851063829785,0.4,0.2,0.6086956521739131,0,0,0.46153846153846156,26,1504.7101222224194,1537.7463051464863,-33.03618292406691,8.005457375030781,7.480938833570411,9.398745828698555,7.986917677993196,9.400339558573853,6.0,6.0,8.005457375030781,7.480938833570411,9.398745828698555,7.986917677993196,9.400339558573853,6.0,6.0,0
1216495,2020/21,Mumbai Indians,Sunrisers Hyderabad,Sharjah Cricket Stadium,Sunrisers Hyderabad,field,0.59,0.5289256198347108,0.6,0.6,0.5333333333333333,0,0,0.4117647058823529,17,1643.2904723062643,1506.6461634055568,136.64430890070753,8.005457375030781,7.480938833570411,9.398745828698555,7.986917677993196,9.400339558573853,6.0,6.0,8.005457375030781,7.480938833570411,9.398745828698555,7.986917677993196,9.400339558573853,6.0,6.0,0
1237177,2020/21,Mumbai Indians,Delhi Capitals,Dubai International Cricket Stadium,Delhi Capitals,field,0.5870646766169154,0.4497354497354497,0.6,0.2,0.5384615384615384,0,0,0.5806451612903226,31,1621.3033295432822,1552.229501242539,69.07382830074312,8.005457375030781,7.480938833570411,9.398745828698555,7.986917677993196,9.400339558573853,6.0,6.0,8.005457375030781,7.480938833570411,9.398745828698555,7.986917677993196,9.400339558573853,6.0,6.0,1
1237178,2020/21,Royal Challengers Bengaluru,Sunrisers Hyderabad,Sheikh Zayed Stadium,Sunrisers Hyderabad,field,0.47643979057591623,0.5327868852459017,0.2,0.8,0.4375,0,0,0.4444444444444444,27,1490.2269261263666,1528.6333061685389,-38.40638004217226,8.005457375030781,7.480938833570411,9.398745828698555,7.986917677993196,9.400339558573853,6.0,6.0,8.005457375030781,7.480938833570411,9.398745828698555,7.986917677993196,9.400339558573853,6.0,6.0,0
1237180,2020/21,Delhi Capitals,Sunrisers Hyderabad,Sheikh Zayed Stadium,Delhi Capitals,bat,0.4473684210526316,0.5365853658536586,0.2,0.8,0.35294117647058826,1,1,0.42857142857142855,28,1539.3692108818482,1542.8717961688114,-3.502585286963267,8.005457375030781,7.480938833570411,9.398745828698555,7.986917677993196,9.400339558573853,6.0,6.0,8.005457375030781,7.480938833570411,9.398745828698555,7.986917677993196,9.400339558573853,6.0,6.0,1
1237181,2020/21,Delhi Capitals,Mumbai Indians,Dubai International Cricket Stadium,Delhi Capitals,bat,0.450261780104712,0.5891089108910891,0.4,0.6,0.4444444444444444,1,1,0.59375,32,1555.5305054310506,1634.163619903973,-78.63311447292244,8.005457375030781,7.480938833570411,9.398745828698555,7.986917677993196,9.400339558573853,6.0,6.0,8.005457375030781,7.480938833570411,9.398745828698555,7.986917677993196,9.400339558573853,6.0,6.0,0
1254058,2021,Mumbai Indians,Royal Challengers Bengaluru,"MA Chidambaram Stadium, Chepauk, Chennai",Royal Challengers Bengaluru,field,0.5911330049261084,0.4739583333333333,0.8,0.0,0.6296296296296297,0,0,0.5,0,1646.6030190777699,1475.988436126094,170.61458295167586,8.005457375030781,7.480938833570411,9.398745828698555,7.986917677993196,9.400339558573853,6.0,6.0,8.005457375030781,7.480938833570411,9.398745828698555,7.986917677993196,9.400339558573853,6.0,6.0,0
1254059,2021,Chennai Super Kings,Delhi Capitals,"Wankhede Stadium, Mumbai",Delhi Capitals,field,0.5955056179775281,0.4479166666666667,0.6,0.4,0.6521739130434783,0,0,0.5,0,1549.4118251141879,1543.0911062572538,6.320718856934036,8.005457375030781,7.480938833570411,9.398745828698555,7.986917677993196,9.400339558573853,6.0,6.0,8.005457375030781,7.480938833570411,9.398745828698555,7.986917677993196,9.400339558573853,6.0,6.0,0
1254060,2021,Kolkata Knight Riders,Sunrisers Hyderabad,"MA Chidambaram Stadium, Chepauk, Chennai",Sunrisers Hyderabad,field,0.515625,0.532258064516129,0.4,0.8,0.631578947368421,0,0,0.0,1,1521.7063649068891,1526.710501619609,-5.0041367127198555,8.005457375030781,7.480938833570411,9.398745828698555,7.986917677993196,9.400339558573853,6.0,6.0,8.005457375030781,7.480938833570411,9.398745828698555,7.986917677993196,9.400339558573853,6.0,6.0,1
1254061,2021,Punjab Kings,Rajasthan Royals,"Wankhede Stadium, Mumbai",Rajasthan Royals,field,0.4631578947368421,0.5094339622641509,0.6,0.6,0.42857142857142855,0,0,0.0,1,1482.4891352374686,1498.4093857238997,-15.920250486431087,8.005457375030781,7.480938833570411,9.398745828698555,7.986917677993196,9.400339558573853,6.0,6.0,8.005457375030781,7.480938833570411,9.398745828698555,7.986917677993196,9.400339558573853,6.0,6.0,1
1254062,2021,Mumbai Indians,Kolkata Knight Riders,"MA Chidambaram Stadium, Chepauk, Chennai",Kolkata Knight Riders,field,0.5882352941176471,0.5181347150259067,0.6,0.6,0.7777777777777778,0,0,0.5,2,1623.3219971072417,1537.9367979847582,85.38519912248353,8.005457375030781,7.480938833570411,9.398745828698555,7.986917677993196,9.400339558573853,6.0,6.0,8.005457375030781,7.480938833570411,9.398745828698555,7.986917677993196,9.400339558573853,6.0,6.0,1
1254063,2021,Royal Challengers Bengaluru,Sunrisers Hyderabad,"MA Chidambaram Stadium, Chepauk, Chennai",Sunrisers Hyderabad,field,0.47668393782383417,0.528,0.2,0.6,0.4117647058823529,0,0,0.6666666666666666,3,1499.2694580966222,1510.48006854174,-11.210610445117709,8.005457375030781,7.480938833570411,9.398745828698555,7.986917677993196,9.400339558573853,6.0,6.0,8.005457375030781,7.480938833570411,9.398745828698555,7.986917677993196,9.400339558573853,6.0,6.0,1
1254064,2021,Delhi Capitals,Rajasthan Royals,"Wankhede Stadium, Mumbai",Rajasthan Royals,field,0.45077720207253885,0.50625,0.6,0.4,0.5,0,0,0.5,2,1559.3821540092601,1481.6767437921446,77.70541021711551,8.005457375030781,7.480938833570411,9.398745828698555,7.986917677993196,9.400339558573853,6.0,6.0,8.005457375030781,7.480938833570411,9.398745828698555,7.986917677993196,9.400339558573853,6.0,6.0,0
1254065,2021,Punjab Kings,Chennai Super Kings,"Wankhede Stadium, Mumbai",Chennai Super Kings,field,0.46596858638743455,0.5921787709497207,0.6,0.6,0.391304347826087,0,0,0.3333333333333333,3,1499.2217771692237,1533.1207773621816,-33.89900019295783,8.005457375030781,7.480938833570411,9.398745828698555,7.986917677993196,9.400339558573853,6.0,6.0,8.005457375030781,7.480938833570411,9.398745828698555,7.986917677993196,9.400339558573853,6.0,6.0,0
1254066,2021,Mumbai Indians,Sunrisers Hyderabad,"MA Chidambaram Stadium, Chepauk, Chennai",Mumbai Indians,bat,0.5902439024390244,0.5238095238095238,0.6,0.4,0.5,1,1,0.75,4,1635.467159767016,1493.9639799465779,141.50317982043816,8.005457375030781,7.480938833570411,9.398745828698555,7.986917677993196,9.400339558573853,6.0,6.0,8.005457375030781,7.480938833570411,9.398745828698555,7.986917677993196,9.400339558573853,6.0,6.0,1
1254067,2021,Royal Challengers Bengaluru,Kolkata Knight Riders,"MA Chidambaram Stadium, Chepauk, Chennai",Royal Challengers Bengaluru,bat,0.4793814432989691,0.5154639175257731,0.4,0.4,0.46153846153846156,1,1,0.8,5,1515.7855466917842,1525.7916353249839,-10.006088633199624,8.005457375030781,7.480938833570411,9.398745828698555,7.986917677993196,9.400339558573853,6.0,6.0,8.005457375030781,7.480938833570411,9.398745828698555,7.986917677993196,9.400339558573853,6.0,6.0,1
1254068,2021,Punjab Kings,Delhi Capitals,"Wankhede Stadium, Mumbai",Delhi Capitals,field,0.4635416666666667,0.4484536082474227,0.4,0.4,0.5769230769230769,0,0,0.25,4,1484.7779488329675,1539.8621838515737,-55.08423501860625,8.005457375030781,7.480938833570411,9.398745828698555,7.986917677993196,9.400339558573853,6.0,6.0,8.005457375030781,7.480938833570411,9.398745828698555,7.986917677993196,9.400339558573853,6.0,6.0,0
1254069,2021,Chennai Super Kings,Rajasthan Royals,"Wankhede Stadium, Mumbai",Rajasthan Royals,field,0.5944444444444444,0.5093167701863354,0.8,0.6,0.6086956521739131,0,0,0.2,5,1547.5646056984378,1501.196713949831,46.36789174860678,8.005457375030781,7.480938833570411,9.398745828698555,7.986917677993196,9.400339558573853,6.0,6.0,8.005457375030781,7.480938833570411,9.398745828698555,7.986917677993196,9.400339558573853,6.0,6.0,1
1254070,2021,Mumbai Indians,Delhi Capitals,"MA Chidambaram Stadium, Chepauk, Chennai",Mumbai Indians,bat,0.5922330097087378,0.4512820512820513,0.8,0.6,0.5714285714285714,1,1,0.8333333333333334,6,1645.2886033350555,1553.3465043643105,91.94209897074506,8.005457375030781,7.480938833570411,9.398745828698555,7.986917677993196,9.400339558573853,6.0,6.0,8.005457375030781,7.480938833570411,9.398745828698555,7.986917677993196,9.400339558573853,6.0,6.0,0
1254071,2021,Punjab Kings,Sunrisers Hyderabad,"MA Chidambaram Stadium, Chepauk, Chennai",Punjab Kings,bat,0.46113989637305697,0.5196850393700787,0.2,0.2,0.3125,1,1,0.7142857142857143,7,1471.2936283202307,1484.1425363785384,-12.848908058307643,8.005457375030781,7.480938833570411,9.398745828698555,7.986917677993196,9.400339558573853,6.0,6.0,8.005457375030781,7.480938833570411,9.398745828698555,7.986917677993196,9.400339558573853,6.0,6.0,0
1254072,2021,Chennai Super Kings,Kolkata Knight Riders,"Wankhede Stadium, Mumbai",Kolkata Knight Riders,field,0.5966850828729282,0.5128205128205128,0.8,0.4,0.6363636363636364,0,0,0.3333333333333333,6,1561.4418730328277,1509.3309652720468,52.11090776078095,8.005457375030781,7.480938833570411,9.398745828698555,7.986917677993196,9.400339558573853,6.0,6.0,8.005457375030781,7.480938833570411,9.398745828698555,7.986917677993196,9.400339558573853,6.0,6.0,1
1254073,2021,Rajasthan Royals,Royal Challengers Bengaluru,"Wankhede Stadium, Mumbai",Royal Challengers Bengaluru,field,0.5061728395061729,0.48205128205128206,0.4,0.6,0.5,0,0,0.42857142857142855,7,1487.3194466154412,1532.2462167447213,-44.92677012928016,8.005457375030781,7.480938833570411,9.398745828698555,7.986917677993196,9.400339558573853,6.0,6.0,8.005457375030781,7.480938833570411,9.398745828698555,7.986917677993196,9.400339558573853,6.0,6.0,0
1254074,2021,Mumbai Indians,Punjab Kings,"MA Chidambaram Stadium, Chepauk, Chennai",Punjab Kings,field,0.5893719806763285,0.4587628865979381,0.6,0.2,0.5384615384615384,0,0,0.625,8,1625.1506578125295,1455.88507279275,169.26558501977956,8.005457375030781,7.480938833570411,9.398745828698555,7.986917677993196,9.400339558573853,6.0,6.0,8.005457375030781,7.480938833570411,9.398745828698555,7.986917677993196,9.400339558573853,6.0,6.0,0
1254075,2021,Kolkata Knight Riders,Rajasthan Royals,"Wankhede Stadium, Mumbai",Rajasthan Royals,field,0.5102040816326531,0.5030674846625767,0.4,0.2,0.5454545454545454,0,0,0.375,8,1495.7129263197755,1473.3769457993933,22.335980520382236,8.005457375030781,7.480938833570411,9.398745828698555,7.986917677993196,9.400339558573853,6.0,6.0,8.005457375030781,7.480938833570411,9.398745828698555,7.986917677993196,9.400339558573853,6.0,6.0,0
1254076,2021,Chennai Super Kings,Royal Challengers Bengaluru,"Wankhede Stadium, Mumbai",Chennai Super Kings,bat,0.5989010989010989,0.4846938775510204,0.8,0.8,0.64,1,1,0.3333333333333333,9,1575.059911985099,1546.1887175607692,28.871194424329815,8.005457375030781,7.480938833570411,9.398745828698555,7.986917677993196,9.400339558573853,6.0,6.0,8.005457375030781,7.480938833570411,9.398745828698555,7.986917677993196,9.400339558573853,6.0,6.0,1
1254077,2021,Delhi Capitals,Sunrisers Hyderabad,"MA Chidambaram Stadium, Chepauk, Chennai",Delhi Capitals,bat,0.45408163265306123,0.5234375,0.6,0.2,0.3888888888888889,1,1,0.5555555555555556,9,1573.4844498868365,1499.551091906019,73.93335798081739,8.005457375030781,7.480938833570411,9.398745828698555,7.986917677993196,9.400339558573853,6.0,6.0,8.005457375030781,7.480938833570411,9.398745828698555,7.986917677993196,9.400339558573853,6.0,6.0,1
1254078,2021,Punjab Kings,Kolkata Knight Riders,"Narendra Modi Stadium, Ahmedabad",Kolkata Knight Riders,field,0.46153846153846156,0.5076142131979695,0.4,0.2,0.3333333333333333,0,0,0.5,0,1479.116748931982,1478.6857311340193,0.43101779796279516,8.005457375030781,7.480938833570411,9.398745828698555,7.986917677993196,9.400339558573853,6.0,6.0,8.005457375030781,7.480938833570411,9.398745828698555,7.986917677993196,9.400339558573853,6.0,6.0,0
1254079,2021,Royal Challengers Bengaluru,Delhi Capitals,"Narendra Modi Stadium, Ahmedabad",Delhi Capitals,field,0.48223350253807107,0.45685279187817257,0.8,0.8,0.5833333333333334,0,0,0.0,1,1531.5152332853013,1586.1301710015214,-54.61493771622008,8.005457375030781,7.480938833570411,9.398745828698555,7.986917677993196,9.400339558573853,6.0,6.0,8.005457375030781,7.480938833570411,9.398745828698555,7.986917677993196,9.400339558573853,6.0,6.0,1
1254080,2021,Sunrisers Hyderabad,Chennai Super Kings,"Arun Jaitley Stadium, Delhi",Sunrisers Hyderabad,bat,0.5193798449612403,0.6010928961748634,0.2,0.8,0.2857142857142857,1,1,0.5,0,1486.9053707913342,1589.733396260567,-102.82802546923267,8.005457375030781,7.480938833570411,9.398745828698555,7.986917677993196,9.400339558573853,6.0,6.0,8.005457375030781,7.480938833570411,9.398745828698555,7.986917677993196,9.400339558573853,6.0,6.0,0
1254081,2021,Rajasthan Royals,Mumbai Indians,"Arun Jaitley Stadium, Delhi",Mumbai Indians,field,0.5060975609756098,0.5865384615384616,0.4,0.4,0.5,0,0,0.0,1,1490.4041409851495,1601.9189816732974,-111.51484068814784,8.005457375030781,7.480938833570411,9.398745828698555,7.986917677993196,9.400339558573853,6.0,6.0,8.005457375030781,7.480938833570411,9.398745828698555,7.986917677993196,9.400339558573853,6.0,6.0,0
1254082,2021,Kolkata Knight Riders,Delhi Capitals,"Narendra Modi Stadium, Ahmedabad",Delhi Capitals,field,0.51010101010101,0.45454545454545453,0.2,0.6,0.56,0,0,0.5,2,1494.7055802269647,1567.6355736438304,-72.92999341686573,8.005457375030781,7.480938833570411,9.398745828698555,7.986917677993196,9.400339558573853,6.0,6.0,8.005457375030781,7.480938833570411,9.398745828698555,7.986917677993196,9.400339558573853,6.0,6.0,0
1254083,2021,Punjab Kings,Royal Challengers Bengaluru,"Narendra Modi Stadium, Ahmedabad",Royal Challengers Bengaluru,field,0.45918367346938777,0.48484848484848486,0.2,0.8,0.5384615384615384,0,0,0.3333333333333333,3,1463.0968998390367,1550.0098306429923,-86.91293080395553,8.005457375030781,7.480938833570411,9.398745828698555,7.986917677993196,9.400339558573853,6.0,6.0,8.005457375030781,7.480938833570411,9.398745828698555,7.986917677993196,9.400339558573853,6.0,6.0,1
1254084,2021,Chennai Super Kings,Mumbai Indians,"Arun Jaitley Stadium, Delhi",Mumbai Indians,field,0.6032608695652174,0.5885167464114832,1.0,0.6,0.4,0,0,0.0,2,1601.1315764910348,1612.9529067676337,-11.821330276598928,8.005457375030781,7.480938833570411,9.398745828698555,7.986917677993196,9.400339558573853,6.0,6.0,8.005457375030781,7.480938833570411,9.398745828698555,7.986917677993196,9.400339558573853,6.0,6.0,0
1254085,2021,Rajasthan Royals,Sunrisers Hyderabad,"Arun Jaitley Stadium, Delhi",Sunrisers Hyderabad,field,0.503030303030303,0.5153846153846153,0.4,0.2,0.46153846153846156,0,0,0.0,3,1479.3702158908131,1475.5071905608663,3.8630253299468222,8.005457375030781,7.480938833570411,9.398745828698555,7.986917677993196,9.400339558573853,6.0,6.0,8.005457375030781,7.480938833570411,9.398745828698555,7.986917677993196,9.400339558573853,6.0,6.0,1
1254086,2021,Punjab Kings,Delhi Capitals,"Narendra Modi Stadium, Ahmedabad",Delhi Capitals,field,0.4619289340101523,0.457286432160804,0.4,0.8,0.5555555555555556,0,0,0.5,4,1483.017937459855,1580.3254972631862,-97.30755980333129,8.005457375030781,7.480938833570411,9.398745828698555,7.986917677993196,9.400339558573853,6.0,6.0,8.005457375030781,7.480938833570411,9.398745828698555,7.986917677993196,9.400339558573853,6.0,6.0,0
1254104,2021,Chennai Super Kings,Mumbai Indians,Dubai International Cricket Stadium,Chennai Super Kings,bat,0.6,0.5904761904761905,0.8,0.6,0.3870967741935484,1,1,0.5757575757575758,33,1585.6757588905043,1628.4087243681643,-42.732965477659945,8.005457375030781,7.480938833570411,9.398745828698555,7.986917677993196,9.400339558573853,6.0,6.0,8.005457375030781,7.480938833570411,9.398745828698555,7.986917677993196,9.400339558573853,6.0,6.0,1
1254087,2021,Royal Challengers Bengaluru,Kolkata Knight Riders,"Zayed Cricket Stadium, Abu Dhabi",Royal Challengers Bengaluru,bat,0.4824120603015075,0.507537688442211,0.6,0.2,0.48148148148148145,1,1,0.5,0,1530.088793022174,1482.015656607609,48.07313641456517,8.005457375030781,7.480938833570411,9.398745828698555,7.986917677993196,9.400339558573853,6.0,6.0,8.005457375030781,7.480938833570411,9.398745828698555,7.986917677993196,9.400339558573853,6.0,6.0,0
1254111,2021,Rajasthan Royals,Punjab Kings,Dubai International Cricket Stadium,Punjab Kings,field,0.5060240963855421,0.4595959595959596,0.4,0.4,0.5454545454545454,0,0,0.5882352941176471,34,1495.1923243305991,1471.3855096710088,23.806814659590373,8.005457375030781,7.480938833570411,9.398745828698555,7.986917677993196,9.400339558573853,6.0,6.0,8.005457375030781,7.480938833570411,9.398745828698555,7.986917677993196,9.400339558573853,6.0,6.0,1
1254105,2021,Sunrisers Hyderabad,Delhi Capitals,Dubai International Cricket Stadium,Sunrisers Hyderabad,bat,0.5114503816793893,0.46,0.2,0.8,0.5789473684210527,1,1,0.6,35,1459.6850821210803,1591.9579250520324,-132.27284293095204,8.005457375030781,7.480938833570411,9.398745828698555,7.986917677993196,9.400339558573853,6.0,6.0,8.005457375030781,7.480938833570411,9.398745828698555,7.986917677993196,9.400339558573853,6.0,6.0,0
1254096,2021,Mumbai Indians,Kolkata Knight Riders,"Zayed Cricket Stadium, Abu Dhabi",Kolkata Knight Riders,field,0.5876777251184834,0.51,0.4,0.4,0.7857142857142857,0,0,0.0,1,1610.4506624005703,1500.215485632416,110.23517676815436,8.005457375030781,7.480938833570411,9.398745828698555,7.986917677993196,9.400339558573853,6.0,6.0,8.005457375030781,7.480938833570411,9.398745828698555,7.986917677993196,9.400339558573853,6.0,6.0,0
1254113,2021,Royal Challengers Bengaluru,Chennai Super Kings,Sharjah Cricket Stadium,Chennai Super Kings,field,0.48,0.6021505376344086,0.4,0.8,0.34615384615384615,0,0,0.3888888888888889,18,1511.888963997367,1603.6338208580983,-91.74485686073126,8.005457375030781,7.480938833570411,9.398745828698555,7.986917677993196,9.400339558573853,6.0,6.0,8.005457375030781,7.480938833570411,9.398745828698555,7.986917677993196,9.400339558573853,6.0,6.0,0
1254097,2021,Delhi Capitals,Rajasthan Royals,"Zayed Cricket Stadium, Abu Dhabi",Rajasthan Royals,field,0.4626865671641791,0.5089820359281437,0.8,0.6,0.4782608695652174,0,0,0.0,2,1602.1447169674361,1510.097692634797,92.04702433263901,8.005457375030781,7.480938833570411,9.398745828698555,7.986917677993196,9.400339558573853,6.0,6.0,8.005457375030781,7.480938833570411,9.398745828698555,7.986917677993196,9.400339558573853,6.0,6.0,1
1254107,2021,Punjab Kings,Sunrisers Hyderabad,Sharjah Cricket Stadium,Sunrisers Hyderabad,field,0.457286432160804,0.5075757575757576,0.4,0.2,0.29411764705882354,0,0,0.3684210526315789,19,1456.4801413668108,1449.4982902056765,6.981851161134273,8.005457375030781,7.480938833570411,9.398745828698555,7.986917677993196,9.400339558573853,6.0,6.0,8.005457375030781,7.480938833570411,9.398745828698555,7.986917677993196,9.400339558573853,6.0,6.0,1
1254098,2021,Kolkata Knight Riders,Chennai Super Kings,"Zayed Cricket Stadium, Abu Dhabi",Kolkata Knight Riders,bat,0.5124378109452736,0.6042780748663101,0.6,0.8,0.34782608695652173,1,1,0.3333333333333333,3,1521.1282462513027,1615.504352374092,-94.37610612278922,8.005457375030781,7.480938833570411,9.398745828698555,7.986917677993196,9.400339558573853,6.0,6.0,8.005457375030781,7.480938833570411,9.398745828698555,7.986917677993196,9.400339558573853,6.0,6.0,0
1254108,2021,Royal Challengers Bengaluru,Mumbai Indians,Dubai International Cricket Stadium,Mumbai Indians,field,0.47761194029850745,0.5849056603773585,0.2,0.4,0.39285714285714285,0,0,0.5833333333333334,36,1500.0184324813733,1589.5379017816836,-89.51946930031022,8.005457375030781,7.480938833570411,9.398745828698555,7.986917677993196,9.400339558573853,6.0,6.0,8.005457375030781,7.480938833570411,9.398745828698555,7.986917677993196,9.400339558573853,6.0,6.0,1
1254100,2021,Rajasthan Royals,Sunrisers Hyderabad,Dubai International Cricket Stadium,Rajasthan Royals,bat,0.5059523809523809,0.5037593984962406,0.6,0.0,0.5,1,1,0.5945945945945946,37,1498.2401466081674,1433.819773060735,64.42037354743229,8.005457375030781,7.480938833570411,9.398745828698555,7.986917677993196,9.400339558573853,6.0,6.0,8.005457375030781,7.480938833570411,9.398745828698555,7.986917677993196,9.400339558573853,6.0,6.0,0
1254092,2021,Delhi Capitals,Kolkata Knight Riders,Sharjah Cricket Stadium,Kolkata Knight Riders,field,0.46534653465346537,0.5099009900990099,0.8,0.6,0.46153846153846156,0,0,0.4,20,1614.0022629940659,1509.3705939151891,104.63166907887671,8.005457375030781,7.480938833570411,9.398745828698555,7.986917677993196,9.400339558573853,6.0,6.0,8.005457375030781,7.480938833570411,9.398745828698555,7.986917677993196,9.400339558573853,6.0,6.0,0
1254099,2021,Punjab Kings,Mumbai Indians,"Zayed Cricket Stadium, Abu Dhabi",Mumbai Indians,field,0.46,0.5821596244131455,0.4,0.4,0.48148148148148145,0,0,0.25,4,1472.1586585117523,1569.5042467383482,-97.34558822659596,8.005457375030781,7.480938833570411,9.398745828698555,7.986917677993196,9.400339558573853,6.0,6.0,8.005457375030781,7.480938833570411,9.398745828698555,7.986917677993196,9.400339558573853,6.0,6.0,0
1254103,2021,Rajasthan Royals,Royal Challengers Bengaluru,Dubai International Cricket Stadium,Royal Challengers Bengaluru,field,0.5029585798816568,0.4801980198019802,0.4,0.4,0.47619047619047616,0,0,0.5789473684210527,38,1479.3070150526173,1520.0520875247087,-40.74507247209135,8.005457375030781,7.480938833570411,9.398745828698555,7.986917677993196,9.400339558573853,6.0,6.0,8.005457375030781,7.480938833570411,9.398745828698555,7.986917677993196,9.400339558573853,6.0,6.0,0
1254091,2021,Sunrisers Hyderabad,Chennai Super Kings,Sharjah Cricket Stadium,Chennai Super Kings,field,0.5074626865671642,0.6063829787234043,0.2,0.8,0.26666666666666666,0,0,0.38095238095238093,21,1452.7529046162852,1627.2620047102055,-174.50910009392032,8.005457375030781,7.480938833570411,9.398745828698555,7.986917677993196,9.400339558573853,6.0,6.0,8.005457375030781,7.480938833570411,9.398745828698555,7.986917677993196,9.400339558573853,6.0,6.0,0
1254102,2021,Kolkata Knight Riders,Punjab Kings,Dubai International Cricket Stadium,Punjab Kings,field,0.5123152709359606,0.4577114427860697,0.6,0.4,0.6785714285714286,0,0,0.5641025641025641,39,1530.0484893391647,1460.5278514529791,69.52063788618557,8.005457375030781,7.480938833570411,9.398745828698555,7.986917677993196,9.400339558573853,6.0,6.0,8.005457375030781,7.480938833570411,9.398745828698555,7.986917677993196,9.400339558573853,6.0,6.0,0
1254089,2021,Chennai Super Kings,Rajasthan Royals,"Zayed Cricket Stadium, Abu Dhabi",Rajasthan Royals,field,0.6084656084656085,0.5,0.8,0.4,0.625,0,0,0.2,5,1635.8395013947627,1465.1748400091005,170.66466138566216,8.005457375030781,7.480938833570411,9.398745828698555,7.986917677993196,9.400339558573853,6.0,6.0,8.005457375030781,7.480938833570411,9.398745828698555,7.986917677993196,9.400339558573853,6.0,6.0,0
1254112,2021,Mumbai Indians,Delhi Capitals,Sharjah Cricket Stadium,Delhi Capitals,field,0.5841121495327103,0.4630541871921182,0.4,0.8,0.5517241379310345,0,0,0.36363636363636365,22,1581.1350537971214,1593.3243675700903,-12.189313772968944,8.005457375030781,7.480938833570411,9.398745828698555,7.986917677993196,9.400339558573853,6.0,6.0,8.005457375030781,7.480938833570411,9.398745828698555,7.986917677993196,9.400339558573853,6.0,6.0,0
1254090,2021,Royal Challengers Bengaluru,Punjab Kings,Sharjah Cricket Stadium,Royal Challengers Bengaluru,bat,0.4827586206896552,0.4603960396039604,0.4,0.4,0.4444444444444444,1,1,0.34782608695652173,23,1534.1842625682254,1479.6873400998454,54.496922468380035,8.005457375030781,7.480938833570411,9.398745828698555,7.986917677993196,9.400339558573853,6.0,6.0,8.005457375030781,7.480938833570411,9.398745828698555,7.986917677993196,9.400339558573853,6.0,6.0,1
1254109,2021,Sunrisers Hyderabad,Kolkata Knight Riders,Dubai International Cricket Stadium,Sunrisers Hyderabad,bat,0.5037037037037037,0.5098039215686274,0.2,0.6,0.35,1,1,0.55,40,1444.175407931728,1510.8890006922984,-66.71359276057046,8.005457375030781,7.480938833570411,9.398745828698555,7.986917677993196,9.400339558573853,6.0,6.0,8.005457375030781,7.480938833570411,9.398745828698555,7.986917677993196,9.400339558573853,6.0,6.0,0
1254110,2021,Chennai Super Kings,Delhi Capitals,Dubai International Cricket Stadium,Delhi Capitals,field,0.6052631578947368,0.46568627450980393,0.8,0.8,0.625,0,0,0.5365853658536586,41,1612.5566509215835,1608.7632591234335,3.793391798149969,8.005457375030781,7.480938833570411,9.398745828698555,7.986917677993196,9.400339558573853,6.0,6.0,8.005457375030781,7.480938833570411,9.398745828698555,7.986917677993196,9.400339558573853,6.0,6.0,0
1254093,2021,Rajasthan Royals,Mumbai Indians,Sharjah Cricket Stadium,Mumbai Indians,field,0.5029239766081871,0.5813953488372093,0.4,0.2,0.4782608695652174,0,0,0.375,24,1488.4576904822798,1565.6961622437782,-77.23847176149843,8.005457375030781,7.480938833570411,9.398745828698555,7.986917677993196,9.400339558573853,6.0,6.0,8.005457375030781,7.480938833570411,9.398745828698555,7.986917677993196,9.400339558573853,6.0,6.0,0
1254095,2021,Sunrisers Hyderabad,Royal Challengers Bengaluru,"Zayed Cricket Stadium, Abu Dhabi",Royal Challengers Bengaluru,field,0.5,0.4852941176470588,0.2,0.6,0.5555555555555556,0,0,0.16666666666666666,6,1431.210472248168,1547.6949681814242,-116.48449593325631,8.005457375030781,7.480938833570411,9.398745828698555,7.986917677993196,9.400339558573853,6.0,6.0,8.005457375030781,7.480938833570411,9.398745828698555,7.986917677993196,9.400339558573853,6.0,6.0,1
1254094,2021,Chennai Super Kings,Punjab Kings,Dubai International Cricket Stadium,Punjab Kings,field,0.6020942408376964,0.458128078817734,0.6,0.4,0.625,0,0,0.5238095238095238,42,1596.381965714716,1466.1766344866467,130.20533122806933,8.005457375030781,7.480938833570411,9.398745828698555,7.986917677993196,9.400339558573853,6.0,6.0,8.005457375030781,7.480938833570411,9.398745828698555,7.986917677993196,9.400339558573853,6.0,6.0,0
1254106,2021,Kolkata Knight Riders,Rajasthan Royals,Sharjah Cricket Stadium,Rajasthan Royals,field,0.5121951219512195,0.5,0.6,0.2,0.5217391304347826,0,0,0.36,25,1523.8539363758584,1475.9571920324158,47.896744343442606,8.005457375030781,7.480938833570411,9.398745828698555,7.986917677993196,9.400339558573853,6.0,6.0,8.005457375030781,7.480938833570411,9.398745828698555,7.986917677993196,9.400339558573853,6.0,6.0,1
1254088,2021,Mumbai Indians,Sunrisers Hyderabad,"Zayed Cricket Stadium, Abu Dhabi",Mumbai Indians,bat,0.5833333333333334,0.5036496350364964,0.4,0.4,0.5294117647058824,1,1,0.2857142857142857,7,1578.1966606936421,1452.3824326845859,125.81422800905625,8.005457375030781,7.480938833570411,9.398745828698555,7.986917677993196,9.400339558573853,6.0,6.0,8.005457375030781,7.480938833570411,9.398745828698555,7.986917677993196,9.400339558573853,6.0,6.0,1
1254101,2021,Delhi Capitals,Royal Challengers Bengaluru,Dubai International Cricket Stadium,Royal Challengers Bengaluru,field,0.4682926829268293,0.48292682926829267,0.8,0.6,0.4,0,0,0.5116279069767442,43,1624.937944330301,1526.5230077450062,98.41493658529475,8.005457375030781,7.480938833570411,9.398745828698555,7.986917677993196,9.400339558573853,6.0,6.0,8.005457375030781,7.480938833570411,9.398745828698555,7.986917677993196,9.400339558573853,6.0,6.0,0
1254114,2021,Delhi Capitals,Chennai Super Kings,Dubai International Cricket Stadium,Chennai Super Kings,field,0.46601941747572817,0.5989583333333334,0.6,0.4,0.4,0,0,0.5,44,1604.5232167007953,1574.6515795944274,29.87163710636787,8.005457375030781,7.480938833570411,9.398745828698555,7.986917677993196,9.400339558573853,6.0,6.0,8.005457375030781,7.480938833570411,9.398745828698555,7.986917677993196,9.400339558573853,6.0,6.0,0
1254115,2021,Royal Challengers Bengaluru,Kolkata Knight Riders,Sharjah Cricket Stadium,Royal Challengers Bengaluru,bat,0.4854368932038835,0.5145631067961165,0.8,0.6,0.4642857142857143,1,1,0.38461538461538464,26,1546.937735374512,1537.662077507246,9.275657867265863,8.005457375030781,7.480938833570411,9.398745828698555,7.986917677993196,9.400339558573853,6.0,6.0,8.005457375030781,7.480938833570411,9.398745828698555,7.986917677993196,9.400339558573853,6.0,6.0,0
1254116,2021,Delhi Capitals,Kolkata Knight Riders,Sharjah Cricket Stadium,Kolkata Knight Riders,field,0.463768115942029,0.5169082125603864,0.4,0.8,0.4444444444444444,0,0,0.37037037037037035,27,1587.1509566167383,1554.0891358799272,33.061820736811114,8.005457375030781,7.480938833570411,9.398745828698555,7.986917677993196,9.400339558573853,6.0,6.0,8.005457375030781,7.480938833570411,9.398745828698555,7.986917677993196,9.400339558573853,6.0,6.0,0
1254117,2021,Chennai Super Kings,Kolkata Knight Riders,Dubai International Cricket Stadium,Kolkata Knight Riders,field,0.6010362694300518,0.5192307692307693,0.4,0.8,0.6666666666666666,0,0,0.4888888888888889,45,1592.0238396784844,1571.607109829859,20.416729848625437,8.005457375030781,7.480938833570411,9.398745828698555,7.986917677993196,9.400339558573853,6.0,6.0,8.005457375030781,7.480938833570411,9.398745828698555,7.986917677993196,9.400339558573853,6.0,6.0,1
1304047,2022,Chennai Super Kings,Kolkata Knight Riders,"Wankhede Stadium, Mumbai",Kolkata Knight Riders,field,0.6030927835051546,0.5167464114832536,0.4,0.8,0.68,0,0,0.4,10,1607.084695296617,1556.5462542117264,50.538441084890565,8.005457375030781,7.480938833570411,9.398745828698555,7.986917677993196,9.400339558573853,6.0,6.0,8.005457375030781,7.480938833570411,9.398745828698555,7.986917677993196,9.400339558573853,6.0,6.0,0
1304048,2022,Mumbai Indians,Delhi Capitals,"Brabourne Stadium, Mumbai",Delhi Capitals,field,0.5852534562211982,0.46153846153846156,0.6,0.4,0.5333333333333333,0,0,0.0,1,1588.6433457996868,1569.6329826668066,19.01036313288023,8.005457375030781,7.480938833570411,9.398745828698555,7.986917677993196,9.400339558573853,6.0,6.0,8.005457375030781,7.480938833570411,9.398745828698555,7.986917677993196,9.400339558573853,6.0,6.0,0
1304049,2022,Royal Challengers Bengaluru,Punjab Kings,"Dr DY Patil Sports Academy, Mumbai",Punjab Kings,field,0.4830917874396135,0.46078431372549017,0.6,0.6,0.4642857142857143,0,0,0.5,0,1530.5106770018308,1487.9070206069352,42.60365639489555,8.005457375030781,7.480938833570411,9.398745828698555,7.986917677993196,9.400339558573853,6.0,6.0,8.005457375030781,7.480938833570411,9.398745828698555,7.986917677993196,9.400339558573853,6.0,6.0,0
1304050,2022,Lucknow Super Giants,Gujarat Titans,"Wankhede Stadium, Mumbai",Gujarat Titans,field,0.5,0.5,0.5,0.5,0.5,0,0,0.36363636363636365,11,1500.0,1500.0,0.0,8.005457375030781,7.480938833570411,9.398745828698555,7.986917677993196,9.400339558573853,6.0,6.0,8.005457375030781,7.480938833570411,9.398745828698555,7.986917677993196,9.400339558573853,6.0,6.0,0
1304051,2022,Rajasthan Royals,Sunrisers Hyderabad,"Maharashtra Cricket Association Stadium, Pune",Sunrisers Hyderabad,field,0.49710982658959535,0.5,0.2,0.4,0.4666666666666667,0,0,0.5,0,1462.1490509010282,1441.9357475785412,20.213303322487036,8.005457375030781,7.480938833570411,9.398745828698555,7.986917677993196,9.400339558573853,6.0,6.0,8.005457375030781,7.480938833570411,9.398745828698555,7.986917677993196,9.400339558573853,6.0,6.0,1
1304052,2022,Kolkata Knight Riders,Royal Challengers Bengaluru,"Dr DY Patil Sports Academy, Mumbai",Royal Challengers Bengaluru,field,0.5190476190476191,0.4807692307692308,0.8,0.4,0.5517241379310345,0,0,0.0,1,1574.857358165645,1512.5584810203352,62.298877145309916,8.005457375030781,7.480938833570411,9.398745828698555,7.986917677993196,9.400339558573853,6.0,6.0,8.005457375030781,7.480938833570411,9.398745828698555,7.986917677993196,9.400339558573853,6.0,6.0,0
1304053,2022,Chennai Super Kings,Lucknow Super Giants,"Brabourne Stadium, Mumbai",Lucknow Super Giants,field,0.6,0.0,0.4,0.0,0.5,0,0,0.0,2,1588.7735913426982,1484.0,104.77359134269818,8.005457375030781,7.480938833570411,9.398745828698555,7.986917677993196,9.400339558573853,6.0,6.0,8.005457375030781,7.480938833570411,9.398745828698555,7.986917677993196,9.400339558573853,6.0,6.0,0
1304054,2022,Punjab Kings,Kolkata Knight Riders,"Wankhede Stadium, Mumbai",Kolkata Knight Riders,field,0.4634146341463415,0.5165876777251185,0.6,0.6,0.3448275862068966,0,0,0.3333333333333333,12,1505.8592165884309,1556.0187464552369,-50.159529866806,8.005457375030781,7.480938833570411,9.398745828698555,7.986917677993196,9.400339558573853,6.0,6.0,8.005457375030781,7.480938833570411,9.398745828698555,7.986917677993196,9.400339558573853,6.0,6.0,0
1304055,2022,Rajasthan Royals,Mumbai Indians,"Dr DY Patil Sports Academy, Mumbai",Mumbai Indians,field,0.5,0.5825688073394495,0.4,0.6,0.4583333333333333,0,0,0.0,2,1477.2192427008101,1571.7687588487427,-94.54951614793254,8.005457375030781,7.480938833570411,9.398745828698555,7.986917677993196,9.400339558573853,6.0,6.0,8.005457375030781,7.480938833570411,9.398745828698555,7.986917677993196,9.400339558573853,6.0,6.0,1
1304056,2022,Gujarat Titans,Delhi Capitals,"Maharashtra Cricket Association Stadium, Pune",Delhi Capitals,field,1.0,0.46411483253588515,1.0,0.4,0.5,0,0,1.0,1,1516.0,1586.5075696177507,-70.50756961775073,8.005457375030781,7.480938833570411,9.398745828698555,7.986917677993196,9.400339558573853,6.0,6.0,8.005457375030781,7.480938833570411,9.398745828698555,7.986917677993196,9.400339558573853,6.0,6.0,1
1304057,2022,Punjab Kings,Chennai Super Kings,"Brabourne Stadium, Mumbai",Chennai Super Kings,field,0.46116504854368934,0.5969387755102041,0.6,0.4,0.4,0,0,0.0,3,1492.1532324184839,1568.0897195434864,-75.93648712500249,8.005457375030781,7.480938833570411,9.398745828698555,7.986917677993196,9.400339558573853,6.0,6.0,8.005457375030781,7.480938833570411,9.398745828698555,7.986917677993196,9.400339558573853,6.0,6.0,1
1304058,2022,Lucknow Super Giants,Sunrisers Hyderabad,"Dr DY Patil Sports Academy, Mumbai",Sunrisers Hyderabad,field,0.5,0.49640287769784175,0.5,0.2,0.5,0,0,0.3333333333333333,3,1504.6838717992118,1426.8655557787592,77.81831602045258,8.005457375030781,7.480938833570411,9.398745828698555,7.986917677993196,9.400339558573853,6.0,6.0,8.005457375030781,7.480938833570411,9.398745828698555,7.986917677993196,9.400339558573853,6.0,6.0,1
1304059,2022,Rajasthan Royals,Royal Challengers Bengaluru,"Wankhede Stadium, Mumbai",Royal Challengers Bengaluru,field,0.5028571428571429,0.48325358851674644,0.6,0.4,0.45454545454545453,0,0,0.3076923076923077,13,1497.4690137825676,1531.3970927307435,-33.92807894817588,8.005457375030781,7.480938833570411,9.398745828698555,7.986917677993196,9.400339558573853,6.0,6.0,8.005457375030781,7.480938833570411,9.398745828698555,7.986917677993196,9.400339558573853,6.0,6.0,0
1304060,2022,Mumbai Indians,Kolkata Knight Riders,"Maharashtra Cricket Association Stadium, Pune",Kolkata Knight Riders,field,0.5799086757990868,0.5188679245283019,0.4,0.6,0.7586206896551724,0,0,1.0,2,1551.5189877669852,1569.7247306251838,-18.20574285819862,8.005457375030781,7.480938833570411,9.398745828698555,7.986917677993196,9.400339558573853,6.0,6.0,8.005457375030781,7.480938833570411,9.398745828698555,7.986917677993196,9.400339558573853,6.0,6.0,0
1304061,2022,Delhi Capitals,Lucknow Super Giants,"Dr DY Patil Sports Academy, Mumbai",Lucknow Super Giants,field,0.46190476190476193,0.6666666666666666,0.2,0.6666666666666666,0.5,0,0,0.5,4,1567.3044279446822,1517.158954142761,50.14547380192107,8.005457375030781,7.480938833570411,9.398745828698555,7.986917677993196,9.400339558573853,6.0,6.0,8.005457375030781,7.480938833570411,9.398745828698555,7.986917677993196,9.400339558573853,6.0,6.0,0
1304062,2022,Punjab Kings,Gujarat Titans,"Brabourne Stadium, Mumbai",Gujarat Titans,field,0.463768115942029,1.0,0.6,1.0,0.5,0,0,0.25,4,1511.5955970926298,1535.2031416730686,-23.607544580438798,8.005457375030781,7.480938833570411,9.398745828698555,7.986917677993196,9.400339558573853,6.0,6.0,8.005457375030781,7.480938833570411,9.398745828698555,7.986917677993196,9.400339558573853,6.0,6.0,0
1304063,2022,Chennai Super Kings,Sunrisers Hyderabad,"Dr DY Patil Sports Academy, Mumbai",Sunrisers Hyderabad,field,0.5939086294416244,0.4928571428571429,0.4,0.2,0.75,0,0,0.4,5,1548.6473548693405,1414.39047343521,134.2568814341305,8.005457375030781,7.480938833570411,9.398745828698555,7.986917677993196,9.400339558573853,6.0,6.0,8.005457375030781,7.480938833570411,9.398745828698555,7.986917677993196,9.400339558573853,6.0,6.0,0
1304064,2022,Mumbai Indians,Royal Challengers Bengaluru,"Maharashtra Cricket Association Stadium, Pune",Royal Challengers Bengaluru,field,0.5772727272727273,0.4857142857142857,0.4,0.6,0.5862068965517241,0,0,0.6666666666666666,3,1536.3566266877642,1545.8395946192989,-9.482967931534631,8.005457375030781,7.480938833570411,9.398745828698555,7.986917677993196,9.400339558573853,6.0,6.0,8.005457375030781,7.480938833570411,9.398745828698555,7.986917677993196,9.400339558573853,6.0,6.0,0
1304065,2022,Delhi Capitals,Kolkata Knight Riders,"Brabourne Stadium, Mumbai",Kolkata Knight Riders,field,0.4597156398104265,0.5211267605633803,0.2,0.6,0.42857142857142855,0,0,0.2,5,1549.0110461175632,1584.8870917044048,-35.876045586841656,8.005457375030781,7.480938833570411,9.398745828698555,7.986917677993196,9.400339558573853,6.0,6.0,8.005457375030781,7.480938833570411,9.398745828698555,7.986917677993196,9.400339558573853,6.0,6.0,1
1304066,2022,Rajasthan Royals,Lucknow Super Giants,"Wankhede Stadium, Mumbai",Lucknow Super Giants,field,0.5,0.75,0.4,0.75,0.5,0,0,0.2857142857142857,14,1483.0265118940122,1535.45233596988,-52.42582407586792,8.005457375030781,7.480938833570411,9.398745828698555,7.986917677993196,9.400339558573853,6.0,6.0,8.005457375030781,7.480938833570411,9.398745828698555,7.986917677993196,9.400339558573853,6.0,6.0,1
1304067,2022,Gujarat Titans,Sunrisers Hyderabad,"Dr DY Patil Sports Academy, Mumbai",Sunrisers Hyderabad,field,1.0,0.49645390070921985,1.0,0.4,0.5,0,0,0.3333333333333333,6,1550.1176441089065,1436.2828236890853,113.8348204198212,8.005457375030781,7.480938833570411,9.398745828698555,7.986917677993196,9.400339558573853,6.0,6.0,8.005457375030781,7.480938833570411,9.398745828698555,7.986917677993196,9.400339558573853,6.0,6.0,0
1304068,2022,Chennai Super Kings,Royal Challengers Bengaluru,"Dr DY Patil Sports Academy, Mumbai",Royal Challengers Bengaluru,field,0.5909090909090909,0.4881516587677725,0.2,0.6,0.6666666666666666,0,0,0.2857142857142857,7,1526.7550046154652,1561.4029962198501,-34.64799160438497,8.005457375030781,7.480938833570411,9.398745828698555,7.986917677993196,9.400339558573853,6.0,6.0,8.005457375030781,7.480938833570411,9.398745828698555,7.986917677993196,9.400339558573853,6.0,6.0,1
1304069,2022,Punjab Kings,Mumbai Indians,"Maharashtra Cricket Association Stadium, Pune",Mumbai Indians,field,0.46153846153846156,0.5746606334841629,0.6,0.2,0.4642857142857143,0,0,0.5,4,1496.6810946567919,1520.793225087213,-24.112130430421075,8.005457375030781,7.480938833570411,9.398745828698555,7.986917677993196,9.400339558573853,6.0,6.0,8.005457375030781,7.480938833570411,9.398745828698555,7.986917677993196,9.400339558573853,6.0,6.0,1
1304070,2022,Gujarat Titans,Rajasthan Royals,"Dr DY Patil Sports Academy, Mumbai",Rajasthan Royals,field,0.75,0.5028248587570622,0.75,0.6,0.5,0,0,0.375,8,1529.055223695225,1501.4226520388095,27.63257165641562,8.005457375030781,7.480938833570411,9.398745828698555,7.986917677993196,9.400339558573853,6.0,6.0,8.005457375030781,7.480938833570411,9.398745828698555,7.986917677993196,9.400339558573853,6.0,6.0,1
1304071,2022,Kolkata Knight Riders,Sunrisers Hyderabad,"Brabourne Stadium, Mumbai",Sunrisers Hyderabad,field,0.5186915887850467,0.5,0.6,0.4,0.6666666666666666,0,0,0.3333333333333333,6,1567.240785859539,1457.3452441027666,109.89554175677245,8.005457375030781,7.480938833570411,9.398745828698555,7.986917677993196,9.400339558573853,6.0,6.0,8.005457375030781,7.480938833570411,9.398745828698555,7.986917677993196,9.400339558573853,6.0,6.0,0
1304072,2022,Lucknow Super Giants,Mumbai Indians,"Brabourne Stadium, Mumbai",Mumbai Indians,field,0.6,0.5720720720720721,0.6,0.0,0.5,0,0,0.2857142857142857,7,1517.0561958250828,1503.6845997353323,13.371596089750483,8.005457375030781,7.480938833570411,9.398745828698555,7.986917677993196,9.400339558573853,6.0,6.0,8.005457375030781,7.480938833570411,9.398745828698555,7.986917677993196,9.400339558573853,6.0,6.0,1
1304073,2022,Royal Challengers Bengaluru,Delhi Capitals,"Wankhede Stadium, Mumbai",Delhi Capitals,field,0.4858490566037736,0.46226415094339623,0.6,0.4,0.6153846153846154,0,0,0.3333333333333333,15,1543.8126657273326,1566.657351962429,-22.844686235096333,8.005457375030781,7.480938833570411,9.398745828698555,7.986917677993196,9.400339558573853,6.0,6.0,8.005457375030781,7.480938833570411,9.398745828698555,7.986917677993196,9.400339558573853,6.0,6.0,1
1304074,2022,Punjab Kings,Sunrisers Hyderabad,"Dr DY Patil Sports Academy, Mumbai",Sunrisers Hyderabad,field,0.46411483253588515,0.5034965034965035,0.6,0.6,0.3333333333333333,0,0,0.4444444444444444,9,1513.7897200086725,1478.2438342861008,35.54588572257171,8.005457375030781,7.480938833570411,9.398745828698555,7.986917677993196,9.400339558573853,6.0,6.0,8.005457375030781,7.480938833570411,9.398745828698555,7.986917677993196,9.400339558573853,6.0,6.0,0
1304075,2022,Chennai Super Kings,Gujarat Titans,"Maharashtra Cricket Association Stadium, Pune",Gujarat Titans,field,0.592964824120603,0.8,0.2,0.8,0.5,0,0,0.6,5,1544.3453351079827,1543.7853730900529,0.5599620179298199,8.005457375030781,7.480938833570411,9.398745828698555,7.986917677993196,9.400339558573853,6.0,6.0,8.005457375030781,7.480938833570411,9.398745828698555,7.986917677993196,9.400339558573853,6.0,6.0,0
1304076,2022,Rajasthan Royals,Kolkata Knight Riders,"Brabourne Stadium, Mumbai",Kolkata Knight Riders,field,0.5,0.5162790697674419,0.6,0.4,0.4583333333333333,0,0,0.375,8,1486.6925026439817,1546.342195676205,-59.64969303222324,8.005457375030781,7.480938833570411,9.398745828698555,7.986917677993196,9.400339558573853,6.0,6.0,8.005457375030781,7.480938833570411,9.398745828698555,7.986917677993196,9.400339558573853,6.0,6.0,1
1304077,2022,Royal Challengers Bengaluru,Lucknow Super Giants,"Dr DY Patil Sports Academy, Mumbai",Lucknow Super Giants,field,0.48826291079812206,0.6666666666666666,0.8,0.8,0.5,0,0,0.4,10,1560.8631889117257,1532.4407149249378,28.422473986787963,8.005457375030781,7.480938833570411,9.398745828698555,7.986917677993196,9.400339558573853,6.0,6.0,8.005457375030781,7.480938833570411,9.398745828698555,7.986917677993196,9.400339558573853,6.0,6.0,1
1304078,2022,Punjab Kings,Delhi Capitals,"Brabourne Stadium, Mumbai",Delhi Capitals,field,0.46190476190476193,0.460093896713615,0.4,0.4,0.5357142857142857,0,0,0.4444444444444444,9,1496.1584590817151,1549.6068287780358,-53.4483696963207,8.005457375030781,7.480938833570411,9.398745828698555,7.986917677993196,9.400339558573853,6.0,6.0,8.005457375030781,7.480938833570411,9.398745828698555,7.986917677993196,9.400339558573853,6.0,6.0,0
1304079,2022,Mumbai Indians,Chennai Super Kings,"Dr DY Patil Sports Academy, Mumbai",Chennai Super Kings,field,0.5695067264573991,0.59,0.0,0.2,0.59375,0,0,0.45454545454545453,11,1488.3000806354773,1528.3195479264082,-40.019467290930834,8.005457375030781,7.480938833570411,9.398745828698555,7.986917677993196,9.400339558573853,6.0,6.0,8.005457375030781,7.480938833570411,9.398745828698555,7.986917677993196,9.400339558573853,6.0,6.0,0
1304080,2022,Rajasthan Royals,Delhi Capitals,"Wankhede Stadium, Mumbai",Delhi Capitals,field,0.5027932960893855,0.46261682242990654,0.6,0.4,0.5,0,0,0.375,16,1505.4127971422604,1563.1646751998198,-57.75187805755945,8.005457375030781,7.480938833570411,9.398745828698555,7.986917677993196,9.400339558573853,6.0,6.0,8.005457375030781,7.480938833570411,9.398745828698555,7.986917677993196,9.400339558573853,6.0,6.0,1
1304081,2022,Gujarat Titans,Kolkata Knight Riders,"Dr DY Patil Sports Academy, Mumbai",Gujarat Titans,bat,0.8333333333333334,0.5138888888888888,0.8,0.4,0.5,1,1,0.4166666666666667,12,1559.8111602716274,1527.6219011779262,32.18925909370114,8.005457375030781,7.480938833570411,9.398745828698555,7.986917677993196,9.400339558573853,6.0,6.0,8.005457375030781,7.480938833570411,9.398745828698555,7.986917677993196,9.400339558573853,6.0,6.0,1
1304082,2022,Royal Challengers Bengaluru,Sunrisers Hyderabad,"Brabourne Stadium, Mumbai",Sunrisers Hyderabad,field,0.49065420560747663,0.5069444444444444,0.8,0.8,0.42105263157894735,0,0,0.4,10,1575.557197674682,1495.875095213058,79.6821024616238,8.005457375030781,7.480938833570411,9.398745828698555,7.986917677993196,9.400339558573853,6.0,6.0,8.005457375030781,7.480938833570411,9.398745828698555,7.986917677993196,9.400339558573853,6.0,6.0,0
1304083,2022,Lucknow Super Giants,Mumbai Indians,"Wankhede Stadium, Mumbai",Mumbai Indians,field,0.5714285714285714,0.5669642857142857,0.6,0.0,1.0,0,0,0.4117647058823529,17,1517.7467061619816,1474.1349376333817,43.611768528599896,8.005457375030781,7.480938833570411,9.398745828698555,7.986917677993196,9.400339558573853,6.0,6.0,8.005457375030781,7.480938833570411,9.398745828698555,7.986917677993196,9.400339558573853,6.0,6.0,1
1304084,2022,Punjab Kings,Chennai Super Kings,"Wankhede Stadium, Mumbai",Chennai Super Kings,field,0.4597156398104265,0.5920398009950248,0.4,0.4,0.4230769230769231,0,0,0.4444444444444444,18,1482.6006126599311,1542.4846909285038,-59.884078268572694,8.005457375030781,7.480938833570411,9.398745828698555,7.986917677993196,9.400339558573853,6.0,6.0,8.005457375030781,7.480938833570411,9.398745828698555,7.986917677993196,9.400339558573853,6.0,6.0,1
1304085,2022,Rajasthan Royals,Royal Challengers Bengaluru,"Maharashtra Cricket Association Stadium, Pune",Royal Challengers Bengaluru,field,0.5055555555555555,0.4883720930232558,0.6,0.6,0.43478260869565216,0,0,0.5,6,1524.048142321463,1555.9507124746394,-31.902570153176384,8.005457375030781,7.480938833570411,9.398745828698555,7.986917677993196,9.400339558573853,6.0,6.0,8.005457375030781,7.480938833570411,9.398745828698555,7.986917677993196,9.400339558573853,6.0,6.0,1
1304086,2022,Sunrisers Hyderabad,Gujarat Titans,"Wankhede Stadium, Mumbai",Gujarat Titans,field,0.5103448275862069,0.8571428571428571,1.0,0.8,1.0,0,0,0.47368421052631576,19,1515.4815804131006,1574.3330169920007,-58.85143657890012,8.005457375030781,7.480938833570411,9.398745828698555,7.986917677993196,9.400339558573853,6.0,6.0,8.005457375030781,7.480938833570411,9.398745828698555,7.986917677993196,9.400339558573853,6.0,6.0,0
1304087,2022,Kolkata Knight Riders,Delhi Capitals,"Wankhede Stadium, Mumbai",Delhi Capitals,field,0.511520737327189,0.4604651162790698,0.2,0.4,0.5517241379310345,0,0,0.45,20,1513.100044457553,1544.5293300206172,-31.42928556306424,8.005457375030781,7.480938833570411,9.398745828698555,7.986917677993196,9.400339558573853,6.0,6.0,8.005457375030781,7.480938833570411,9.398745828698555,7.986917677993196,9.400339558573853,6.0,6.0,0
1304088,2022,Lucknow Super Giants,Punjab Kings,"Maharashtra Cricket Association Stadium, Pune",Punjab Kings,field,0.625,0.46226415094339623,0.6,0.4,0.5,0,0,0.5714285714285714,7,1531.7487923473898,1501.3313877840485,30.41740456334128,8.005457375030781,7.480938833570411,9.398745828698555,7.986917677993196,9.400339558573853,6.0,6.0,8.005457375030781,7.480938833570411,9.398745828698555,7.986917677993196,9.400339558573853,6.0,6.0,1
1304089,2022,Royal Challengers Bengaluru,Gujarat Titans,"Brabourne Stadium, Mumbai",Royal Challengers Bengaluru,bat,0.4861111111111111,0.875,0.4,0.8,0.5,1,1,0.36363636363636365,11,1538.4856600228386,1587.6484348244003,-49.16277480156168,8.005457375030781,7.480938833570411,9.398745828698555,7.986917677993196,9.400339558573853,6.0,6.0,8.005457375030781,7.480938833570411,9.398745828698555,7.986917677993196,9.400339558573853,6.0,6.0,0
1304090,2022,Rajasthan Royals,Mumbai Indians,"Dr DY Patil Sports Academy, Mumbai",Mumbai Indians,field,0.5082872928176796,0.5644444444444444,0.8,0.0,0.48,0,0,0.46153846153846156,13,1541.5131947732639,1460.1328514479735,81.38034332529037,8.005457375030781,7.480938833570411,9.398745828698555,7.986917677993196,9.400339558573853,6.0,6.0,8.005457375030781,7.480938833570411,9.398745828698555,7.986917677993196,9.400339558573853,6.0,6.0,0
1304091,2022,Lucknow Super Giants,Delhi Capitals,"Wankhede Stadium, Mumbai",Lucknow Super Giants,bat,0.6666666666666666,0.46296296296296297,0.6,0.6,1.0,1,1,0.42857142857142855,21,1546.3515870028182,1559.08589307211,-12.734306069291733,8.005457375030781,7.480938833570411,9.398745828698555,7.986917677993196,9.400339558573853,6.0,6.0,8.005457375030781,7.480938833570411,9.398745828698555,7.986917677993196,9.400339558573853,6.0,6.0,1
1304092,2022,Chennai Super Kings,Sunrisers Hyderabad,"Maharashtra Cricket Association Stadium, Pune",Sunrisers Hyderabad,field,0.5891089108910891,0.5068493150684932,0.4,0.8,0.7058823529411765,0,0,0.625,8,1523.7539158043865,1502.166162580701,21.587753223685468,8.005457375030781,7.480938833570411,9.398745828698555,7.986917677993196,9.400339558573853,6.0,6.0,8.005457375030781,7.480938833570411,9.398745828698555,7.986917677993196,9.400339558573853,6.0,6.0,1
1304093,2022,Rajasthan Royals,Kolkata Knight Riders,"Wankhede Stadium, Mumbai",Kolkata Knight Riders,field,0.5054945054945055,0.5091743119266054,0.6,0.0,0.48,0,0,0.45454545454545453,22,1521.8325584798201,1498.5434814060602,23.289077073759927,8.005457375030781,7.480938833570411,9.398745828698555,7.986917677993196,9.400339558573853,6.0,6.0,8.005457375030781,7.480938833570411,9.398745828698555,7.986917677993196,9.400339558573853,6.0,6.0,0
1304094,2022,Gujarat Titans,Punjab Kings,"Dr DY Patil Sports Academy, Mumbai",Gujarat Titans,bat,0.8888888888888888,0.460093896713615,1.0,0.4,1.0,1,1,0.42857142857142855,14,1601.3993960405053,1486.72859312862,114.67080291188518,8.005457375030781,7.480938833570411,9.398745828698555,7.986917677993196,9.400339558573853,6.0,6.0,8.005457375030781,7.480938833570411,9.398745828698555,7.986917677993196,9.400339558573853,6.0,6.0,0
1304095,2022,Royal Challengers Bengaluru,Chennai Super Kings,"Maharashtra Cricket Association Stadium, Pune",Chennai Super Kings,field,0.4838709677419355,0.5911330049261084,0.4,0.6,0.32142857142857145,0,0,0.6666666666666666,9,1524.7346988067336,1538.7610404323777,-14.026341625644136,8.005457375030781,7.480938833570411,9.398745828698555,7.986917677993196,9.400339558573853,6.0,6.0,8.005457375030781,7.480938833570411,9.398745828698555,7.986917677993196,9.400339558573853,6.0,6.0,1
1304096,2022,Delhi Capitals,Sunrisers Hyderabad,"Brabourne Stadium, Mumbai",Sunrisers Hyderabad,field,0.4608294930875576,0.5034013605442177,0.4,0.6,0.45,0,0,0.3333333333333333,12,1542.4997190687895,1487.1590379527097,55.34068111607985,8.005457375030781,7.480938833570411,9.398745828698555,7.986917677993196,9.400339558573853,6.0,6.0,8.005457375030781,7.480938833570411,9.398745828698555,7.986917677993196,9.400339558573853,6.0,6.0,1
1304097,2022,Mumbai Indians,Gujarat Titans,"Brabourne Stadium, Mumbai",Gujarat Titans,field,0.5663716814159292,0.8,0.2,0.8,0.5,0,0,0.38461538461538464,13,1479.8134877414172,1580.3023576996134,-100.48886995819612,8.005457375030781,7.480938833570411,9.398745828698555,7.986917677993196,9.400339558573853,6.0,6.0,8.005457375030781,7.480938833570411,9.398745828698555,7.986917677993196,9.400339558573853,6.0,6.0,1
1304098,2022,Punjab Kings,Rajasthan Royals,"Wankhede Stadium, Mumbai",Punjab Kings,bat,0.46261682242990654,0.5027322404371585,0.4,0.6,0.43478260869565216,1,1,0.43478260869565216,23,1507.825631469512,1504.7616602862786,3.063971183233434,8.005457375030781,7.480938833570411,9.398745828698555,7.986917677993196,9.400339558573853,6.0,6.0,8.005457375030781,7.480938833570411,9.398745828698555,7.986917677993196,9.400339558573853,6.0,6.0,0
1304099,2022,Lucknow Super Giants,Kolkata Knight Riders,"Maharashtra Cricket Association Stadium, Pune",Kolkata Knight Riders,field,0.7,0.5114155251141552,0.8,0.2,0.5,0,0,0.7,10,1562.9377610061385,1515.6143795996018,47.32338140653678,8.005457375030781,7.480938833570411,9.398745828698555,7.986917677993196,9.400339558573853,6.0,6.0,8.005457375030781,7.480938833570411,9.398745828698555,7.986917677993196,9.400339558573853,6.0,6.0,1
1304100,2022,Royal Challengers Bengaluru,Sunrisers Hyderabad,"Wankhede Stadium, Mumbai",Royal Challengers Bengaluru,bat,0.48623853211009177,0.5,0.4,0.4,0.4,1,1,0.4166666666666667,24,1541.38028501732,1473.6862339279241,67.69405108939577,8.005457375030781,7.480938833570411,9.398745828698555,7.986917677993196,9.400339558573853,6.0,6.0,8.005457375030781,7.480938833570411,9.398745828698555,7.986917677993196,9.400339558573853,6.0,6.0,1
1304101,2022,Chennai Super Kings,Delhi Capitals,"Dr DY Patil Sports Academy, Mumbai",Delhi Capitals,field,0.5882352941176471,0.463302752293578,0.4,0.6,0.6153846153846154,0,0,0.4,15,1522.1154542217914,1555.972523093575,-33.85706887178367,8.005457375030781,7.480938833570411,9.398745828698555,7.986917677993196,9.400339558573853,6.0,6.0,8.005457375030781,7.480938833570411,9.398745828698555,7.986917677993196,9.400339558573853,6.0,6.0,1
1304102,2022,Kolkata Knight Riders,Mumbai Indians,"Dr DY Patil Sports Academy, Mumbai",Mumbai Indians,field,0.509090909090909,0.5682819383259912,0.2,0.4,0.26666666666666666,0,0,0.4375,16,1501.7803238133433,1500.316306159055,1.4640176542882273,8.005457375030781,7.480938833570411,9.398745828698555,7.986917677993196,9.400339558573853,6.0,6.0,8.005457375030781,7.480938833570411,9.398745828698555,7.986917677993196,9.400339558573853,6.0,6.0,1
1304103,2022,Gujarat Titans,Lucknow Super Giants,"Maharashtra Cricket Association Stadium, Pune",Gujarat Titans,bat,0.7272727272727273,0.7272727272727273,0.6,0.8,1.0,1,1,0.7272727272727273,11,1559.7995392819755,1576.771816792397,-16.972277510421463,8.005457375030781,7.480938833570411,9.398745828698555,7.986917677993196,9.400339558573853,6.0,6.0,8.005457375030781,7.480938833570411,9.398745828698555,7.986917677993196,9.400339558573853,6.0,6.0,1
1304104,2022,Rajasthan Royals,Delhi Capitals,"Dr DY Patil Sports Academy, Mumbai",Delhi Capitals,field,0.5054347826086957,0.4611872146118721,0.6,0.4,0.52,0,0,0.47058823529411764,17,1520.9027577159466,1538.4182641943105,-17.515506478363932,8.005457375030781,7.480938833570411,9.398745828698555,7.986917677993196,9.400339558573853,6.0,6.0,8.005457375030781,7.480938833570411,9.398745828698555,7.986917677993196,9.400339558573853,6.0,6.0,0
1304105,2022,Chennai Super Kings,Mumbai Indians,"Wankhede Stadium, Mumbai",Mumbai Indians,field,0.5902439024390244,0.5657894736842105,0.6,0.4,0.42424242424242425,0,0,0.44,25,1539.669713121056,1484.3837262645523,55.28598685650377,8.005457375030781,7.480938833570411,9.398745828698555,7.986917677993196,9.400339558573853,6.0,6.0,8.005457375030781,7.480938833570411,9.398745828698555,7.986917677993196,9.400339558573853,6.0,6.0,0
1304106,2022,Punjab Kings,Royal Challengers Bengaluru,"Brabourne Stadium, Mumbai",Royal Challengers Bengaluru,field,0.4604651162790698,0.4885844748858447,0.4,0.4,0.5517241379310345,0,0,0.42857142857142855,14,1491.684534039844,1554.301717020091,-62.61718298024698,8.005457375030781,7.480938833570411,9.398745828698555,7.986917677993196,9.400339558573853,6.0,6.0,8.005457375030781,7.480938833570411,9.398745828698555,7.986917677993196,9.400339558573853,6.0,6.0,1
1304107,2022,Kolkata Knight Riders,Sunrisers Hyderabad,"Maharashtra Cricket Association Stadium, Pune",Kolkata Knight Riders,bat,0.5113122171945701,0.4966442953020134,0.4,0.2,0.6363636363636364,1,1,0.75,12,1517.7129037078462,1460.764801925153,56.94810178269313,8.005457375030781,7.480938833570411,9.398745828698555,7.986917677993196,9.400339558573853,6.0,6.0,8.005457375030781,7.480938833570411,9.398745828698555,7.986917677993196,9.400339558573853,6.0,6.0,1
1304108,2022,Chennai Super Kings,Gujarat Titans,"Wankhede Stadium, Mumbai",Chennai Super Kings,bat,0.587378640776699,0.75,0.4,0.6,0.0,1,1,0.4230769230769231,26,1521.144973132197,1576.5805204166936,-55.43554728449658,8.005457375030781,7.480938833570411,9.398745828698555,7.986917677993196,9.400339558573853,6.0,6.0,8.005457375030781,7.480938833570411,9.398745828698555,7.986917677993196,9.400339558573853,6.0,6.0,0
1304109,2022,Rajasthan Royals,Lucknow Super Giants,"Brabourne Stadium, Mumbai",Rajasthan Royals,bat,0.5027027027027027,0.6666666666666666,0.4,0.8,1.0,1,1,0.4666666666666667,15,1505.7086939410497,1559.9908356576789,-54.28214171662921,8.005457375030781,7.480938833570411,9.398745828698555,7.986917677993196,9.400339558573853,6.0,6.0,8.005457375030781,7.480938833570411,9.398745828698555,7.986917677993196,9.400339558573853,6.0,6.0,1
1304110,2022,Delhi Capitals,Punjab Kings,"Dr DY Patil Sports Academy, Mumbai",Punjab Kings,field,0.4636363636363636,0.46296296296296297,0.6,0.6,0.4827586206896552,0,0,0.4444444444444444,18,1553.6123279692074,1510.53734058073,43.07498738847744,8.005457375030781,7.480938833570411,9.398745828698555,7.986917677993196,9.400339558573853,6.0,6.0,8.005457375030781,7.480938833570411,9.398745828698555,7.986917677993196,9.400339558573853,6.0,6.0,1
1304111,2022,Sunrisers Hyderabad,Mumbai Indians,"Wankhede Stadium, Mumbai",Mumbai Indians,field,0.49333333333333335,0.5676855895196506,0.0,0.6,0.4444444444444444,0,0,0.4074074074074074,27,1447.3641223661953,1502.9084662534112,-55.54434388721597,8.005457375030781,7.480938833570411,9.398745828698555,7.986917677993196,9.400339558573853,6.0,6.0,8.005457375030781,7.480938833570411,9.398745828698555,7.986917677993196,9.400339558573853,6.0,6.0,1
1304112,2022,Lucknow Super Giants,Kolkata Knight Riders,"Dr DY Patil Sports Academy, Mumbai",Lucknow Super Giants,bat,0.6153846153846154,0.5135135135135135,0.6,0.6,1.0,1,1,0.47368421052631576,19,1541.5111938009225,1531.113583266804,10.397610534118485,8.005457375030781,7.480938833570411,9.398745828698555,7.986917677993196,9.400339558573853,6.0,6.0,8.005457375030781,7.480938833570411,9.398745828698555,7.986917677993196,9.400339558573853,6.0,6.0,1
1304113,2022,Gujarat Titans,Royal Challengers Bengaluru,"Wankhede Stadium, Mumbai",Gujarat Titans,bat,0.7692307692307693,0.4863636363636364,0.6,0.4,1.0,1,1,0.42857142857142855,28,1590.049064868861,1535.448910479205,54.60015438965593,8.005457375030781,7.480938833570411,9.398745828698555,7.986917677993196,9.400339558573853,6.0,6.0,8.005457375030781,7.480938833570411,9.398745828698555,7.986917677993196,9.400339558573853,6.0,6.0,0
1304114,2022,Chennai Super Kings,Rajasthan Royals,"Brabourne Stadium, Mumbai",Chennai Super Kings,bat,0.5845410628019324,0.5053763440860215,0.4,0.4,0.6,1,1,0.5,16,1507.6764286800296,1524.188335797806,-16.511907117776445,8.005457375030781,7.480938833570411,9.398745828698555,7.986917677993196,9.400339558573853,6.0,6.0,8.005457375030781,7.480938833570411,9.398745828698555,7.986917677993196,9.400339558573853,6.0,6.0,0
1304115,2022,Delhi Capitals,Mumbai Indians,"Wankhede Stadium, Mumbai",Mumbai Indians,field,0.4660633484162896,0.5652173913043478,0.6,0.6,0.4838709677419355,0,0,0.41379310344827586,29,1567.6387530760505,1484.3721260975478,83.2666269785027,8.005457375030781,7.480938833570411,9.398745828698555,7.986917677993196,9.400339558573853,6.0,6.0,8.005457375030781,7.480938833570411,9.398745828698555,7.986917677993196,9.400339558573853,6.0,6.0,0
1304116,2022,Sunrisers Hyderabad,Punjab Kings,"Wankhede Stadium, Mumbai",Sunrisers Hyderabad,bat,0.4966887417218543,0.4608294930875576,0.2,0.4,0.6842105263157895,1,1,0.4,30,1465.9004625220587,1496.5109154738868,-30.610452951828165,8.005457375030781,7.480938833570411,9.398745828698555,7.986917677993196,9.400339558573853,6.0,6.0,8.005457375030781,7.480938833570411,9.398745828698555,7.986917677993196,9.400339558573853,6.0,6.0,0
1312197,2022,Rajasthan Royals,Gujarat Titans,"Eden Gardens, Kolkata",Gujarat Titans,field,0.5080213903743316,0.7142857142857143,0.6,0.4,0.0,0,0,0.5,0,1539.428506346859,1571.555131763655,-32.12662541679606,8.005457375030781,7.480938833570411,9.398745828698555,7.986917677993196,9.400339558573853,6.0,6.0,8.005457375030781,7.480938833570411,9.398745828698555,7.986917677993196,9.400339558573853,6.0,6.0,0
1312198,2022,Royal Challengers Bengaluru,Lucknow Super Giants,"Eden Gardens, Kolkata",Lucknow Super Giants,field,0.48868778280542985,0.6428571428571429,0.6,0.6,1.0,0,0,0.0,1,1553.942843584411,1557.0325090368278,-3.089665452416739,8.005457375030781,7.480938833570411,9.398745828698555,7.986917677993196,9.400339558573853,6.0,6.0,8.005457375030781,7.480938833570411,9.398745828698555,7.986917677993196,9.400339558573853,6.0,6.0,1
1312199,2022,Royal Challengers Bengaluru,Rajasthan Royals,"Narendra Modi Stadium, Ahmedabad",Rajasthan Royals,field,0.49099099099099097,0.5053191489361702,0.8,0.6,0.5416666666666666,0,0,0.4,5,1570.0851241861096,1524.9037898091285,45.18133437698111,8.005457375030781,7.480938833570411,9.398745828698555,7.986917677993196,9.400339558573853,6.0,6.0,8.005457375030781,7.480938833570411,9.398745828698555,7.986917677993196,9.400339558573853,6.0,6.0,0
1312200,2022,Rajasthan Royals,Gujarat Titans,"Narendra Modi Stadium, Ahmedabad",Rajasthan Royals,bat,0.5079365079365079,0.7333333333333333,0.6,0.6,0.0,1,1,0.3333333333333333,6,1542.9728171642341,1586.0798483013855,-43.10703113715135,8.005457375030781,7.480938833570411,9.398745828698555,7.986917677993196,9.400339558573853,6.0,6.0,8.005457375030781,7.480938833570411,9.398745828698555,7.986917677993196,9.400339558573853,6.0,6.0,0
1359475,2023,Chennai Super Kings,Gujarat Titans,"Narendra Modi Stadium, Ahmedabad",Gujarat Titans,field,0.5817307692307693,0.75,0.2,0.8,0.0,0,0,0.2857142857142857,7,1492.4362581309767,1600.104820207668,-107.66856207669116,8.005457375030781,7.480938833570411,9.398745828698555,7.986917677993196,9.400339558573853,6.0,6.0,8.005457375030781,7.480938833570411,9.398745828698555,7.986917677993196,9.400339558573853,6.0,6.0,0
1359476,2023,Punjab Kings,Kolkata Knight Riders,"Punjab Cricket Association IS Bindra Stadium, Mohali, Chandigarh",Kolkata Knight Riders,field,0.463302752293578,0.5112107623318386,0.6,0.6,0.3333333333333333,0,0,0.5,0,1511.1048881456202,1515.5922680308986,-4.487379885278415,8.005457375030781,7.480938833570411,9.398745828698555,7.986917677993196,9.400339558573853,6.0,6.0,8.005457375030781,7.480938833570411,9.398745828698555,7.986917677993196,9.400339558573853,6.0,6.0,1
1359477,2023,Lucknow Super Giants,Delhi Capitals,"Bharat Ratna Shri Atal Bihari Vajpayee Ekana Cricket Stadium, Lucknow",Delhi Capitals,field,0.6,0.46396396396396394,0.4,0.6,1.0,0,0,0.5,0,1540.8902284351293,1547.8759504677876,-6.985722032658259,8.005457375030781,7.480938833570411,9.398745828698555,7.986917677993196,9.400339558573853,6.0,6.0,8.005457375030781,7.480938833570411,9.398745828698555,7.986917677993196,9.400339558573853,6.0,6.0,1
1359478,2023,Rajasthan Royals,Sunrisers Hyderabad,"Rajiv Gandhi International Stadium, Uppal, Hyderabad",Sunrisers Hyderabad,field,0.5052631578947369,0.4934210526315789,0.6,0.2,0.5,0,0,0.5,0,1528.9478452579517,1451.3064898503253,77.6413554076264,8.005457375030781,7.480938833570411,9.398745828698555,7.986917677993196,9.400339558573853,6.0,6.0,8.005457375030781,7.480938833570411,9.398745828698555,7.986917677993196,9.400339558573853,6.0,6.0,1
1359479,2023,Mumbai Indians,Royal Challengers Bengaluru,"M Chinnaswamy Stadium, Bengaluru",Royal Challengers Bengaluru,field,0.5670995670995671,0.48878923766816146,0.6,0.6,0.5666666666666667,0,0,0.5,0,1504.1349287058108,1552.016096831004,-47.8811681251932,8.005457375030781,7.480938833570411,9.398745828698555,7.986917677993196,9.400339558573853,6.0,6.0,8.005457375030781,7.480938833570411,9.398745828698555,7.986917677993196,9.400339558573853,6.0,6.0,0
1359480,2023,Chennai Super Kings,Lucknow Super Giants,"MA Chidambaram Stadium, Chepauk, Chennai",Lucknow Super Giants,field,0.5789473684210527,0.625,0.2,0.4,0.0,0,0,0.6,10,1481.2417237515365,1557.211889478403,-75.97016572686653,8.005457375030781,7.480938833570411,9.398745828698555,7.986917677993196,9.400339558573853,6.0,6.0,8.005457375030781,7.480938833570411,9.398745828698555,7.986917677993196,9.400339558573853,6.0,6.0,1
1359481,2023,Delhi Capitals,Gujarat Titans,"Arun Jaitley Stadium, Delhi",Gujarat Titans,field,0.4618834080717489,0.7647058823529411,0.4,0.8,0.0,0,0,0.25,4,1531.5542894245139,1611.2993545871082,-79.7450651625943,8.005457375030781,7.480938833570411,9.398745828698555,7.986917677993196,9.400339558573853,6.0,6.0,8.005457375030781,7.480938833570411,9.398745828698555,7.986917677993196,9.400339558573853,6.0,6.0,0
1359482,2023,Punjab Kings,Rajasthan Royals,"Barsapara Cricket Stadium, Guwahati",Rajasthan Royals,field,0.4657534246575342,0.5078534031413613,0.6,0.6,0.4166666666666667,0,0,0.5,0,1527.3115281360879,1541.4306822775854,-14.119154141497575,8.005457375030781,7.480938833570411,9.398745828698555,7.986917677993196,9.400339558573853,6.0,6.0,8.005457375030781,7.480938833570411,9.398745828698555,7.986917677993196,9.400339558573853,6.0,6.0,1
1359483,2023,Kolkata Knight Riders,Royal Challengers Bengaluru,"Eden Gardens, Kolkata",Royal Challengers Bengaluru,field,0.5089285714285714,0.49107142857142855,0.4,0.6,0.5333333333333333,0,0,0.5,2,1499.385628040431,1565.8249418165897,-66.43931377615877,8.005457375030781,7.480938833570411,9.398745828698555,7.986917677993196,9.400339558573853,6.0,6.0,8.005457375030781,7.480938833570411,9.398745828698555,7.986917677993196,9.400339558573853,6.0,6.0,1
1359484,2023,Sunrisers Hyderabad,Lucknow Super Giants,"Bharat Ratna Shri Atal Bihari Vajpayee Ekana Cricket Stadium, Lucknow",Sunrisers Hyderabad,bat,0.49019607843137253,0.5882352941176471,0.2,0.4,0.0,1,1,1.0,1,1438.8236528306916,1537.7680456697599,-98.94439283906831,8.005457375030781,7.480938833570411,9.398745828698555,7.986917677993196,9.400339558573853,6.0,6.0,8.005457375030781,7.480938833570411,9.398745828698555,7.986917677993196,9.400339558573853,6.0,6.0,0
1359485,2023,Rajasthan Royals,Delhi Capitals,"Barsapara Cricket Stadium, Guwahati",Delhi Capitals,field,0.5052083333333334,0.45982142857142855,0.4,0.4,0.5,0,0,1.0,1,1524.7808288973683,1519.1635267331105,5.617302164257808,8.005457375030781,7.480938833570411,9.398745828698555,7.986917677993196,9.400339558573853,6.0,6.0,8.005457375030781,7.480938833570411,9.398745828698555,7.986917677993196,9.400339558573853,6.0,6.0,1
1359486,2023,Mumbai Indians,Chennai Super Kings,"Wankhede Stadium, Mumbai",Chennai Super Kings,field,0.5646551724137931,0.580952380952381,0.4,0.2,0.5882352941176471,0,0,0.3870967741935484,31,1490.3260837202251,1500.6855675601796,-10.359483839954464,8.005457375030781,7.480938833570411,9.398745828698555,7.986917677993196,9.400339558573853,6.0,6.0,8.005457375030781,7.480938833570411,9.398745828698555,7.986917677993196,9.400339558573853,6.0,6.0,0
1359487,2023,Gujarat Titans,Kolkata Knight Riders,"Narendra Modi Stadium, Ahmedabad",Gujarat Titans,bat,0.7777777777777778,0.5111111111111111,0.8,0.6,1.0,1,1,0.25,8,1623.6901172785115,1518.4085140218506,105.2816032566609,8.005457375030781,7.480938833570411,9.398745828698555,7.986917677993196,9.400339558573853,6.0,6.0,8.005457375030781,7.480938833570411,9.398745828698555,7.986917677993196,9.400339558573853,6.0,6.0,0
1359488,2023,Punjab Kings,Sunrisers Hyderabad,"Rajiv Gandhi International Stadium, Uppal, Hyderabad",Sunrisers Hyderabad,field,0.4681818181818182,0.487012987012987,0.8,0.2,0.35,0,0,1.0,1,1543.961381516305,1427.2608970560384,116.70048446026658,8.005457375030781,7.480938833570411,9.398745828698555,7.986917677993196,9.400339558573853,6.0,6.0,8.005457375030781,7.480938833570411,9.398745828698555,7.986917677993196,9.400339558573853,6.0,6.0,0
1359489,2023,Royal Challengers Bengaluru,Lucknow Super Giants,"M Chinnaswamy Stadium, Bengaluru",Lucknow Super Giants,field,0.4888888888888889,0.6111111111111112,0.6,0.6,1.0,0,0,0.0,1,1546.80205583517,1549.330801444413,-2.5287456092430602,8.005457375030781,7.480938833570411,9.398745828698555,7.986917677993196,9.400339558573853,6.0,6.0,8.005457375030781,7.480938833570411,9.398745828698555,7.986917677993196,9.400339558573853,6.0,6.0,0
1359490,2023,Delhi Capitals,Mumbai Indians,"Arun Jaitley Stadium, Delhi",Mumbai Indians,field,0.4577777777777778,0.5622317596566524,0.2,0.4,0.46875,0,0,0.2,5,1503.4221905197185,1474.8030142509863,28.61917626873219,8.005457375030781,7.480938833570411,9.398745828698555,7.986917677993196,9.400339558573853,6.0,6.0,8.005457375030781,7.480938833570411,9.398745828698555,7.986917677993196,9.400339558573853,6.0,6.0,0
1359491,2023,Rajasthan Royals,Chennai Super Kings,"MA Chidambaram Stadium, Chepauk, Chennai",Chennai Super Kings,field,0.5077720207253886,0.5829383886255924,0.6,0.4,0.4230769230769231,0,0,0.6363636363636364,11,1540.5221651107604,1516.2086370294185,24.31352808134193,8.005457375030781,7.480938833570411,9.398745828698555,7.986917677993196,9.400339558573853,6.0,6.0,8.005457375030781,7.480938833570411,9.398745828698555,7.986917677993196,9.400339558573853,6.0,6.0,1
1359492,2023,Punjab Kings,Gujarat Titans,"Punjab Cricket Association IS Bindra Stadium, Mohali, Chandigarh",Gujarat Titans,field,0.4660633484162896,0.7368421052631579,0.6,0.8,0.5,0,0,1.0,1,1522.7805155453946,1602.9848647188487,-80.20434917345415,8.005457375030781,7.480938833570411,9.398745828698555,7.986917677993196,9.400339558573853,6.0,6.0,8.005457375030781,7.480938833570411,9.398745828698555,7.986917677993196,9.400339558573853,6.0,6.0,0
1359493,2023,Sunrisers Hyderabad,Kolkata Knight Riders,"Eden Gardens, Kolkata",Kolkata Knight Riders,field,0.49032258064516127,0.5132743362831859,0.4,0.6,0.34782608695652173,0,0,0.6666666666666666,3,1448.4417630269488,1539.1137665815133,-90.67200355456453,8.005457375030781,7.480938833570411,9.398745828698555,7.986917677993196,9.400339558573853,6.0,6.0,8.005457375030781,7.480938833570411,9.398745828698555,7.986917677993196,9.400339558573853,6.0,6.0,1
1359494,2023,Royal Challengers Bengaluru,Delhi Capitals,"M Chinnaswamy Stadium, Bengaluru",Delhi Capitals,field,0.48672566371681414,0.4557522123893805,0.4,0.0,0.6296296296296297,0,0,0.0,2,1530.9185068177674,1486.1072015771479,44.811305240619504,8.005457375030781,7.480938833570411,9.398745828698555,7.986917677993196,9.400339558573853,6.0,6.0,8.005457375030781,7.480938833570411,9.398745828698555,7.986917677993196,9.400339558573853,6.0,6.0,1
1359495,2023,Lucknow Super Giants,Punjab Kings,"Bharat Ratna Shri Atal Bihari Vajpayee Ekana Cricket Stadium, Lucknow",Punjab Kings,field,0.631578947368421,0.46396396396396394,0.6,0.6,1.0,0,0,0.5,2,1565.2143504618157,1510.4098214064782,54.804529055337525,8.005457375030781,7.480938833570411,9.398745828698555,7.986917677993196,9.400339558573853,6.0,6.0,8.005457375030781,7.480938833570411,9.398745828698555,7.986917677993196,9.400339558573853,6.0,6.0,0
1359496,2023,Kolkata Knight Riders,Mumbai Indians,"Wankhede Stadium, Mumbai",Mumbai Indians,field,0.5110132158590308,0.5641025641025641,0.4,0.4,0.2903225806451613,0,0,0.375,32,1519.0304504040664,1492.118003193557,26.912447210509526,8.005457375030781,7.480938833570411,9.398745828698555,7.986917677993196,9.400339558573853,6.0,6.0,8.005457375030781,7.480938833570411,9.398745828698555,7.986917677993196,9.400339558573853,6.0,6.0,0
1359497,2023,Gujarat Titans,Rajasthan Royals,"Narendra Modi Stadium, Ahmedabad",Rajasthan Royals,field,0.75,0.5103092783505154,0.8,0.6,1.0,0,0,0.2222222222222222,9,1615.3555588577651,1555.4043099536962,59.95124890406896,8.005457375030781,7.480938833570411,9.398745828698555,7.986917677993196,9.400339558573853,6.0,6.0,8.005457375030781,7.480938833570411,9.398745828698555,7.986917677993196,9.400339558573853,6.0,6.0,0
1359498,2023,Chennai Super Kings,Royal Challengers Bengaluru,"M Chinnaswamy Stadium, Bengaluru",Royal Challengers Bengaluru,field,0.5801886792452831,0.4889867841409692,0.4,0.4,0.6551724137931034,0,0,0.3333333333333333,3,1501.3264921864827,1544.8662372821648,-43.539745095682065,8.005457375030781,7.480938833570411,9.398745828698555,7.986917677993196,9.400339558573853,6.0,6.0,8.005457375030781,7.480938833570411,9.398745828698555,7.986917677993196,9.400339558573853,6.0,6.0,1
1359499,2023,Mumbai Indians,Sunrisers Hyderabad,"Rajiv Gandhi International Stadium, Uppal, Hyderabad",Sunrisers Hyderabad,field,0.5659574468085107,0.4935897435897436,0.6,0.4,0.5263157894736842,0,0,0.5,2,1509.3548943582393,1468.5250792043958,40.82981515384358,8.005457375030781,7.480938833570411,9.398745828698555,7.986917677993196,9.400339558573853,6.0,6.0,8.005457375030781,7.480938833570411,9.398745828698555,7.986917677993196,9.400339558573853,6.0,6.0,1
1359500,2023,Lucknow Super Giants,Rajasthan Royals,"Sawai Mansingh Stadium, Jaipur",Rajasthan Royals,field,0.6,0.5128205128205128,0.6,0.8,0.0,0,0,0.5,0,1546.7112350648258,1574.1380881940693,-27.426853129243455,8.005457375030781,7.480938833570411,9.398745828698555,7.986917677993196,9.400339558573853,6.0,6.0,8.005457375030781,7.480938833570411,9.398745828698555,7.986917677993196,9.400339558573853,6.0,6.0,1
1359501,2023,Royal Challengers Bengaluru,Punjab Kings,"Punjab Cricket Association IS Bindra Stadium, Mohali, Chandigarh",Punjab Kings,field,0.4868421052631579,0.4663677130044843,0.4,0.6,0.43333333333333335,0,0,0.5,2,1526.8715886367406,1528.912936803468,-2.0413481667274027,8.005457375030781,7.480938833570411,9.398745828698555,7.986917677993196,9.400339558573853,6.0,6.0,8.005457375030781,7.480938833570411,9.398745828698555,7.986917677993196,9.400339558573853,6.0,6.0,1
1359502,2023,Kolkata Knight Riders,Delhi Capitals,"Arun Jaitley Stadium, Delhi",Delhi Capitals,field,0.5087719298245614,0.45374449339207046,0.4,0.0,0.5333333333333333,0,0,0.16666666666666666,6,1501.793559239384,1472.1594711127505,29.634088126633515,8.005457375030781,7.480938833570411,9.398745828698555,7.986917677993196,9.400339558573853,6.0,6.0,8.005457375030781,7.480938833570411,9.398745828698555,7.986917677993196,9.400339558573853,6.0,6.0,0
1359503,2023,Sunrisers Hyderabad,Chennai Super Kings,"MA Chidambaram Stadium, Chepauk, Chennai",Chennai Super Kings,field,0.49044585987261147,0.5821596244131455,0.4,0.6,0.2777777777777778,0,0,0.6666666666666666,12,1454.396753412004,1519.3211408319069,-64.92438741990281,8.005457375030781,7.480938833570411,9.398745828698555,7.986917677993196,9.400339558573853,6.0,6.0,8.005457375030781,7.480938833570411,9.398745828698555,7.986917677993196,9.400339558573853,6.0,6.0,0
1359504,2023,Gujarat Titans,Lucknow Super Giants,"Bharat Ratna Shri Atal Bihari Vajpayee Ekana Cricket Stadium, Lucknow",Gujarat Titans,bat,0.7142857142857143,0.6190476190476191,0.6,0.6,1.0,1,1,0.3333333333333333,3,1596.621780617392,1563.9716712143006,32.65010940309139,8.005457375030781,7.480938833570411,9.398745828698555,7.986917677993196,9.400339558573853,6.0,6.0,8.005457375030781,7.480938833570411,9.398745828698555,7.986917677993196,9.400339558573853,6.0,6.0,1
1359505,2023,Punjab Kings,Mumbai Indians,"Wankhede Stadium, Mumbai",Mumbai Indians,field,0.4642857142857143,0.5677966101694916,0.4,0.6,0.4827586206896552,0,0,0.36363636363636365,33,1512.8189303280371,1523.483220150631,-10.6642898225939,8.005457375030781,7.480938833570411,9.398745828698555,7.986917677993196,9.400339558573853,6.0,6.0,8.005457375030781,7.480938833570411,9.398745828698555,7.986917677993196,9.400339558573853,6.0,6.0,1
1359506,2023,Royal Challengers Bengaluru,Rajasthan Royals,"M Chinnaswamy Stadium, Bengaluru",Rajasthan Royals,field,0.4890829694323144,0.5102040816326531,0.4,0.6,0.52,0,0,0.5,4,1542.9655951121715,1556.8776520445945,-13.912056932422956,8.005457375030781,7.480938833570411,9.398745828698555,7.986917677993196,9.400339558573853,6.0,6.0,8.005457375030781,7.480938833570411,9.398745828698555,7.986917677993196,9.400339558573853,6.0,6.0,1
1359507,2023,Chennai Super Kings,Kolkata Knight Riders,"Eden Gardens, Kolkata",Kolkata Knight Riders,field,0.5841121495327103,0.5065502183406113,0.8,0.4,0.6538461538461539,0,0,0.75,4,1532.3655845890441,1484.4321588556586,47.93342573338555,8.005457375030781,7.480938833570411,9.398745828698555,7.986917677993196,9.400339558573853,6.0,6.0,8.005457375030781,7.480938833570411,9.398745828698555,7.986917677993196,9.400339558573853,6.0,6.0,1
1359508,2023,Delhi Capitals,Sunrisers Hyderabad,"Rajiv Gandhi International Stadium, Uppal, Hyderabad",Delhi Capitals,bat,0.45614035087719296,0.4873417721518987,0.2,0.4,0.47619047619047616,1,1,0.6666666666666666,3,1489.5208714964758,1441.3523096548668,48.16856184160906,8.005457375030781,7.480938833570411,9.398745828698555,7.986917677993196,9.400339558573853,6.0,6.0,8.005457375030781,7.480938833570411,9.398745828698555,7.986917677993196,9.400339558573853,6.0,6.0,1
1359509,2023,Gujarat Titans,Mumbai Indians,"Narendra Modi Stadium, Ahmedabad",Mumbai Indians,field,0.7272727272727273,0.5654008438818565,0.6,0.6,0.0,0,0,0.2,10,1611.1225981206792,1506.9922656280646,104.13033249261457,8.005457375030781,7.480938833570411,9.398745828698555,7.986917677993196,9.400339558573853,6.0,6.0,8.005457375030781,7.480938833570411,9.398745828698555,7.986917677993196,9.400339558573853,6.0,6.0,1
1359510,2023,Kolkata Knight Riders,Royal Challengers Bengaluru,"M Chinnaswamy Stadium, Bengaluru",Royal Challengers Bengaluru,field,0.5043478260869565,0.49130434782608695,0.2,0.6,0.5483870967741935,0,0,0.6,5,1470.625675239454,1559.6059268170386,-88.98025157758457,8.005457375030781,7.480938833570411,9.398745828698555,7.986917677993196,9.400339558573853,6.0,6.0,8.005457375030781,7.480938833570411,9.398745828698555,7.986917677993196,9.400339558573853,6.0,6.0,1
1359511,2023,Rajasthan Royals,Chennai Super Kings,"Sawai Mansingh Stadium, Jaipur",Rajasthan Royals,bat,0.5076142131979695,0.586046511627907,0.6,0.8,0.4444444444444444,1,1,1.0,1,1540.2373203397274,1546.1720682052487,-5.934747865521331,8.005457375030781,7.480938833570411,9.398745828698555,7.986917677993196,9.400339558573853,6.0,6.0,8.005457375030781,7.480938833570411,9.398745828698555,7.986917677993196,9.400339558573853,6.0,6.0,1
1359512,2023,Lucknow Super Giants,Punjab Kings,"Punjab Cricket Association IS Bindra Stadium, Mohali, Chandigarh",Punjab Kings,field,0.5909090909090909,0.4666666666666667,0.6,0.4,0.5,0,0,0.6666666666666666,3,1549.4708537110134,1529.3098848506036,20.160968860409866,8.005457375030781,7.480938833570411,9.398745828698555,7.986917677993196,9.400339558573853,6.0,6.0,8.005457375030781,7.480938833570411,9.398745828698555,7.986917677993196,9.400339558573853,6.0,6.0,1
1359513,2023,Kolkata Knight Riders,Gujarat Titans,"Eden Gardens, Kolkata",Gujarat Titans,field,0.5064935064935064,0.7391304347826086,0.2,0.6,0.5,0,0,0.8,5,1490.6360675252417,1622.465825500786,-131.82975797554423,8.005457375030781,7.480938833570411,9.398745828698555,7.986917677993196,9.400339558573853,6.0,6.0,8.005457375030781,7.480938833570411,9.398745828698555,7.986917677993196,9.400339558573853,6.0,6.0,0
1359514,2023,Sunrisers Hyderabad,Delhi Capitals,"Arun Jaitley Stadium, Delhi",Sunrisers Hyderabad,bat,0.48427672955974843,0.4585152838427948,0.4,0.4,0.5,1,1,0.14285714285714285,7,1427.556449949413,1503.3167312019295,-75.7602812525165,8.005457375030781,7.480938833570411,9.398745828698555,7.986917677993196,9.400339558573853,6.0,6.0,8.005457375030781,7.480938833570411,9.398745828698555,7.986917677993196,9.400339558573853,6.0,6.0,1
1359516,2023,Rajasthan Royals,Mumbai Indians,"Wankhede Stadium, Mumbai",Rajasthan Royals,bat,0.51010101010101,0.5630252100840336,0.6,0.6,0.46153846153846156,1,1,0.38235294117647056,34,1556.5105990004522,1495.6490382479578,60.86156075249437,8.005457375030781,7.480938833570411,9.398745828698555,7.986917677993196,9.400339558573853,6.0,6.0,8.005457375030781,7.480938833570411,9.398745828698555,7.986917677993196,9.400339558573853,6.0,6.0,0
1359515,2023,Chennai Super Kings,Punjab Kings,"MA Chidambaram Stadium, Chepauk, Chennai",Chennai Super Kings,bat,0.5833333333333334,0.4646017699115044,0.6,0.4,0.5555555555555556,1,1,0.6153846153846154,13,1529.8987895445239,1514.2372910779413,15.661498466582543,8.005457375030781,7.480938833570411,9.398745828698555,7.986917677993196,9.400339558573853,6.0,6.0,8.005457375030781,7.480938833570411,9.398745828698555,7.986917677993196,9.400339558573853,6.0,6.0,0
1359517,2023,Royal Challengers Bengaluru,Lucknow Super Giants,"Bharat Ratna Shri Atal Bihari Vajpayee Ekana Cricket Stadium, Lucknow",Royal Challengers Bengaluru,bat,0.48917748917748916,0.6086956521739131,0.6,0.6,0.6666666666666666,1,1,0.5,4,1539.595534531251,1564.5434474836757,-24.94791295242476,8.005457375030781,7.480938833570411,9.398745828698555,7.986917677993196,9.400339558573853,6.0,6.0,8.005457375030781,7.480938833570411,9.398745828698555,7.986917677993196,9.400339558573853,6.0,6.0,1
1359518,2023,Delhi Capitals,Gujarat Titans,"Narendra Modi Stadium, Ahmedabad",Delhi Capitals,bat,0.45652173913043476,0.75,0.4,0.8,0.0,1,1,0.2727272727272727,11,1483.882106339614,1632.670336886756,-148.78823054714212,8.005457375030781,7.480938833570411,9.398745828698555,7.986917677993196,9.400339558573853,6.0,6.0,8.005457375030781,7.480938833570411,9.398745828698555,7.986917677993196,9.400339558573853,6.0,6.0,1
1359520,2023,Punjab Kings,Mumbai Indians,"Punjab Cricket Association IS Bindra Stadium, Mohali, Chandigarh",Mumbai Indians,field,0.4669603524229075,0.5648535564853556,0.6,0.6,0.5,0,0,0.75,4,1530.9580416201347,1514.423495760247,16.534545859887658,8.005457375030781,7.480938833570411,9.398745828698555,7.986917677993196,9.400339558573853,6.0,6.0,8.005457375030781,7.480938833570411,9.398745828698555,7.986917677993196,9.400339558573853,6.0,6.0,0
1359521,2023,Kolkata Knight Riders,Sunrisers Hyderabad,"Rajiv Gandhi International Stadium, Uppal, Hyderabad",Kolkata Knight Riders,bat,0.5043103448275862,0.4875,0.2,0.4,0.625,1,1,0.75,4,1480.4315561392716,1446.9910748117286,33.44048132754301,8.005457375030781,7.480938833570411,9.398745828698555,7.986917677993196,9.400339558573853,6.0,6.0,8.005457375030781,7.480938833570411,9.398745828698555,7.986917677993196,9.400339558573853,6.0,6.0,1
1359522,2023,Rajasthan Royals,Gujarat Titans,"Sawai Mansingh Stadium, Jaipur",Rajasthan Royals,bat,0.507537688442211,0.72,0.4,0.6,0.25,1,1,1.0,2,1537.736141488163,1610.2086533560782,-72.47251186791527,8.005457375030781,7.480938833570411,9.398745828698555,7.986917677993196,9.400339558573853,6.0,6.0,8.005457375030781,7.480938833570411,9.398745828698555,7.986917677993196,9.400339558573853,6.0,6.0,0
1359523,2023,Mumbai Indians,Chennai Super Kings,"MA Chidambaram Stadium, Chepauk, Chennai",Chennai Super Kings,field,0.5666666666666667,0.5806451612903226,0.6,0.6,0.5714285714285714,0,0,0.5714285714285714,14,1531.1843654093725,1513.1780390023305,18.006326407042025,8.005457375030781,7.480938833570411,9.398745828698555,7.986917677993196,9.400339558573853,6.0,6.0,8.005457375030781,7.480938833570411,9.398745828698555,7.986917677993196,9.400339558573853,6.0,6.0,0
1359524,2023,Royal Challengers Bengaluru,Delhi Capitals,"Arun Jaitley Stadium, Delhi",Royal Challengers Bengaluru,bat,0.49137931034482757,0.4588744588744589,0.6,0.6,0.6428571428571429,1,1,0.25,8,1556.7424578474622,1506.3437898702919,50.39866797717036,8.005457375030781,7.480938833570411,9.398745828698555,7.986917677993196,9.400339558573853,6.0,6.0,8.005457375030781,7.480938833570411,9.398745828698555,7.986917677993196,9.400339558573853,6.0,6.0,0
1359525,2023,Gujarat Titans,Lucknow Super Giants,"Narendra Modi Stadium, Ahmedabad",Lucknow Super Giants,field,0.7307692307692307,0.5833333333333334,0.8,0.4,1.0,0,0,0.3333333333333333,12,1622.918748576536,1547.3965241674643,75.52222440907167,8.005457375030781,7.480938833570411,9.398745828698555,7.986917677993196,9.400339558573853,6.0,6.0,8.005457375030781,7.480938833570411,9.398745828698555,7.986917677993196,9.400339558573853,6.0,6.0,1
1359526,2023,Rajasthan Royals,Sunrisers Hyderabad,"Sawai Mansingh Stadium, Jaipur",Rajasthan Royals,bat,0.505,0.484472049689441,0.2,0.2,0.5294117647058824,1,1,0.6666666666666666,3,1525.0260462677052,1432.5263279744158,92.49971829328933,8.005457375030781,7.480938833570411,9.398745828698555,7.986917677993196,9.400339558573853,6.0,6.0,8.005457375030781,7.480938833570411,9.398745828698555,7.986917677993196,9.400339558573853,6.0,6.0,0
1359527,2023,Punjab Kings,Kolkata Knight Riders,"Eden Gardens, Kolkata",Punjab Kings,bat,0.4649122807017544,0.5064377682403434,0.4,0.4,0.3548387096774194,1,1,0.6666666666666666,6,1514.1971719710093,1494.8963029765844,19.300868994424945,8.005457375030781,7.480938833570411,9.398745828698555,7.986917677993196,9.400339558573853,6.0,6.0,8.005457375030781,7.480938833570411,9.398745828698555,7.986917677993196,9.400339558573853,6.0,6.0,0
1359528,2023,Royal Challengers Bengaluru,Mumbai Indians,"Wankhede Stadium, Mumbai",Mumbai Indians,field,0.4892703862660944,0.5643153526970954,0.6,0.4,0.45161290322580644,0,0,0.37142857142857144,35,1538.4376567513302,1514.3558850599075,24.081771691422773,8.005457375030781,7.480938833570411,9.398745828698555,7.986917677993196,9.400339558573853,6.0,6.0,8.005457375030781,7.480938833570411,9.398745828698555,7.986917677993196,9.400339558573853,6.0,6.0,0
1359529,2023,Chennai Super Kings,Delhi Capitals,"MA Chidambaram Stadium, Chepauk, Chennai",Chennai Super Kings,bat,0.5825688073394495,0.46120689655172414,0.6,0.8,0.6296296296296297,1,1,0.5333333333333333,15,1530.0065193517955,1524.6485909664239,5.357928385371679,8.005457375030781,7.480938833570411,9.398745828698555,7.986917677993196,9.400339558573853,6.0,6.0,8.005457375030781,7.480938833570411,9.398745828698555,7.986917677993196,9.400339558573853,6.0,6.0,1
1359530,2023,Kolkata Knight Riders,Rajasthan Royals,"Eden Gardens, Kolkata",Rajasthan Royals,field,0.5085470085470085,0.5024875621890548,0.6,0.2,0.5384615384615384,0,0,0.5714285714285714,7,1511.7842276311578,1504.8641489533438,6.92007867781399,8.005457375030781,7.480938833570411,9.398745828698555,7.986917677993196,9.400339558573853,6.0,6.0,8.005457375030781,7.480938833570411,9.398745828698555,7.986917677993196,9.400339558573853,6.0,6.0,0
1359531,2023,Mumbai Indians,Gujarat Titans,"Wankhede Stadium, Mumbai",Gujarat Titans,field,0.5661157024793388,0.7407407407407407,0.6,0.8,0.5,0,0,0.3611111111111111,36,1531.4631190438804,1635.4945829950836,-104.03146395120325,8.005457375030781,7.480938833570411,9.398745828698555,7.986917677993196,9.400339558573853,6.0,6.0,8.005457375030781,7.480938833570411,9.398745828698555,7.986917677993196,9.400339558573853,6.0,6.0,1
1359533,2023,Punjab Kings,Delhi Capitals,"Arun Jaitley Stadium, Delhi",Delhi Capitals,field,0.462882096069869,0.4592274678111588,0.4,0.6,0.5,0,0,0.2222222222222222,9,1497.3092473164359,1508.895313128978,-11.586065812542074,8.005457375030781,7.480938833570411,9.398745828698555,7.986917677993196,9.400339558573853,6.0,6.0,8.005457375030781,7.480938833570411,9.398745828698555,7.986917677993196,9.400339558573853,6.0,6.0,1
1359532,2023,Sunrisers Hyderabad,Lucknow Super Giants,"Rajiv Gandhi International Stadium, Uppal, Hyderabad",Sunrisers Hyderabad,bat,0.4876543209876543,0.56,0.4,0.4,0.0,1,1,0.8,5,1452.6882252887772,1534.8206897489167,-82.13246446013954,8.005457375030781,7.480938833570411,9.398745828698555,7.986917677993196,9.400339558573853,6.0,6.0,8.005457375030781,7.480938833570411,9.398745828698555,7.986917677993196,9.400339558573853,6.0,6.0,0
1359534,2023,Royal Challengers Bengaluru,Rajasthan Royals,"Sawai Mansingh Stadium, Jaipur",Royal Challengers Bengaluru,bat,0.48717948717948717,0.504950495049505,0.4,0.4,0.5384615384615384,1,1,0.5,4,1521.3304227673573,1521.1827882187504,0.14763454860690217,8.005457375030781,7.480938833570411,9.398745828698555,7.986917677993196,9.400339558573853,6.0,6.0,8.005457375030781,7.480938833570411,9.398745828698555,7.986917677993196,9.400339558573853,6.0,6.0,1
1359535,2023,Chennai Super Kings,Kolkata Knight Riders,"MA Chidambaram Stadium, Chepauk, Chennai",Chennai Super Kings,bat,0.5844748858447488,0.5063829787234042,0.6,0.6,0.6666666666666666,1,1,0.5625,16,1545.7597971892415,1495.4655883657513,50.29420882349018,8.005457375030781,7.480938833570411,9.398745828698555,7.986917677993196,9.400339558573853,6.0,6.0,8.005457375030781,7.480938833570411,9.398745828698555,7.986917677993196,9.400339558573853,6.0,6.0,0
1359536,2023,Gujarat Titans,Sunrisers Hyderabad,"Narendra Modi Stadium, Ahmedabad",Sunrisers Hyderabad,field,0.7142857142857143,0.48466257668711654,0.6,0.4,0.5,0,0,0.38461538461538464,13,1614.841978098819,1440.401648759424,174.44032933939502,8.005457375030781,7.480938833570411,9.398745828698555,7.986917677993196,9.400339558573853,6.0,6.0,8.005457375030781,7.480938833570411,9.398745828698555,7.986917677993196,9.400339558573853,6.0,6.0,1
1359537,2023,Lucknow Super Giants,Mumbai Indians,"Bharat Ratna Shri Atal Bihari Vajpayee Ekana Cricket Stadium, Lucknow",Mumbai Indians,field,0.5769230769230769,0.5679012345679012,0.4,0.8,1.0,0,0,0.6,5,1547.10726627827,1552.115723940145,-5.008457661875127,8.005457375030781,7.480938833570411,9.398745828698555,7.986917677993196,9.400339558573853,6.0,6.0,8.005457375030781,7.480938833570411,9.398745828698555,7.986917677993196,9.400339558573853,6.0,6.0,1
1359538,2023,Delhi Capitals,Punjab Kings,"Himachal Pradesh Cricket Association Stadium, Dharamsala",Punjab Kings,field,0.45726495726495725,0.4652173913043478,0.4,0.4,0.4838709677419355,0,0,0.5,0,1492.3619527731657,1513.842607672248,-21.48065489908231,8.005457375030781,7.480938833570411,9.398745828698555,7.986917677993196,9.400339558573853,6.0,6.0,8.005457375030781,7.480938833570411,9.398745828698555,7.986917677993196,9.400339558573853,6.0,6.0,1
1359539,2023,Sunrisers Hyderabad,Royal Challengers Bengaluru,"Rajiv Gandhi International Stadium, Uppal, Hyderabad",Royal Challengers Bengaluru,field,0.4817073170731707,0.48936170212765956,0.4,0.4,0.5714285714285714,0,0,0.6666666666666666,6,1431.8216664061222,1537.3236239455498,-105.50195753942762,8.005457375030781,7.480938833570411,9.398745828698555,7.986917677993196,9.400339558573853,6.0,6.0,8.005457375030781,7.480938833570411,9.398745828698555,7.986917677993196,9.400339558573853,6.0,6.0,0
1359540,2023,Punjab Kings,Rajasthan Royals,"Himachal Pradesh Cricket Association Stadium, Dharamsala",Rajasthan Royals,field,0.46320346320346323,0.5024630541871922,0.4,0.2,0.44,0,0,1.0,1,1496.8546454618663,1505.1895870405579,-8.334941578691542,8.005457375030781,7.480938833570411,9.398745828698555,7.986917677993196,9.400339558573853,6.0,6.0,8.005457375030781,7.480938833570411,9.398745828698555,7.986917677993196,9.400339558573853,6.0,6.0,0
1359541,2023,Chennai Super Kings,Delhi Capitals,"Arun Jaitley Stadium, Delhi",Chennai Super Kings,bat,0.5818181818181818,0.4595744680851064,0.4,0.6,0.6428571428571429,1,1,0.3,10,1527.4597069984388,1509.3499149835475,18.109792014891354,8.005457375030781,7.480938833570411,9.398745828698555,7.986917677993196,9.400339558573853,6.0,6.0,8.005457375030781,7.480938833570411,9.398745828698555,7.986917677993196,9.400339558573853,6.0,6.0,1
1359542,2023,Lucknow Super Giants,Kolkata Knight Riders,"Eden Gardens, Kolkata",Kolkata Knight Riders,field,0.5925925925925926,0.5084745762711864,0.6,0.6,1.0,0,0,0.5,8,1563.337898301892,1513.765678556554,49.57221974533809,8.005457375030781,7.480938833570411,9.398745828698555,7.986917677993196,9.400339558573853,6.0,6.0,8.005457375030781,7.480938833570411,9.398745828698555,7.986917677993196,9.400339558573853,6.0,6.0,1
1359543,2023,Sunrisers Hyderabad,Mumbai Indians,"Wankhede Stadium, Mumbai",Mumbai Indians,field,0.47878787878787876,0.5655737704918032,0.2,0.6,0.45,0,0,0.3783783783783784,37,1420.5361873327145,1535.885091916523,-115.34890458380846,8.005457375030781,7.480938833570411,9.398745828698555,7.986917677993196,9.400339558573853,6.0,6.0,8.005457375030781,7.480938833570411,9.398745828698555,7.986917677993196,9.400339558573853,6.0,6.0,0
1359544,2023,Royal Challengers Bengaluru,Gujarat Titans,"M Chinnaswamy Stadium, Bengaluru",Gujarat Titans,field,0.4915254237288136,0.7241379310344828,0.6,0.6,0.5,0,0,0.6666666666666666,6,1548.6091030189575,1623.4219604521209,-74.81285743316334,8.005457375030781,7.480938833570411,9.398745828698555,7.986917677993196,9.400339558573853,6.0,6.0,8.005457375030781,7.480938833570411,9.398745828698555,7.986917677993196,9.400339558573853,6.0,6.0,0
1370350,2023,Chennai Super Kings,Gujarat Titans,"MA Chidambaram Stadium, Chepauk, Chennai",Gujarat Titans,field,0.583710407239819,0.7333333333333333,0.6,0.8,0.0,0,0,0.5294117647058824,17,1542.6264747302175,1636.0289798219599,-93.40250509174234,8.005457375030781,7.480938833570411,9.398745828698555,7.986917677993196,9.400339558573853,6.0,6.0,8.005457375030781,7.480938833570411,9.398745828698555,7.986917677993196,9.400339558573853,6.0,6.0,1
1370351,2023,Mumbai Indians,Lucknow Super Giants,"MA Chidambaram Stadium, Chepauk, Chennai",Mumbai Indians,bat,0.5673469387755102,0.6071428571428571,0.6,0.6,0.0,1,1,0.5555555555555556,18,1546.7600124127675,1577.070379510387,-30.31036709761952,8.005457375030781,7.480938833570411,9.398745828698555,7.986917677993196,9.400339558573853,6.0,6.0,8.005457375030781,7.480938833570411,9.398745828698555,7.986917677993196,9.400339558573853,6.0,6.0,1
1370352,2023,Gujarat Titans,Mumbai Indians,"Narendra Modi Stadium, Ahmedabad",Mumbai Indians,field,0.7096774193548387,0.5691056910569106,0.6,0.8,0.3333333333333333,0,0,0.42857142857142855,14,1615.8283469329701,1564.1523259575376,51.67602097543249,8.005457375030781,7.480938833570411,9.398745828698555,7.986917677993196,9.400339558573853,6.0,6.0,8.005457375030781,7.480938833570411,9.398745828698555,7.986917677993196,9.400339558573853,6.0,6.0,1
1370353,2023,Gujarat Titans,Chennai Super Kings,"Narendra Modi Stadium, Ahmedabad",Chennai Super Kings,field,0.71875,0.5855855855855856,0.6,0.8,0.75,0,0,0.4666666666666667,15,1629.4659729361858,1562.8271076192073,66.63886531697858,8.005457375030781,7.480938833570411,9.398745828698555,7.986917677993196,9.400339558573853,6.0,6.0,8.005457375030781,7.480938833570411,9.398745828698555,7.986917677993196,9.400339558573853,6.0,6.0,0
1422119,2024,Royal Challengers Bengaluru,Chennai Super Kings,"MA Chidambaram Stadium, Chepauk, Chennai",Royal Challengers Bengaluru,bat,0.48945147679324896,0.5874439461883408,0.4,0.8,0.3333333333333333,1,1,0.5789473684210527,19,1536.0020836491185,1581.8588543031815,-45.856770654062984,8.005457375030781,7.480938833570411,9.398745828698555,7.986917677993196,9.400339558573853,6.0,6.0,8.005457375030781,7.480938833570411,9.398745828698555,7.986917677993196,9.400339558573853,6.0,6.0,0
1422121,2024,Kolkata Knight Riders,Sunrisers Hyderabad,"Eden Gardens, Kolkata",Sunrisers Hyderabad,field,0.5063291139240507,0.4759036144578313,0.6,0.2,0.64,0,0,0.5555555555555556,9,1500.0331973480588,1409.6612668364698,90.37193051158897,8.005457375030781,7.480938833570411,9.398745828698555,7.986917677993196,9.400339558573853,6.0,6.0,8.005457375030781,7.480938833570411,9.398745828698555,7.986917677993196,9.400339558573853,6.0,6.0,1
1422120,2024,Delhi Capitals,Punjab Kings,"Maharaja Yadavindra Singh International Cricket Stadium, Mullanpur",Punjab Kings,field,0.4576271186440678,0.46120689655172414,0.4,0.2,0.5,0,0,0.5,0,1494.1831472517688,1481.2384100885467,12.944737163222044,8.005457375030781,7.480938833570411,9.398745828698555,7.986917677993196,9.400339558573853,6.0,6.0,8.005457375030781,7.480938833570411,9.398745828698555,7.986917677993196,9.400339558573853,6.0,6.0,0
1422122,2024,Rajasthan Royals,Lucknow Super Giants,"Sawai Mansingh Stadium, Jaipur",Rajasthan Royals,bat,0.5049019607843137,0.5862068965517241,0.4,0.6,0.6666666666666666,1,1,0.6,5,1520.8058224138774,1559.678065965617,-38.87224355173953,8.005457375030781,7.480938833570411,9.398745828698555,7.986917677993196,9.400339558573853,6.0,6.0,8.005457375030781,7.480938833570411,9.398745828698555,7.986917677993196,9.400339558573853,6.0,6.0,1
1422123,2024,Gujarat Titans,Mumbai Indians,"Narendra Modi Stadium, Ahmedabad",Mumbai Indians,field,0.696969696969697,0.5668016194331984,0.6,0.6,0.5,0,0,0.4375,16,1610.4342262522116,1550.514699954322,59.91952629788966,8.005457375030781,7.480938833570411,9.398745828698555,7.986917677993196,9.400339558573853,6.0,6.0,8.005457375030781,7.480938833570411,9.398745828698555,7.986917677993196,9.400339558573853,6.0,6.0,1
1422124,2024,Punjab Kings,Royal Challengers Bengaluru,"M Chinnaswamy Stadium, Bengaluru",Royal Challengers Bengaluru,field,0.463519313304721,0.48739495798319327,0.4,0.4,0.5483870967741935,0,0,0.5714285714285714,7,1497.8342615791992,1522.10168812606,-24.26742654686086,8.005457375030781,7.480938833570411,9.398745828698555,7.986917677993196,9.400339558573853,6.0,6.0,8.005457375030781,7.480938833570411,9.398745828698555,7.986917677993196,9.400339558573853,6.0,6.0,0
1422125,2024,Chennai Super Kings,Gujarat Titans,"MA Chidambaram Stadium, Chepauk, Chennai",Gujarat Titans,field,0.5892857142857143,0.7058823529411765,0.8,0.6,0.4,0,0,0.55,20,1595.75924982624,1623.701866265719,-27.942616439479025,8.005457375030781,7.480938833570411,9.398745828698555,7.986917677993196,9.400339558573853,6.0,6.0,8.005457375030781,7.480938833570411,9.398745828698555,7.986917677993196,9.400339558573853,6.0,6.0,1
1422126,2024,Sunrisers Hyderabad,Mumbai Indians,"Rajiv Gandhi International Stadium, Uppal, Hyderabad",Mumbai Indians,field,0.47305389221556887,0.5645161290322581,0.0,0.4,0.42857142857142855,0,0,0.5714285714285714,7,1397.7316613282494,1537.2470599408146,-139.51539861256515,8.005457375030781,7.480938833570411,9.398745828698555,7.986917677993196,9.400339558573853,6.0,6.0,8.005457375030781,7.480938833570411,9.398745828698555,7.986917677993196,9.400339558573853,6.0,6.0,1
1422127,2024,Rajasthan Royals,Delhi Capitals,"Sawai Mansingh Stadium, Jaipur",Delhi Capitals,field,0.5073170731707317,0.45569620253164556,0.6,0.2,0.5185185185185185,0,0,0.6666666666666666,6,1538.5885230434674,1477.5872957611164,61.00122728235101,8.005457375030781,7.480938833570411,9.398745828698555,7.986917677993196,9.400339558573853,6.0,6.0,8.005457375030781,7.480938833570411,9.398745828698555,7.986917677993196,9.400339558573853,6.0,6.0,1
1422128,2024,Royal Challengers Bengaluru,Kolkata Knight Riders,"M Chinnaswamy Stadium, Bengaluru",Kolkata Knight Riders,field,0.4895397489539749,0.5084033613445378,0.6,0.6,0.4375,0,0,0.5,8,1536.9859456795314,1511.9628028562793,25.0231428232521,8.005457375030781,7.480938833570411,9.398745828698555,7.986917677993196,9.400339558573853,6.0,6.0,8.005457375030781,7.480938833570411,9.398745828698555,7.986917677993196,9.400339558573853,6.0,6.0,0
1422129,2024,Lucknow Super Giants,Punjab Kings,"Bharat Ratna Shri Atal Bihari Vajpayee Ekana Cricket Stadium, Lucknow",Lucknow Super Giants,bat,0.5666666666666667,0.46153846153846156,0.6,0.4,0.6666666666666666,1,1,0.6666666666666666,6,1541.895365336027,1482.9500040257278,58.94536131029918,8.005457375030781,7.480938833570411,9.398745828698555,7.986917677993196,9.400339558573853,6.0,6.0,8.005457375030781,7.480938833570411,9.398745828698555,7.986917677993196,9.400339558573853,6.0,6.0,1
1422130,2024,Sunrisers Hyderabad,Gujarat Titans,"Narendra Modi Stadium, Ahmedabad",Sunrisers Hyderabad,bat,0.47619047619047616,0.6857142857142857,0.2,0.4,0.3333333333333333,1,1,0.47058823529411764,17,1419.8321559327196,1606.4178285155767,-186.58567258285711,8.005457375030781,7.480938833570411,9.398745828698555,7.986917677993196,9.400339558573853,6.0,6.0,8.005457375030781,7.480938833570411,9.398745828698555,7.986917677993196,9.400339558573853,6.0,6.0,0
1422131,2024,Delhi Capitals,Chennai Super Kings,"Dr. Y.S. Rajasekhara Reddy ACA-VDCA Cricket Stadium, Visakhapatnam",Delhi Capitals,bat,0.453781512605042,0.5911111111111111,0.2,1.0,0.3448275862068966,1,1,0.5,0,1464.3679913206295,1613.0432875763822,-148.67529625575276,8.005457375030781,7.480938833570411,9.398745828698555,7.986917677993196,9.400339558573853,6.0,6.0,8.005457375030781,7.480938833570411,9.398745828698555,7.986917677993196,9.400339558573853,6.0,6.0,1
1422132,2024,Mumbai Indians,Rajasthan Royals,"Wankhede Stadium, Mumbai",Rajasthan Royals,field,0.5622489959839357,0.5097087378640777,0.4,0.8,0.5555555555555556,0,0,0.3684210526315789,38,1515.1465653363443,1551.8078274839543,-36.66126214760993,8.005457375030781,7.480938833570411,9.398745828698555,7.986917677993196,9.400339558573853,6.0,6.0,8.005457375030781,7.480938833570411,9.398745828698555,7.986917677993196,9.400339558573853,6.0,6.0,0
1422133,2024,Lucknow Super Giants,Royal Challengers Bengaluru,"M Chinnaswamy Stadium, Bengaluru",Royal Challengers Bengaluru,field,0.5806451612903226,0.4875,0.6,0.4,0.25,0,0,0.4444444444444444,9,1555.2065797351215,1519.8355757551237,35.371003979997795,8.005457375030781,7.480938833570411,9.398745828698555,7.986917677993196,9.400339558573853,6.0,6.0,8.005457375030781,7.480938833570411,9.398745828698555,7.986917677993196,9.400339558573853,6.0,6.0,1
1422134,2024,Kolkata Knight Riders,Delhi Capitals,"Dr. Y.S. Rajasekhara Reddy ACA-VDCA Cricket Stadium, Visakhapatnam",Kolkata Knight Riders,bat,0.5104602510460251,0.4560669456066946,0.6,0.4,0.5161290322580645,1,1,1.0,1,1529.113172780687,1486.8253217118365,42.28785106885039,8.005457375030781,7.480938833570411,9.398745828698555,7.986917677993196,9.400339558573853,6.0,6.0,8.005457375030781,7.480938833570411,9.398745828698555,7.986917677993196,9.400339558573853,6.0,6.0,1
1422135,2024,Gujarat Titans,Punjab Kings,"Narendra Modi Stadium, Ahmedabad",Punjab Kings,field,0.6944444444444444,0.4595744680851064,0.6,0.2,0.6666666666666666,0,0,0.4444444444444444,18,1614.5659627502873,1469.6387896266333,144.92717312365403,8.005457375030781,7.480938833570411,9.398745828698555,7.986917677993196,9.400339558573853,6.0,6.0,8.005457375030781,7.480938833570411,9.398745828698555,7.986917677993196,9.400339558573853,6.0,6.0,0
1422136,2024,Chennai Super Kings,Sunrisers Hyderabad,"Rajiv Gandhi International Stadium, Uppal, Hyderabad",Sunrisers Hyderabad,field,0.588495575221239,0.47337278106508873,0.8,0.2,0.7368421052631579,0,0,0.625,8,1590.5859571851752,1411.684021698009,178.90193548716616,8.005457375030781,7.480938833570411,9.398745828698555,7.986917677993196,9.400339558573853,6.0,6.0,8.005457375030781,7.480938833570411,9.398745828698555,7.986917677993196,9.400339558573853,6.0,6.0,0
1422137,2024,Royal Challengers Bengaluru,Rajasthan Royals,"Sawai Mansingh Stadium, Jaipur",Rajasthan Royals,field,0.4854771784232365,0.5120772946859904,0.2,0.8,0.5555555555555556,0,0,0.7142857142857143,7,1505.4588663856616,1566.1257522980254,-60.666885912363796,8.005457375030781,7.480938833570411,9.398745828698555,7.986917677993196,9.400339558573853,6.0,6.0,8.005457375030781,7.480938833570411,9.398745828698555,7.986917677993196,9.400339558573853,6.0,6.0,0
1422138,2024,Mumbai Indians,Delhi Capitals,"Wankhede Stadium, Mumbai",Delhi Capitals,field,0.56,0.45416666666666666,0.2,0.2,0.5454545454545454,0,0,0.358974358974359,39,1500.8286405222732,1472.7631892424977,28.065451279775516,8.005457375030781,7.480938833570411,9.398745828698555,7.986917677993196,9.400339558573853,6.0,6.0,8.005457375030781,7.480938833570411,9.398745828698555,7.986917677993196,9.400339558573853,6.0,6.0,1
1422139,2024,Lucknow Super Giants,Gujarat Titans,"Bharat Ratna Shri Atal Bihari Vajpayee Ekana Cricket Stadium, Lucknow",Lucknow Super Giants,bat,0.59375,0.6756756756756757,0.6,0.4,0.0,1,1,0.7142857142857143,7,1569.5832891045836,1592.2537518149431,-22.670462710359516,8.005457375030781,7.480938833570411,9.398745828698555,7.986917677993196,9.400339558573853,6.0,6.0,8.005457375030781,7.480938833570411,9.398745828698555,7.986917677993196,9.400339558573853,6.0,6.0,1
1426260,2024,Kolkata Knight Riders,Chennai Super Kings,"MA Chidambaram Stadium, Chepauk, Chennai",Chennai Super Kings,field,0.5125,0.5859030837004405,0.8,0.6,0.35714285714285715,0,0,0.5714285714285714,21,1543.1753052500258,1567.0056267535633,-23.83032150353756,8.005457375030781,7.480938833570411,9.398745828698555,7.986917677993196,9.400339558573853,6.0,6.0,8.005457375030781,7.480938833570411,9.398745828698555,7.986917677993196,9.400339558573853,6.0,6.0,0
1426261,2024,Sunrisers Hyderabad,Punjab Kings,"Maharaja Yadavindra Singh International Cricket Stadium, Mullanpur",Punjab Kings,field,0.4764705882352941,0.461864406779661,0.4,0.4,0.6666666666666666,0,0,0.0,1,1435.2643521296209,1491.9510005619775,-56.686648432356606,8.005457375030781,7.480938833570411,9.398745828698555,7.986917677993196,9.400339558573853,6.0,6.0,8.005457375030781,7.480938833570411,9.398745828698555,7.986917677993196,9.400339558573853,6.0,6.0,1
1426262,2024,Rajasthan Royals,Gujarat Titans,"Sawai Mansingh Stadium, Jaipur",Gujarat Titans,field,0.5144230769230769,0.6578947368421053,1.0,0.4,0.2,0,0,0.625,8,1579.3599911673862,1575.211217594862,4.148773572524078,8.005457375030781,7.480938833570411,9.398745828698555,7.986917677993196,9.400339558573853,6.0,6.0,8.005457375030781,7.480938833570411,9.398745828698555,7.986917677993196,9.400339558573853,6.0,6.0,0
1426263,2024,Royal Challengers Bengaluru,Mumbai Indians,"Wankhede Stadium, Mumbai",Mumbai Indians,field,0.4834710743801653,0.5617529880478087,0.2,0.2,0.4375,0,0,0.375,40,1492.2246275163009,1515.5389826103703,-23.31435509406947,8.005457375030781,7.480938833570411,9.398745828698555,7.986917677993196,9.400339558573853,6.0,6.0,8.005457375030781,7.480938833570411,9.398745828698555,7.986917677993196,9.400339558573853,6.0,6.0,0
1426264,2024,Lucknow Super Giants,Delhi Capitals,"Bharat Ratna Shri Atal Bihari Vajpayee Ekana Cricket Stadium, Lucknow",Lucknow Super Giants,bat,0.6060606060606061,0.45228215767634855,0.6,0.2,1.0,1,1,0.75,8,1586.6258233246647,1458.0528471544005,128.57297617026416,8.005457375030781,7.480938833570411,9.398745828698555,7.986917677993196,9.400339558573853,6.0,6.0,8.005457375030781,7.480938833570411,9.398745828698555,7.986917677993196,9.400339558573853,6.0,6.0,0
1426265,2024,Punjab Kings,Rajasthan Royals,"Maharaja Yadavindra Singh International Cricket Stadium, Mullanpur",Rajasthan Royals,field,0.459915611814346,0.5119617224880383,0.4,0.8,0.4230769230769231,0,0,0.5,2,1473.3634041488722,1563.1689421642507,-89.80553801537849,8.005457375030781,7.480938833570411,9.398745828698555,7.986917677993196,9.400339558573853,6.0,6.0,8.005457375030781,7.480938833570411,9.398745828698555,7.986917677993196,9.400339558573853,6.0,6.0,0
1426267,2024,Chennai Super Kings,Mumbai Indians,"Wankhede Stadium, Mumbai",Mumbai Indians,field,0.5877192982456141,0.5634920634920635,0.6,0.4,0.4444444444444444,0,0,0.36585365853658536,41,1581.9099175994081,1530.4669255415092,51.44299205789889,8.005457375030781,7.480938833570411,9.398745828698555,7.986917677993196,9.400339558573853,6.0,6.0,8.005457375030781,7.480938833570411,9.398745828698555,7.986917677993196,9.400339558573853,6.0,6.0,1
1426266,2024,Lucknow Super Giants,Kolkata Knight Riders,"Eden Gardens, Kolkata",Kolkata Knight Riders,field,0.5882352941176471,0.5103734439834025,0.6,0.6,1.0,0,0,0.6,10,1564.9610774359387,1528.271014404181,36.690063031757745,8.005457375030781,7.480938833570411,9.398745828698555,7.986917677993196,9.400339558573853,6.0,6.0,8.005457375030781,7.480938833570411,9.398745828698555,7.986917677993196,9.400339558573853,6.0,6.0,0
1426268,2024,Sunrisers Hyderabad,Royal Challengers Bengaluru,"M Chinnaswamy Stadium, Bengaluru",Royal Challengers Bengaluru,field,0.47953216374269003,0.48148148148148145,0.6,0.2,0.5454545454545454,0,0,0.5,10,1453.8519485427262,1477.296684585162,-23.444736042435807,8.005457375030781,7.480938833570411,9.398745828698555,7.986917677993196,9.400339558573853,6.0,6.0,8.005457375030781,7.480938833570411,9.398745828698555,7.986917677993196,9.400339558573853,6.0,6.0,1
1426269,2024,Kolkata Knight Riders,Rajasthan Royals,"Eden Gardens, Kolkata",Rajasthan Royals,field,0.512396694214876,0.5142857142857142,0.8,0.8,0.5185185185185185,0,0,0.5454545454545454,11,1545.9544012494737,1575.1229530183205,-29.168551768846783,8.005457375030781,7.480938833570411,9.398745828698555,7.986917677993196,9.400339558573853,6.0,6.0,8.005457375030781,7.480938833570411,9.398745828698555,7.986917677993196,9.400339558573853,6.0,6.0,0
1426270,2024,Gujarat Titans,Delhi Capitals,"Narendra Modi Stadium, Ahmedabad",Delhi Capitals,field,0.6666666666666666,0.45454545454545453,0.4,0.4,0.6666666666666666,0,0,0.42105263157894735,19,1591.4022665979976,1479.7175930431265,111.6846735548711,8.005457375030781,7.480938833570411,9.398745828698555,7.986917677993196,9.400339558573853,6.0,6.0,8.005457375030781,7.480938833570411,9.398745828698555,7.986917677993196,9.400339558573853,6.0,6.0,0
1426271,2024,Mumbai Indians,Punjab Kings,"Maharaja Yadavindra Singh International Cricket Stadium, Mullanpur",Punjab Kings,field,0.5612648221343873,0.4579831932773109,0.4,0.2,0.5161290322580645,0,0,0.3333333333333333,3,1516.8188010664778,1461.4093932948024,55.40940777167543,8.005457375030781,7.480938833570411,9.398745828698555,7.986917677993196,9.400339558573853,6.0,6.0,8.005457375030781,7.480938833570411,9.398745828698555,7.986917677993196,9.400339558573853,6.0,6.0,1
1426272,2024,Chennai Super Kings,Lucknow Super Giants,"Bharat Ratna Shri Atal Bihari Vajpayee Ekana Cricket Stadium, Lucknow",Lucknow Super Giants,field,0.5895196506550219,0.5714285714285714,0.6,0.6,0.5,0,0,0.6666666666666666,9,1595.5580420744395,1547.277690590646,48.28035148379354,8.005457375030781,7.480938833570411,9.398745828698555,7.986917677993196,9.400339558573853,6.0,6.0,8.005457375030781,7.480938833570411,9.398745828698555,7.986917677993196,9.400339558573853,6.0,6.0,0
1426273,2024,Sunrisers Hyderabad,Delhi Capitals,"Arun Jaitley Stadium, Delhi",Delhi Capitals,field,0.48255813953488375,0.4567901234567901,0.8,0.6,0.5217391304347826,0,0,0.36363636363636365,11,1470.9299827695647,1500.6907345194102,-29.76075174984544,8.005457375030781,7.480938833570411,9.398745828698555,7.986917677993196,9.400339558573853,6.0,6.0,8.005457375030781,7.480938833570411,9.398745828698555,7.986917677993196,9.400339558573853,6.0,6.0,1
1426275,2024,Punjab Kings,Gujarat Titans,"Maharaja Yadavindra Singh International Cricket Stadium, Mullanpur",Punjab Kings,bat,0.4560669456066946,0.65,0.2,0.4,0.5,1,1,0.5,4,1447.9396751927159,1570.429125121714,-122.48944992899806,8.005457375030781,7.480938833570411,9.398745828698555,7.986917677993196,9.400339558573853,6.0,6.0,8.005457375030781,7.480938833570411,9.398745828698555,7.986917677993196,9.400339558573853,6.0,6.0,0
1426274,2024,Kolkata Knight Riders,Royal Challengers Bengaluru,"Eden Gardens, Kolkata",Royal Challengers Bengaluru,field,0.5102880658436214,0.47950819672131145,0.6,0.0,0.5757575757575758,0,0,0.5,12,1531.294515691622,1460.2186503583234,71.07586533329868,8.005457375030781,7.480938833570411,9.398745828698555,7.986917677993196,9.400339558573853,6.0,6.0,8.005457375030781,7.480938833570411,9.398745828698555,7.986917677993196,9.400339558573853,6.0,6.0,1
1426276,2024,Mumbai Indians,Rajasthan Royals,"Sawai Mansingh Stadium, Jaipur",Mumbai Indians,bat,0.562992125984252,0.5165876777251185,0.6,0.8,0.5357142857142857,1,1,0.5555555555555556,9,1530.2885191685643,1589.782838576172,-59.49431940760769,8.005457375030781,7.480938833570411,9.398745828698555,7.986917677993196,9.400339558573853,6.0,6.0,8.005457375030781,7.480938833570411,9.398745828698555,7.986917677993196,9.400339558573853,6.0,6.0,0
1426277,2024,Chennai Super Kings,Lucknow Super Giants,"MA Chidambaram Stadium, Chepauk, Chennai",Lucknow Super Giants,field,0.5869565217391305,0.5833333333333334,0.4,0.6,0.3333333333333333,0,0,0.5454545454545454,22,1577.3488515986608,1565.4868810664248,11.861970532236,8.005457375030781,7.480938833570411,9.398745828698555,7.986917677993196,9.400339558573853,6.0,6.0,8.005457375030781,7.480938833570411,9.398745828698555,7.986917677993196,9.400339558573853,6.0,6.0,0
1426278,2024,Delhi Capitals,Gujarat Titans,"Arun Jaitley Stadium, Delhi",Gujarat Titans,field,0.45491803278688525,0.6585365853658537,0.4,0.4,0.5,0,0,0.4166666666666667,12,1483.323543470961,1581.0109217925524,-97.68737832159127,8.005457375030781,7.480938833570411,9.398745828698555,7.986917677993196,9.400339558573853,6.0,6.0,8.005457375030781,7.480938833570411,9.398745828698555,7.986917677993196,9.400339558573853,6.0,6.0,1
1426279,2024,Royal Challengers Bengaluru,Sunrisers Hyderabad,"Rajiv Gandhi International Stadium, Uppal, Hyderabad",Royal Challengers Bengaluru,bat,0.4775510204081633,0.48554913294797686,0.0,0.8,0.43478260869565216,1,1,0.5555555555555556,9,1447.4469058741943,1488.2971738180138,-40.85026794381952,8.005457375030781,7.480938833570411,9.398745828698555,7.986917677993196,9.400339558573853,6.0,6.0,8.005457375030781,7.480938833570411,9.398745828698555,7.986917677993196,9.400339558573853,6.0,6.0,1
1426280,2024,Kolkata Knight Riders,Punjab Kings,"Eden Gardens, Kolkata",Punjab Kings,field,0.5122950819672131,0.45416666666666666,0.6,0.2,0.65625,0,0,0.5384615384615384,13,1544.0662601757513,1437.3578785218774,106.70838165387386,8.005457375030781,7.480938833570411,9.398745828698555,7.986917677993196,9.400339558573853,6.0,6.0,8.005457375030781,7.480938833570411,9.398745828698555,7.986917677993196,9.400339558573853,6.0,6.0,0
1426281,2024,Delhi Capitals,Mumbai Indians,"Arun Jaitley Stadium, Delhi",Mumbai Indians,field,0.45714285714285713,0.5607843137254902,0.6,0.6,0.4411764705882353,0,0,0.46153846153846156,13,1503.707298782578,1517.001864749759,-13.294565967181143,8.005457375030781,7.480938833570411,9.398745828698555,7.986917677993196,9.400339558573853,6.0,6.0,8.005457375030781,7.480938833570411,9.398745828698555,7.986917677993196,9.400339558573853,6.0,6.0,1
1426282,2024,Lucknow Super Giants,Rajasthan Royals,"Bharat Ratna Shri Atal Bihari Vajpayee Ekana Cricket Stadium, Lucknow",Rajasthan Royals,field,0.5945945945945946,0.5188679245283019,0.6,0.8,0.25,0,0,0.6,10,1582.0329328464186,1603.0694929949773,-21.036560148558692,8.005457375030781,7.480938833570411,9.398745828698555,7.986917677993196,9.400339558573853,6.0,6.0,8.005457375030781,7.480938833570411,9.398745828698555,7.986917677993196,9.400339558573853,6.0,6.0,0
1426283,2024,Gujarat Titans,Royal Challengers Bengaluru,"Narendra Modi Stadium, Ahmedabad",Royal Challengers Bengaluru,field,0.6428571428571429,0.4796747967479675,0.4,0.2,0.6666666666666666,0,0,0.4,20,1560.6271664809356,1465.3195090722033,95.30765740873221,8.005457375030781,7.480938833570411,9.398745828698555,7.986917677993196,9.400339558573853,6.0,6.0,8.005457375030781,7.480938833570411,9.398745828698555,7.986917677993196,9.400339558573853,6.0,6.0,0
1426284,2024,Chennai Super Kings,Sunrisers Hyderabad,"MA Chidambaram Stadium, Chepauk, Chennai",Sunrisers Hyderabad,field,0.5844155844155844,0.4827586206896552,0.4,0.8,0.7,0,0,0.5217391304347826,23,1560.802799818667,1470.424570620005,90.37822919866198,8.005457375030781,7.480938833570411,9.398745828698555,7.986917677993196,9.400339558573853,6.0,6.0,8.005457375030781,7.480938833570411,9.398745828698555,7.986917677993196,9.400339558573853,6.0,6.0,1
1426285,2024,Delhi Capitals,Kolkata Knight Riders,"Eden Gardens, Kolkata",Delhi Capitals,bat,0.45934959349593496,0.5102040816326531,0.8,0.4,0.46875,1,1,0.5,14,1520.319237533561,1523.301057131483,-2.98181959792214,8.005457375030781,7.480938833570411,9.398745828698555,7.986917677993196,9.400339558573853,6.0,6.0,8.005457375030781,7.480938833570411,9.398745828698555,7.986917677993196,9.400339558573853,6.0,6.0,0
1426286,2024,Mumbai Indians,Lucknow Super Giants,"Bharat Ratna Shri Atal Bihari Vajpayee Ekana Cricket Stadium, Lucknow",Lucknow Super Giants,field,0.55859375,0.5789473684210527,0.4,0.4,0.25,0,0,0.5454545454545454,11,1500.389925998776,1567.000520116922,-66.61059411814585,8.005457375030781,7.480938833570411,9.398745828698555,7.986917677993196,9.400339558573853,6.0,6.0,8.005457375030781,7.480938833570411,9.398745828698555,7.986917677993196,9.400339558573853,6.0,6.0,0
1426287,2024,Chennai Super Kings,Punjab Kings,"MA Chidambaram Stadium, Chepauk, Chennai",Punjab Kings,field,0.5862068965517241,0.45643153526970953,0.6,0.2,0.5357142857142857,0,0,0.5416666666666666,24,1572.7321340356664,1458.1230815661456,114.60905246952075,8.005457375030781,7.480938833570411,9.398745828698555,7.986917677993196,9.400339558573853,6.0,6.0,8.005457375030781,7.480938833570411,9.398745828698555,7.986917677993196,9.400339558573853,6.0,6.0,0
1426288,2024,Sunrisers Hyderabad,Rajasthan Royals,"Rajiv Gandhi International Stadium, Uppal, Hyderabad",Sunrisers Hyderabad,bat,0.48,0.5211267605633803,0.6,0.8,0.5,1,1,0.6,10,1458.4952364030055,1618.101905724474,-159.60666932146842,8.005457375030781,7.480938833570411,9.398745828698555,7.986917677993196,9.400339558573853,6.0,6.0,8.005457375030781,7.480938833570411,9.398745828698555,7.986917677993196,9.400339558573853,6.0,6.0,1
1426289,2024,Kolkata Knight Riders,Mumbai Indians,"Wankhede Stadium, Mumbai",Mumbai Indians,field,0.5121951219512195,0.556420233463035,0.6,0.2,0.28125,0,0,0.38095238095238093,42,1539.1637426357352,1487.4204174716447,51.74332516409049,8.005457375030781,7.480938833570411,9.398745828698555,7.986917677993196,9.400339558573853,6.0,6.0,8.005457375030781,7.480938833570411,9.398745828698555,7.986917677993196,9.400339558573853,6.0,6.0,1
1426290,2024,Gujarat Titans,Royal Challengers Bengaluru,"M Chinnaswamy Stadium, Bengaluru",Royal Challengers Bengaluru,field,0.627906976744186,0.4817813765182186,0.4,0.4,0.5,0,0,0.5454545454545454,11,1540.3449636801533,1485.6017118729856,54.74325180716778,8.005457375030781,7.480938833570411,9.398745828698555,7.986917677993196,9.400339558573853,6.0,6.0,8.005457375030781,7.480938833570411,9.398745828698555,7.986917677993196,9.400339558573853,6.0,6.0,0
1426292,2024,Kolkata Knight Riders,Lucknow Super Giants,"Bharat Ratna Shri Atal Bihari Vajpayee Ekana Cricket Stadium, Lucknow",Lucknow Super Giants,field,0.5141700404858299,0.5897435897435898,0.6,0.6,0.25,0,0,0.5,12,1552.7983368219059,1579.9700286440534,-27.171691822147523,8.005457375030781,7.480938833570411,9.398745828698555,7.986917677993196,9.400339558573853,6.0,6.0,8.005457375030781,7.480938833570411,9.398745828698555,7.986917677993196,9.400339558573853,6.0,6.0,1
1426291,2024,Chennai Super Kings,Punjab Kings,"Himachal Pradesh Cricket Association Stadium, Dharamsala",Punjab Kings,field,0.5836909871244635,0.45867768595041325,0.4,0.4,0.5172413793103449,0,0,0.5,2,1551.637650962177,1479.217564639635,72.42008632254215,8.005457375030781,7.480938833570411,9.398745828698555,7.986917677993196,9.400339558573853,6.0,6.0,8.005457375030781,7.480938833570411,9.398745828698555,7.986917677993196,9.400339558573853,6.0,6.0,1
1426293,2024,Sunrisers Hyderabad,Mumbai Indians,"Wankhede Stadium, Mumbai",Mumbai Indians,field,0.48295454545454547,0.5542635658914729,0.6,0.2,0.45454545454545453,0,0,0.3953488372093023,43,1481.368560774354,1473.785823285474,7.582737488879957,8.005457375030781,7.480938833570411,9.398745828698555,7.986917677993196,9.400339558573853,6.0,6.0,8.005457375030781,7.480938833570411,9.398745828698555,7.986917677993196,9.400339558573853,6.0,6.0,0
1426294,2024,Delhi Capitals,Rajasthan Royals,"Arun Jaitley Stadium, Delhi",Rajasthan Royals,field,0.4574898785425101,0.5186915887850467,0.6,0.8,0.4642857142857143,0,0,0.5,14,1504.4565520293088,1595.2285813531255,-90.7720293238167,8.005457375030781,7.480938833570411,9.398745828698555,7.986917677993196,9.400339558573853,6.0,6.0,8.005457375030781,7.480938833570411,9.398745828698555,7.986917677993196,9.400339558573853,6.0,6.0,1
1426295,2024,Lucknow Super Giants,Sunrisers Hyderabad,"Rajiv Gandhi International Stadium, Uppal, Hyderabad",Lucknow Super Giants,bat,0.575,0.480225988700565,0.6,0.4,1.0,1,1,0.6363636363636364,11,1562.7212708579564,1465.0194182415885,97.70185261636789,8.005457375030781,7.480938833570411,9.398745828698555,7.986917677993196,9.400339558573853,6.0,6.0,8.005457375030781,7.480938833570411,9.398745828698555,7.986917677993196,9.400339558573853,6.0,6.0,0
1426296,2024,Royal Challengers Bengaluru,Punjab Kings,"Himachal Pradesh Cricket Association Stadium, Dharamsala",Punjab Kings,field,0.4838709677419355,0.4567901234567901,0.6,0.4,0.46875,0,0,0.6666666666666666,3,1504.1020743388647,1466.5051571359143,37.59691720295041,8.005457375030781,7.480938833570411,9.398745828698555,7.986917677993196,9.400339558573853,6.0,6.0,8.005457375030781,7.480938833570411,9.398745828698555,7.986917677993196,9.400339558573853,6.0,6.0,1
1426297,2024,Gujarat Titans,Chennai Super Kings,"Narendra Modi Stadium, Ahmedabad",Chennai Super Kings,field,0.6136363636363636,0.5854700854700855,0.2,0.4,0.5,0,0,0.38095238095238093,21,1521.8446012142742,1564.3500584658977,-42.50545725162351,8.005457375030781,7.480938833570411,9.398745828698555,7.986917677993196,9.400339558573853,6.0,6.0,8.005457375030781,7.480938833570411,9.398745828698555,7.986917677993196,9.400339558573853,6.0,6.0,1
1426298,2024,Kolkata Knight Riders,Mumbai Indians,"Eden Gardens, Kolkata",Mumbai Indians,field,0.5161290322580645,0.555984555984556,0.8,0.2,0.30303030303030304,0,0,0.4666666666666667,15,1570.047094608003,1490.1349658182394,79.91212878976353,8.005457375030781,7.480938833570411,9.398745828698555,7.986917677993196,9.400339558573853,6.0,6.0,8.005457375030781,7.480938833570411,9.398745828698555,7.986917677993196,9.400339558573853,6.0,6.0,1
1426299,2024,Rajasthan Royals,Chennai Super Kings,"MA Chidambaram Stadium, Chepauk, Chennai",Rajasthan Royals,bat,0.5162790697674419,0.5829787234042553,0.6,0.4,0.4642857142857143,1,1,0.52,25,1575.1409591507343,1546.402317553086,28.73864159764821,8.005457375030781,7.480938833570411,9.398745828698555,7.986917677993196,9.400339558573853,6.0,6.0,8.005457375030781,7.480938833570411,9.398745828698555,7.986917677993196,9.400339558573853,6.0,6.0,0
1426300,2024,Royal Challengers Bengaluru,Delhi Capitals,"M Chinnaswamy Stadium, Bengaluru",Delhi Capitals,field,0.4859437751004016,0.4596774193548387,0.8,0.6,0.6206896551724138,0,0,0.5,12,1518.3773990342274,1524.5441742317,-6.166775197472589,8.005457375030781,7.480938833570411,9.398745828698555,7.986917677993196,9.400339558573853,6.0,6.0,8.005457375030781,7.480938833570411,9.398745828698555,7.986917677993196,9.400339558573853,6.0,6.0,1
1426302,2024,Delhi Capitals,Lucknow Super Giants,"Arun Jaitley Stadium, Delhi",Lucknow Super Giants,field,0.4578313253012048,0.5609756097560976,0.6,0.4,0.25,0,0,0.5333333333333333,15,1508.2602135580328,1542.3368990249853,-34.07668546695254,8.005457375030781,7.480938833570411,9.398745828698555,7.986917677993196,9.400339558573853,6.0,6.0,8.005457375030781,7.480938833570411,9.398745828698555,7.986917677993196,9.400339558573853,6.0,6.0,1
1426303,2024,Rajasthan Royals,Punjab Kings,"Barsapara Cricket Stadium, Guwahati",Rajasthan Royals,bat,0.5138888888888888,0.45491803278688525,0.4,0.4,0.5925925925925926,1,1,1.0,2,1557.820505942466,1452.2298324405515,105.59067350191458,8.005457375030781,7.480938833570411,9.398745828698555,7.986917677993196,9.400339558573853,6.0,6.0,8.005457375030781,7.480938833570411,9.398745828698555,7.986917677993196,9.400339558573853,6.0,6.0,0
1426305,2024,Lucknow Super Giants,Mumbai Indians,"Wankhede Stadium, Mumbai",Mumbai Indians,field,0.5476190476190477,0.5538461538461539,0.2,0.2,0.8,0,0,0.38636363636363635,44,1524.772622461392,1477.7515044106228,47.021118050769246,8.005457375030781,7.480938833570411,9.398745828698555,7.986917677993196,9.400339558573853,6.0,6.0,8.005457375030781,7.480938833570411,9.398745828698555,7.986917677993196,9.400339558573853,6.0,6.0,1
1426306,2024,Royal Challengers Bengaluru,Chennai Super Kings,"M Chinnaswamy Stadium, Bengaluru",Chennai Super Kings,field,0.488,0.5847457627118644,1.0,0.6,0.3225806451612903,0,0,0.5384615384615384,13,1534.6613597078947,1563.7227707613542,-29.06141105345955,8.005457375030781,7.480938833570411,9.398745828698555,7.986917677993196,9.400339558573853,6.0,6.0,8.005457375030781,7.480938833570411,9.398745828698555,7.986917677993196,9.400339558573853,6.0,6.0,1
1426307,2024,Punjab Kings,Sunrisers Hyderabad,"Rajiv Gandhi International Stadium, Uppal, Hyderabad",Punjab Kings,bat,0.45714285714285713,0.48314606741573035,0.6,0.4,0.3181818181818182,1,1,0.5833333333333334,12,1472.9480838899285,1485.4037900745595,-12.455706184631026,8.005457375030781,7.480938833570411,9.398745828698555,7.986917677993196,9.400339558573853,6.0,6.0,8.005457375030781,7.480938833570411,9.398745828698555,7.986917677993196,9.400339558573853,6.0,6.0,0
1426309,2024,Sunrisers Hyderabad,Kolkata Knight Riders,"Narendra Modi Stadium, Ahmedabad",Sunrisers Hyderabad,bat,0.4860335195530726,0.5180722891566265,0.6,0.8,0.34615384615384615,1,1,0.4090909090909091,22,1500.8304292234743,1582.4305560156195,-81.60012679214515,8.005457375030781,7.480938833570411,9.398745828698555,7.986917677993196,9.400339558573853,6.0,6.0,8.005457375030781,7.480938833570411,9.398745828698555,7.986917677993196,9.400339558573853,6.0,6.0,0
1426310,2024,Royal Challengers Bengaluru,Rajasthan Royals,"Narendra Modi Stadium, Ahmedabad",Rajasthan Royals,field,0.4900398406374502,0.511520737327189,1.0,0.2,0.5357142857142857,0,0,0.391304347826087,23,1551.99657462475,1537.102254493089,14.894320131661061,8.005457375030781,7.480938833570411,9.398745828698555,7.986917677993196,9.400339558573853,6.0,6.0,8.005457375030781,7.480938833570411,9.398745828698555,7.986917677993196,9.400339558573853,6.0,6.0,0
1426311,2024,Sunrisers Hyderabad,Rajasthan Royals,"MA Chidambaram Stadium, Chepauk, Chennai",Rajasthan Royals,field,0.48333333333333334,0.5137614678899083,0.6,0.2,0.5263157894736842,0,0,0.5,26,1488.5206499162307,1553.7877434094216,-65.26709349319094,8.005457375030781,7.480938833570411,9.398745828698555,7.986917677993196,9.400339558573853,6.0,6.0,8.005457375030781,7.480938833570411,9.398745828698555,7.986917677993196,9.400339558573853,6.0,6.0,1
1426312,2024,Sunrisers Hyderabad,Kolkata Knight Riders,"MA Chidambaram Stadium, Chepauk, Chennai",Sunrisers Hyderabad,bat,0.4861878453038674,0.52,0.6,1.0,0.3333333333333333,1,1,0.5185185185185185,27,1507.4914470499227,1594.740335322863,-87.24888827294035,8.005457375030781,7.480938833570411,9.398745828698555,7.986917677993196,9.400339558573853,6.0,6.0,8.005457375030781,7.480938833570411,9.398745828698555,7.986917677993196,9.400339558573853,6.0,6.0,0
